split_row_idx,video_stem,subject_id,g_group,split,class_name,class_idx,window_idx,start_frame,start_time_sec
0,HandWash_001_A_01_G01,1,G01,train,step1_palma_palma,0,0,0,0.0
1,HandWash_001_A_01_G01,1,G01,train,step1_palma_palma,0,1,8,0.5333
2,HandWash_001_A_01_G01,1,G01,train,step1_palma_palma,0,2,16,1.0667
3,HandWash_001_A_01_G01,1,G01,train,step1_palma_palma,0,3,24,1.6
4,HandWash_001_A_01_G01,1,G01,train,step1_palma_palma,0,4,32,2.1333
5,HandWash_001_A_01_G01,1,G01,train,step1_palma_palma,0,5,40,2.6667
6,HandWash_001_A_01_G01,1,G01,train,step1_palma_palma,0,6,48,3.2
7,HandWash_001_A_01_G01,1,G01,train,step1_palma_palma,0,7,56,3.7333
8,HandWash_001_A_01_G01,1,G01,train,step1_palma_palma,0,8,64,4.2667
9,HandWash_001_A_01_G01,1,G01,train,step1_palma_palma,0,9,72,4.8
10,HandWash_001_A_01_G01,1,G01,train,step1_palma_palma,0,10,80,5.3333
11,HandWash_001_A_01_G01,1,G01,train,step1_palma_palma,0,11,88,5.8667
12,HandWash_001_A_01_G01,1,G01,train,step1_palma_palma,0,12,96,6.4
13,HandWash_001_A_01_G01,1,G01,train,step1_palma_palma,0,13,104,6.9333
14,HandWash_001_A_01_G01,1,G01,train,step1_palma_palma,0,14,112,7.4667
15,HandWash_001_A_01_G01,1,G01,train,step1_palma_palma,0,15,120,8.0
16,HandWash_001_A_01_G01,1,G01,train,step1_palma_palma,0,16,128,8.5333
17,HandWash_001_A_01_G01,1,G01,train,step1_palma_palma,0,17,136,9.0667
0,HandWash_002_A_01_G01,2,G01,test,step1_palma_palma,0,0,0,0.0
1,HandWash_002_A_01_G01,2,G01,test,step1_palma_palma,0,1,15,1.0
2,HandWash_002_A_01_G01,2,G01,test,step1_palma_palma,0,2,30,2.0
3,HandWash_002_A_01_G01,2,G01,test,step1_palma_palma,0,3,45,3.0
4,HandWash_002_A_01_G01,2,G01,test,step1_palma_palma,0,4,60,4.0
5,HandWash_002_A_01_G01,2,G01,test,step1_palma_palma,0,5,75,5.0
6,HandWash_002_A_01_G01,2,G01,test,step1_palma_palma,0,6,90,6.0
7,HandWash_002_A_01_G01,2,G01,test,step1_palma_palma,0,7,105,7.0
8,HandWash_002_A_01_G01,2,G01,test,step1_palma_palma,0,8,120,8.0
9,HandWash_002_A_01_G01,2,G01,test,step1_palma_palma,0,9,135,9.0
18,HandWash_003_A_01_G01,3,G01,train,step1_palma_palma,0,0,0,0.0
19,HandWash_003_A_01_G01,3,G01,train,step1_palma_palma,0,1,8,0.5333
20,HandWash_003_A_01_G01,3,G01,train,step1_palma_palma,0,2,16,1.0667
21,HandWash_003_A_01_G01,3,G01,train,step1_palma_palma,0,3,24,1.6
22,HandWash_003_A_01_G01,3,G01,train,step1_palma_palma,0,4,32,2.1333
23,HandWash_003_A_01_G01,3,G01,train,step1_palma_palma,0,5,40,2.6667
24,HandWash_003_A_01_G01,3,G01,train,step1_palma_palma,0,6,48,3.2
25,HandWash_003_A_01_G01,3,G01,train,step1_palma_palma,0,7,56,3.7333
26,HandWash_003_A_01_G01,3,G01,train,step1_palma_palma,0,8,64,4.2667
27,HandWash_003_A_01_G01,3,G01,train,step1_palma_palma,0,9,72,4.8
28,HandWash_003_A_01_G01,3,G01,train,step1_palma_palma,0,10,80,5.3333
29,HandWash_003_A_01_G01,3,G01,train,step1_palma_palma,0,11,88,5.8667
30,HandWash_003_A_01_G01,3,G01,train,step1_palma_palma,0,12,96,6.4
31,HandWash_003_A_01_G01,3,G01,train,step1_palma_palma,0,13,104,6.9333
32,HandWash_003_A_01_G01,3,G01,train,step1_palma_palma,0,14,112,7.4667
33,HandWash_003_A_01_G01,3,G01,train,step1_palma_palma,0,15,120,8.0
34,HandWash_003_A_01_G01,3,G01,train,step1_palma_palma,0,16,128,8.5333
35,HandWash_003_A_01_G01,3,G01,train,step1_palma_palma,0,17,136,9.0667
36,HandWash_003_A_01_G01,3,G01,train,step1_palma_palma,0,18,144,9.6
37,HandWash_003_A_01_G01,3,G01,train,step1_palma_palma,0,19,152,10.1333
38,HandWash_003_A_01_G01,3,G01,train,step1_palma_palma,0,20,160,10.6667
39,HandWash_003_A_01_G01,3,G01,train,step1_palma_palma,0,21,168,11.2
40,HandWash_003_A_01_G01,3,G01,train,step1_palma_palma,0,22,176,11.7333
41,HandWash_003_A_01_G01,3,G01,train,step1_palma_palma,0,23,184,12.2667
42,HandWash_003_A_01_G01,3,G01,train,step1_palma_palma,0,24,192,12.8
43,HandWash_003_A_01_G01,3,G01,train,step1_palma_palma,0,25,200,13.3333
44,HandWash_003_A_01_G01,3,G01,train,step1_palma_palma,0,26,208,13.8667
45,HandWash_003_A_01_G01,3,G01,train,step1_palma_palma,0,27,216,14.4
46,HandWash_003_A_01_G01,3,G01,train,step1_palma_palma,0,28,224,14.9333
47,HandWash_003_A_01_G01,3,G01,train,step1_palma_palma,0,29,232,15.4667
48,HandWash_003_A_01_G01,3,G01,train,step1_palma_palma,0,30,240,16.0
0,HandWash_004_A_01_G01,4,G01,val,step1_palma_palma,0,0,0,0.0
1,HandWash_004_A_01_G01,4,G01,val,step1_palma_palma,0,1,15,1.0
2,HandWash_004_A_01_G01,4,G01,val,step1_palma_palma,0,2,30,2.0
3,HandWash_004_A_01_G01,4,G01,val,step1_palma_palma,0,3,45,3.0
4,HandWash_004_A_01_G01,4,G01,val,step1_palma_palma,0,4,60,4.0
5,HandWash_004_A_01_G01,4,G01,val,step1_palma_palma,0,5,75,5.0
6,HandWash_004_A_01_G01,4,G01,val,step1_palma_palma,0,6,90,6.0
7,HandWash_004_A_01_G01,4,G01,val,step1_palma_palma,0,7,105,7.0
8,HandWash_004_A_01_G01,4,G01,val,step1_palma_palma,0,8,120,8.0
9,HandWash_004_A_01_G01,4,G01,val,step1_palma_palma,0,9,135,9.0
10,HandWash_004_A_01_G01,4,G01,val,step1_palma_palma,0,10,150,10.0
11,HandWash_004_A_01_G01,4,G01,val,step1_palma_palma,0,11,165,11.0
12,HandWash_004_A_01_G01,4,G01,val,step1_palma_palma,0,12,180,12.0
13,HandWash_004_A_01_G01,4,G01,val,step1_palma_palma,0,13,195,13.0
14,HandWash_004_A_01_G01,4,G01,val,step1_palma_palma,0,14,210,14.0
15,HandWash_004_A_01_G01,4,G01,val,step1_palma_palma,0,15,225,15.0
16,HandWash_004_A_01_G01,4,G01,val,step1_palma_palma,0,16,240,16.0
17,HandWash_004_A_01_G01,4,G01,val,step1_palma_palma,0,17,255,17.0
18,HandWash_004_A_01_G01,4,G01,val,step1_palma_palma,0,18,270,18.0
49,HandWash_005_A_01_G01,5,G01,train,step1_palma_palma,0,0,0,0.0
50,HandWash_005_A_01_G01,5,G01,train,step1_palma_palma,0,1,8,0.5333
51,HandWash_005_A_01_G01,5,G01,train,step1_palma_palma,0,2,16,1.0667
52,HandWash_005_A_01_G01,5,G01,train,step1_palma_palma,0,3,24,1.6
53,HandWash_005_A_01_G01,5,G01,train,step1_palma_palma,0,4,32,2.1333
54,HandWash_005_A_01_G01,5,G01,train,step1_palma_palma,0,5,40,2.6667
55,HandWash_005_A_01_G01,5,G01,train,step1_palma_palma,0,6,48,3.2
56,HandWash_005_A_01_G01,5,G01,train,step1_palma_palma,0,7,56,3.7333
57,HandWash_005_A_01_G01,5,G01,train,step1_palma_palma,0,8,64,4.2667
58,HandWash_005_A_01_G01,5,G01,train,step1_palma_palma,0,9,72,4.8
59,HandWash_005_A_01_G01,5,G01,train,step1_palma_palma,0,10,80,5.3333
60,HandWash_005_A_01_G01,5,G01,train,step1_palma_palma,0,11,88,5.8667
61,HandWash_005_A_01_G01,5,G01,train,step1_palma_palma,0,12,96,6.4
62,HandWash_005_A_01_G01,5,G01,train,step1_palma_palma,0,13,104,6.9333
63,HandWash_005_A_01_G01,5,G01,train,step1_palma_palma,0,14,112,7.4667
64,HandWash_005_A_01_G01,5,G01,train,step1_palma_palma,0,15,120,8.0
65,HandWash_005_A_01_G01,5,G01,train,step1_palma_palma,0,16,128,8.5333
66,HandWash_005_A_01_G01,5,G01,train,step1_palma_palma,0,17,136,9.0667
67,HandWash_006_A_01_G01,6,G01,train,step1_palma_palma,0,0,0,0.0
68,HandWash_006_A_01_G01,6,G01,train,step1_palma_palma,0,1,8,0.5333
69,HandWash_006_A_01_G01,6,G01,train,step1_palma_palma,0,2,16,1.0667
70,HandWash_006_A_01_G01,6,G01,train,step1_palma_palma,0,3,24,1.6
71,HandWash_006_A_01_G01,6,G01,train,step1_palma_palma,0,4,32,2.1333
72,HandWash_006_A_01_G01,6,G01,train,step1_palma_palma,0,5,40,2.6667
73,HandWash_006_A_01_G01,6,G01,train,step1_palma_palma,0,6,48,3.2
74,HandWash_006_A_01_G01,6,G01,train,step1_palma_palma,0,7,56,3.7333
75,HandWash_006_A_01_G01,6,G01,train,step1_palma_palma,0,8,64,4.2667
76,HandWash_006_A_01_G01,6,G01,train,step1_palma_palma,0,9,72,4.8
77,HandWash_006_A_01_G01,6,G01,train,step1_palma_palma,0,10,80,5.3333
78,HandWash_006_A_01_G01,6,G01,train,step1_palma_palma,0,11,88,5.8667
79,HandWash_006_A_01_G01,6,G01,train,step1_palma_palma,0,12,96,6.4
80,HandWash_006_A_01_G01,6,G01,train,step1_palma_palma,0,13,104,6.9333
81,HandWash_006_A_01_G01,6,G01,train,step1_palma_palma,0,14,112,7.4667
82,HandWash_006_A_01_G01,6,G01,train,step1_palma_palma,0,15,120,8.0
83,HandWash_006_A_01_G01,6,G01,train,step1_palma_palma,0,16,128,8.5333
84,HandWash_006_A_01_G01,6,G01,train,step1_palma_palma,0,17,136,9.0667
85,HandWash_006_A_01_G01,6,G01,train,step1_palma_palma,0,18,144,9.6
86,HandWash_006_A_01_G01,6,G01,train,step1_palma_palma,0,19,152,10.1333
87,HandWash_006_A_01_G01,6,G01,train,step1_palma_palma,0,20,160,10.6667
88,HandWash_006_A_01_G01,6,G01,train,step1_palma_palma,0,21,168,11.2
89,HandWash_006_A_01_G01,6,G01,train,step1_palma_palma,0,22,176,11.7333
90,HandWash_006_A_01_G01,6,G01,train,step1_palma_palma,0,23,184,12.2667
91,HandWash_006_A_01_G01,6,G01,train,step1_palma_palma,0,24,192,12.8
92,HandWash_006_A_01_G01,6,G01,train,step1_palma_palma,0,25,200,13.3333
93,HandWash_006_A_01_G01,6,G01,train,step1_palma_palma,0,26,208,13.8667
94,HandWash_006_A_01_G01,6,G01,train,step1_palma_palma,0,27,216,14.4
95,HandWash_006_A_01_G01,6,G01,train,step1_palma_palma,0,28,224,14.9333
96,HandWash_006_A_01_G01,6,G01,train,step1_palma_palma,0,29,232,15.4667
97,HandWash_006_A_01_G01,6,G01,train,step1_palma_palma,0,30,240,16.0
10,HandWash_007_A_01_G01,7,G01,test,step1_palma_palma,0,0,0,0.0
11,HandWash_007_A_01_G01,7,G01,test,step1_palma_palma,0,1,15,1.0
12,HandWash_007_A_01_G01,7,G01,test,step1_palma_palma,0,2,30,2.0
13,HandWash_007_A_01_G01,7,G01,test,step1_palma_palma,0,3,45,3.0
14,HandWash_007_A_01_G01,7,G01,test,step1_palma_palma,0,4,60,4.0
15,HandWash_007_A_01_G01,7,G01,test,step1_palma_palma,0,5,75,5.0
16,HandWash_007_A_01_G01,7,G01,test,step1_palma_palma,0,6,90,6.0
17,HandWash_007_A_01_G01,7,G01,test,step1_palma_palma,0,7,105,7.0
18,HandWash_007_A_01_G01,7,G01,test,step1_palma_palma,0,8,120,8.0
19,HandWash_007_A_01_G01,7,G01,test,step1_palma_palma,0,9,135,9.0
20,HandWash_007_A_01_G01,7,G01,test,step1_palma_palma,0,10,150,10.0
21,HandWash_007_A_01_G01,7,G01,test,step1_palma_palma,0,11,165,11.0
22,HandWash_007_A_01_G01,7,G01,test,step1_palma_palma,0,12,180,12.0
23,HandWash_007_A_01_G01,7,G01,test,step1_palma_palma,0,13,195,13.0
24,HandWash_007_A_01_G01,7,G01,test,step1_palma_palma,0,14,210,14.0
25,HandWash_007_A_01_G01,7,G01,test,step1_palma_palma,0,15,225,15.0
26,HandWash_007_A_01_G01,7,G01,test,step1_palma_palma,0,16,240,16.0
27,HandWash_007_A_01_G01,7,G01,test,step1_palma_palma,0,17,255,17.0
28,HandWash_007_A_01_G01,7,G01,test,step1_palma_palma,0,18,270,18.0
29,HandWash_007_A_01_G01,7,G01,test,step1_palma_palma,0,19,285,19.0
30,HandWash_007_A_01_G01,7,G01,test,step1_palma_palma,0,20,300,20.0
98,HandWash_008_A_01_G01,8,G01,train,step1_palma_palma,0,0,0,0.0
99,HandWash_008_A_01_G01,8,G01,train,step1_palma_palma,0,1,8,0.5333
100,HandWash_008_A_01_G01,8,G01,train,step1_palma_palma,0,2,16,1.0667
101,HandWash_008_A_01_G01,8,G01,train,step1_palma_palma,0,3,24,1.6
102,HandWash_008_A_01_G01,8,G01,train,step1_palma_palma,0,4,32,2.1333
103,HandWash_008_A_01_G01,8,G01,train,step1_palma_palma,0,5,40,2.6667
104,HandWash_008_A_01_G01,8,G01,train,step1_palma_palma,0,6,48,3.2
105,HandWash_008_A_01_G01,8,G01,train,step1_palma_palma,0,7,56,3.7333
106,HandWash_008_A_01_G01,8,G01,train,step1_palma_palma,0,8,64,4.2667
107,HandWash_008_A_01_G01,8,G01,train,step1_palma_palma,0,9,72,4.8
108,HandWash_008_A_01_G01,8,G01,train,step1_palma_palma,0,10,80,5.3333
109,HandWash_008_A_01_G01,8,G01,train,step1_palma_palma,0,11,88,5.8667
110,HandWash_008_A_01_G01,8,G01,train,step1_palma_palma,0,12,96,6.4
111,HandWash_008_A_01_G01,8,G01,train,step1_palma_palma,0,13,104,6.9333
112,HandWash_008_A_01_G01,8,G01,train,step1_palma_palma,0,14,112,7.4667
113,HandWash_008_A_01_G01,8,G01,train,step1_palma_palma,0,15,120,8.0
114,HandWash_008_A_01_G01,8,G01,train,step1_palma_palma,0,16,128,8.5333
115,HandWash_008_A_01_G01,8,G01,train,step1_palma_palma,0,17,136,9.0667
116,HandWash_008_A_01_G01,8,G01,train,step1_palma_palma,0,18,144,9.6
117,HandWash_008_A_01_G01,8,G01,train,step1_palma_palma,0,19,152,10.1333
118,HandWash_008_A_01_G01,8,G01,train,step1_palma_palma,0,20,160,10.6667
119,HandWash_008_A_01_G01,8,G01,train,step1_palma_palma,0,21,168,11.2
120,HandWash_008_A_01_G01,8,G01,train,step1_palma_palma,0,22,176,11.7333
121,HandWash_008_A_01_G01,8,G01,train,step1_palma_palma,0,23,184,12.2667
122,HandWash_008_A_01_G01,8,G01,train,step1_palma_palma,0,24,192,12.8
123,HandWash_008_A_01_G01,8,G01,train,step1_palma_palma,0,25,200,13.3333
124,HandWash_008_A_01_G01,8,G01,train,step1_palma_palma,0,26,208,13.8667
125,HandWash_008_A_01_G01,8,G01,train,step1_palma_palma,0,27,216,14.4
126,HandWash_008_A_01_G01,8,G01,train,step1_palma_palma,0,28,224,14.9333
127,HandWash_008_A_01_G01,8,G01,train,step1_palma_palma,0,29,232,15.4667
128,HandWash_008_A_01_G01,8,G01,train,step1_palma_palma,0,30,240,16.0
129,HandWash_009_A_01_G02,9,G02,train,step1_palma_palma,0,0,0,0.0
130,HandWash_009_A_01_G02,9,G02,train,step1_palma_palma,0,1,8,0.5333
131,HandWash_009_A_01_G02,9,G02,train,step1_palma_palma,0,2,16,1.0667
132,HandWash_009_A_01_G02,9,G02,train,step1_palma_palma,0,3,24,1.6
133,HandWash_009_A_01_G02,9,G02,train,step1_palma_palma,0,4,32,2.1333
134,HandWash_009_A_01_G02,9,G02,train,step1_palma_palma,0,5,40,2.6667
135,HandWash_009_A_01_G02,9,G02,train,step1_palma_palma,0,6,48,3.2
136,HandWash_009_A_01_G02,9,G02,train,step1_palma_palma,0,7,56,3.7333
137,HandWash_009_A_01_G02,9,G02,train,step1_palma_palma,0,8,64,4.2667
138,HandWash_009_A_01_G02,9,G02,train,step1_palma_palma,0,9,72,4.8
139,HandWash_009_A_01_G02,9,G02,train,step1_palma_palma,0,10,80,5.3333
140,HandWash_009_A_01_G02,9,G02,train,step1_palma_palma,0,11,88,5.8667
141,HandWash_009_A_01_G02,9,G02,train,step1_palma_palma,0,12,96,6.4
142,HandWash_009_A_01_G02,9,G02,train,step1_palma_palma,0,13,104,6.9333
143,HandWash_009_A_01_G02,9,G02,train,step1_palma_palma,0,14,112,7.4667
144,HandWash_009_A_01_G02,9,G02,train,step1_palma_palma,0,15,120,8.0
145,HandWash_009_A_01_G02,9,G02,train,step1_palma_palma,0,16,128,8.5333
146,HandWash_009_A_01_G02,9,G02,train,step1_palma_palma,0,17,136,9.0667
147,HandWash_009_A_01_G02,9,G02,train,step1_palma_palma,0,18,144,9.6
148,HandWash_009_A_01_G02,9,G02,train,step1_palma_palma,0,19,152,10.1333
149,HandWash_009_A_01_G02,9,G02,train,step1_palma_palma,0,20,160,10.6667
150,HandWash_009_A_01_G02,9,G02,train,step1_palma_palma,0,21,168,11.2
151,HandWash_009_A_01_G02,9,G02,train,step1_palma_palma,0,22,176,11.7333
152,HandWash_009_A_01_G02,9,G02,train,step1_palma_palma,0,23,184,12.2667
153,HandWash_009_A_01_G02,9,G02,train,step1_palma_palma,0,24,192,12.8
154,HandWash_009_A_01_G02,9,G02,train,step1_palma_palma,0,25,200,13.3333
155,HandWash_009_A_01_G02,9,G02,train,step1_palma_palma,0,26,208,13.8667
156,HandWash_010_A_01_G02,10,G02,train,step1_palma_palma,0,0,0,0.0
157,HandWash_010_A_01_G02,10,G02,train,step1_palma_palma,0,1,8,0.5333
158,HandWash_010_A_01_G02,10,G02,train,step1_palma_palma,0,2,16,1.0667
159,HandWash_010_A_01_G02,10,G02,train,step1_palma_palma,0,3,24,1.6
160,HandWash_010_A_01_G02,10,G02,train,step1_palma_palma,0,4,32,2.1333
161,HandWash_010_A_01_G02,10,G02,train,step1_palma_palma,0,5,40,2.6667
162,HandWash_010_A_01_G02,10,G02,train,step1_palma_palma,0,6,48,3.2
163,HandWash_010_A_01_G02,10,G02,train,step1_palma_palma,0,7,56,3.7333
164,HandWash_010_A_01_G02,10,G02,train,step1_palma_palma,0,8,64,4.2667
165,HandWash_010_A_01_G02,10,G02,train,step1_palma_palma,0,9,72,4.8
166,HandWash_010_A_01_G02,10,G02,train,step1_palma_palma,0,10,80,5.3333
167,HandWash_010_A_01_G02,10,G02,train,step1_palma_palma,0,11,88,5.8667
168,HandWash_010_A_01_G02,10,G02,train,step1_palma_palma,0,12,96,6.4
169,HandWash_010_A_01_G02,10,G02,train,step1_palma_palma,0,13,104,6.9333
170,HandWash_010_A_01_G02,10,G02,train,step1_palma_palma,0,14,112,7.4667
171,HandWash_010_A_01_G02,10,G02,train,step1_palma_palma,0,15,120,8.0
172,HandWash_010_A_01_G02,10,G02,train,step1_palma_palma,0,16,128,8.5333
173,HandWash_010_A_01_G02,10,G02,train,step1_palma_palma,0,17,136,9.0667
174,HandWash_010_A_01_G02,10,G02,train,step1_palma_palma,0,18,144,9.6
175,HandWash_010_A_01_G02,10,G02,train,step1_palma_palma,0,19,152,10.1333
176,HandWash_010_A_01_G02,10,G02,train,step1_palma_palma,0,20,160,10.6667
177,HandWash_010_A_01_G02,10,G02,train,step1_palma_palma,0,21,168,11.2
178,HandWash_010_A_01_G02,10,G02,train,step1_palma_palma,0,22,176,11.7333
179,HandWash_010_A_01_G02,10,G02,train,step1_palma_palma,0,23,184,12.2667
180,HandWash_010_A_01_G02,10,G02,train,step1_palma_palma,0,24,192,12.8
181,HandWash_010_A_01_G02,10,G02,train,step1_palma_palma,0,25,200,13.3333
182,HandWash_011_A_01_G02,11,G02,train,step1_palma_palma,0,0,0,0.0
183,HandWash_011_A_01_G02,11,G02,train,step1_palma_palma,0,1,8,0.5333
184,HandWash_011_A_01_G02,11,G02,train,step1_palma_palma,0,2,16,1.0667
185,HandWash_011_A_01_G02,11,G02,train,step1_palma_palma,0,3,24,1.6
186,HandWash_011_A_01_G02,11,G02,train,step1_palma_palma,0,4,32,2.1333
187,HandWash_011_A_01_G02,11,G02,train,step1_palma_palma,0,5,40,2.6667
188,HandWash_011_A_01_G02,11,G02,train,step1_palma_palma,0,6,48,3.2
189,HandWash_011_A_01_G02,11,G02,train,step1_palma_palma,0,7,56,3.7333
190,HandWash_011_A_01_G02,11,G02,train,step1_palma_palma,0,8,64,4.2667
191,HandWash_011_A_01_G02,11,G02,train,step1_palma_palma,0,9,72,4.8
192,HandWash_011_A_01_G02,11,G02,train,step1_palma_palma,0,10,80,5.3333
193,HandWash_011_A_01_G02,11,G02,train,step1_palma_palma,0,11,88,5.8667
194,HandWash_011_A_01_G02,11,G02,train,step1_palma_palma,0,12,96,6.4
195,HandWash_011_A_01_G02,11,G02,train,step1_palma_palma,0,13,104,6.9333
196,HandWash_011_A_01_G02,11,G02,train,step1_palma_palma,0,14,112,7.4667
197,HandWash_011_A_01_G02,11,G02,train,step1_palma_palma,0,15,120,8.0
198,HandWash_011_A_01_G02,11,G02,train,step1_palma_palma,0,16,128,8.5333
199,HandWash_011_A_01_G02,11,G02,train,step1_palma_palma,0,17,136,9.0667
200,HandWash_011_A_01_G02,11,G02,train,step1_palma_palma,0,18,144,9.6
201,HandWash_011_A_01_G02,11,G02,train,step1_palma_palma,0,19,152,10.1333
202,HandWash_011_A_01_G02,11,G02,train,step1_palma_palma,0,20,160,10.6667
203,HandWash_011_A_01_G02,11,G02,train,step1_palma_palma,0,21,168,11.2
204,HandWash_011_A_01_G02,11,G02,train,step1_palma_palma,0,22,176,11.7333
205,HandWash_011_A_01_G02,11,G02,train,step1_palma_palma,0,23,184,12.2667
206,HandWash_011_A_01_G02,11,G02,train,step1_palma_palma,0,24,192,12.8
207,HandWash_011_A_01_G02,11,G02,train,step1_palma_palma,0,25,200,13.3333
208,HandWash_011_A_01_G02,11,G02,train,step1_palma_palma,0,26,208,13.8667
209,HandWash_011_A_01_G02,11,G02,train,step1_palma_palma,0,27,216,14.4
210,HandWash_011_A_01_G02,11,G02,train,step1_palma_palma,0,28,224,14.9333
211,HandWash_011_A_01_G02,11,G02,train,step1_palma_palma,0,29,232,15.4667
212,HandWash_011_A_01_G02,11,G02,train,step1_palma_palma,0,30,240,16.0
213,HandWash_011_A_01_G02,11,G02,train,step1_palma_palma,0,31,248,16.5333
214,HandWash_011_A_01_G02,11,G02,train,step1_palma_palma,0,32,256,17.0667
215,HandWash_011_A_01_G02,11,G02,train,step1_palma_palma,0,33,264,17.6
216,HandWash_011_A_01_G02,11,G02,train,step1_palma_palma,0,34,272,18.1333
217,HandWash_011_A_01_G02,11,G02,train,step1_palma_palma,0,35,280,18.6667
218,HandWash_011_A_01_G02,11,G02,train,step1_palma_palma,0,36,288,19.2
219,HandWash_011_A_01_G02,11,G02,train,step1_palma_palma,0,37,296,19.7333
220,HandWash_011_A_01_G02,11,G02,train,step1_palma_palma,0,38,304,20.2667
221,HandWash_012_A_01_G03,12,G03,train,step1_palma_palma,0,0,0,0.0
222,HandWash_012_A_01_G03,12,G03,train,step1_palma_palma,0,1,8,0.5333
223,HandWash_012_A_01_G03,12,G03,train,step1_palma_palma,0,2,16,1.0667
224,HandWash_012_A_01_G03,12,G03,train,step1_palma_palma,0,3,24,1.6
225,HandWash_012_A_01_G03,12,G03,train,step1_palma_palma,0,4,32,2.1333
226,HandWash_012_A_01_G03,12,G03,train,step1_palma_palma,0,5,40,2.6667
227,HandWash_012_A_01_G03,12,G03,train,step1_palma_palma,0,6,48,3.2
228,HandWash_012_A_01_G03,12,G03,train,step1_palma_palma,0,7,56,3.7333
229,HandWash_012_A_01_G03,12,G03,train,step1_palma_palma,0,8,64,4.2667
230,HandWash_012_A_01_G03,12,G03,train,step1_palma_palma,0,9,72,4.8
231,HandWash_012_A_01_G03,12,G03,train,step1_palma_palma,0,10,80,5.3333
232,HandWash_012_A_01_G03,12,G03,train,step1_palma_palma,0,11,88,5.8667
233,HandWash_012_A_01_G03,12,G03,train,step1_palma_palma,0,12,96,6.4
234,HandWash_012_A_01_G03,12,G03,train,step1_palma_palma,0,13,104,6.9333
235,HandWash_012_A_01_G03,12,G03,train,step1_palma_palma,0,14,112,7.4667
236,HandWash_012_A_01_G03,12,G03,train,step1_palma_palma,0,15,120,8.0
237,HandWash_012_A_01_G03,12,G03,train,step1_palma_palma,0,16,128,8.5333
238,HandWash_012_A_01_G03,12,G03,train,step1_palma_palma,0,17,136,9.0667
239,HandWash_012_A_01_G03,12,G03,train,step1_palma_palma,0,18,144,9.6
240,HandWash_012_A_01_G03,12,G03,train,step1_palma_palma,0,19,152,10.1333
241,HandWash_012_A_01_G03,12,G03,train,step1_palma_palma,0,20,160,10.6667
242,HandWash_012_A_01_G03,12,G03,train,step1_palma_palma,0,21,168,11.2
243,HandWash_012_A_01_G03,12,G03,train,step1_palma_palma,0,22,176,11.7333
244,HandWash_012_A_01_G03,12,G03,train,step1_palma_palma,0,23,184,12.2667
245,HandWash_012_A_01_G03,12,G03,train,step1_palma_palma,0,24,192,12.8
246,HandWash_012_A_01_G03,12,G03,train,step1_palma_palma,0,25,200,13.3333
247,HandWash_012_A_01_G03,12,G03,train,step1_palma_palma,0,26,208,13.8667
248,HandWash_012_A_01_G03,12,G03,train,step1_palma_palma,0,27,216,14.4
249,HandWash_012_A_01_G03,12,G03,train,step1_palma_palma,0,28,224,14.9333
250,HandWash_012_A_01_G03,12,G03,train,step1_palma_palma,0,29,232,15.4667
31,HandWash_013_A_01_G03,13,G03,test,step1_palma_palma,0,0,0,0.0
32,HandWash_013_A_01_G03,13,G03,test,step1_palma_palma,0,1,15,1.0
33,HandWash_013_A_01_G03,13,G03,test,step1_palma_palma,0,2,30,2.0
34,HandWash_013_A_01_G03,13,G03,test,step1_palma_palma,0,3,45,3.0
35,HandWash_013_A_01_G03,13,G03,test,step1_palma_palma,0,4,60,4.0
36,HandWash_013_A_01_G03,13,G03,test,step1_palma_palma,0,5,75,5.0
37,HandWash_013_A_01_G03,13,G03,test,step1_palma_palma,0,6,90,6.0
38,HandWash_013_A_01_G03,13,G03,test,step1_palma_palma,0,7,105,7.0
39,HandWash_013_A_01_G03,13,G03,test,step1_palma_palma,0,8,120,8.0
40,HandWash_013_A_01_G03,13,G03,test,step1_palma_palma,0,9,135,9.0
41,HandWash_013_A_01_G03,13,G03,test,step1_palma_palma,0,10,150,10.0
42,HandWash_013_A_01_G03,13,G03,test,step1_palma_palma,0,11,165,11.0
43,HandWash_013_A_01_G03,13,G03,test,step1_palma_palma,0,12,180,12.0
44,HandWash_013_A_01_G03,13,G03,test,step1_palma_palma,0,13,195,13.0
251,HandWash_014_A_01_G03,14,G03,train,step1_palma_palma,0,0,0,0.0
252,HandWash_014_A_01_G03,14,G03,train,step1_palma_palma,0,1,8,0.5333
253,HandWash_014_A_01_G03,14,G03,train,step1_palma_palma,0,2,16,1.0667
254,HandWash_014_A_01_G03,14,G03,train,step1_palma_palma,0,3,24,1.6
255,HandWash_014_A_01_G03,14,G03,train,step1_palma_palma,0,4,32,2.1333
256,HandWash_014_A_01_G03,14,G03,train,step1_palma_palma,0,5,40,2.6667
257,HandWash_014_A_01_G03,14,G03,train,step1_palma_palma,0,6,48,3.2
258,HandWash_014_A_01_G03,14,G03,train,step1_palma_palma,0,7,56,3.7333
259,HandWash_014_A_01_G03,14,G03,train,step1_palma_palma,0,8,64,4.2667
260,HandWash_014_A_01_G03,14,G03,train,step1_palma_palma,0,9,72,4.8
261,HandWash_014_A_01_G03,14,G03,train,step1_palma_palma,0,10,80,5.3333
262,HandWash_014_A_01_G03,14,G03,train,step1_palma_palma,0,11,88,5.8667
263,HandWash_014_A_01_G03,14,G03,train,step1_palma_palma,0,12,96,6.4
264,HandWash_014_A_01_G03,14,G03,train,step1_palma_palma,0,13,104,6.9333
265,HandWash_014_A_01_G03,14,G03,train,step1_palma_palma,0,14,112,7.4667
266,HandWash_014_A_01_G03,14,G03,train,step1_palma_palma,0,15,120,8.0
267,HandWash_014_A_01_G03,14,G03,train,step1_palma_palma,0,16,128,8.5333
268,HandWash_014_A_01_G03,14,G03,train,step1_palma_palma,0,17,136,9.0667
269,HandWash_014_A_01_G03,14,G03,train,step1_palma_palma,0,18,144,9.6
270,HandWash_014_A_01_G03,14,G03,train,step1_palma_palma,0,19,152,10.1333
271,HandWash_014_A_01_G03,14,G03,train,step1_palma_palma,0,20,160,10.6667
272,HandWash_014_A_01_G03,14,G03,train,step1_palma_palma,0,21,168,11.2
273,HandWash_014_A_01_G03,14,G03,train,step1_palma_palma,0,22,176,11.7333
274,HandWash_014_A_01_G03,14,G03,train,step1_palma_palma,0,23,184,12.2667
275,HandWash_014_A_01_G03,14,G03,train,step1_palma_palma,0,24,192,12.8
276,HandWash_014_A_01_G03,14,G03,train,step1_palma_palma,0,25,200,13.3333
277,HandWash_014_A_01_G03,14,G03,train,step1_palma_palma,0,26,208,13.8667
278,HandWash_014_A_01_G03,14,G03,train,step1_palma_palma,0,27,216,14.4
279,HandWash_014_A_01_G03,14,G03,train,step1_palma_palma,0,28,224,14.9333
280,HandWash_014_A_01_G03,14,G03,train,step1_palma_palma,0,29,232,15.4667
281,HandWash_014_A_01_G03,14,G03,train,step1_palma_palma,0,30,240,16.0
282,HandWash_014_A_01_G03,14,G03,train,step1_palma_palma,0,31,248,16.5333
283,HandWash_014_A_01_G03,14,G03,train,step1_palma_palma,0,32,256,17.0667
284,HandWash_014_A_01_G03,14,G03,train,step1_palma_palma,0,33,264,17.6
285,HandWash_014_A_01_G03,14,G03,train,step1_palma_palma,0,34,272,18.1333
286,HandWash_015_A_01_G04,15,G04,train,step1_palma_palma,0,0,0,0.0
287,HandWash_015_A_01_G04,15,G04,train,step1_palma_palma,0,1,8,0.5333
288,HandWash_015_A_01_G04,15,G04,train,step1_palma_palma,0,2,16,1.0667
289,HandWash_015_A_01_G04,15,G04,train,step1_palma_palma,0,3,24,1.6
290,HandWash_015_A_01_G04,15,G04,train,step1_palma_palma,0,4,32,2.1333
291,HandWash_015_A_01_G04,15,G04,train,step1_palma_palma,0,5,40,2.6667
292,HandWash_015_A_01_G04,15,G04,train,step1_palma_palma,0,6,48,3.2
293,HandWash_015_A_01_G04,15,G04,train,step1_palma_palma,0,7,56,3.7333
294,HandWash_015_A_01_G04,15,G04,train,step1_palma_palma,0,8,64,4.2667
295,HandWash_015_A_01_G04,15,G04,train,step1_palma_palma,0,9,72,4.8
296,HandWash_015_A_01_G04,15,G04,train,step1_palma_palma,0,10,80,5.3333
297,HandWash_015_A_01_G04,15,G04,train,step1_palma_palma,0,11,88,5.8667
298,HandWash_015_A_01_G04,15,G04,train,step1_palma_palma,0,12,96,6.4
299,HandWash_015_A_01_G04,15,G04,train,step1_palma_palma,0,13,104,6.9333
300,HandWash_015_A_01_G04,15,G04,train,step1_palma_palma,0,14,112,7.4667
301,HandWash_015_A_01_G04,15,G04,train,step1_palma_palma,0,15,120,8.0
302,HandWash_015_A_01_G04,15,G04,train,step1_palma_palma,0,16,128,8.5333
303,HandWash_015_A_01_G04,15,G04,train,step1_palma_palma,0,17,136,9.0667
304,HandWash_015_A_01_G04,15,G04,train,step1_palma_palma,0,18,144,9.6
305,HandWash_015_A_01_G04,15,G04,train,step1_palma_palma,0,19,152,10.1333
306,HandWash_015_A_01_G04,15,G04,train,step1_palma_palma,0,20,160,10.6667
307,HandWash_015_A_01_G04,15,G04,train,step1_palma_palma,0,21,168,11.2
308,HandWash_015_A_01_G04,15,G04,train,step1_palma_palma,0,22,176,11.7333
309,HandWash_015_A_01_G04,15,G04,train,step1_palma_palma,0,23,184,12.2667
310,HandWash_015_A_01_G04,15,G04,train,step1_palma_palma,0,24,192,12.8
311,HandWash_015_A_01_G04,15,G04,train,step1_palma_palma,0,25,200,13.3333
312,HandWash_015_A_01_G04,15,G04,train,step1_palma_palma,0,26,208,13.8667
313,HandWash_015_A_01_G04,15,G04,train,step1_palma_palma,0,27,216,14.4
314,HandWash_015_A_01_G04,15,G04,train,step1_palma_palma,0,28,224,14.9333
315,HandWash_015_A_01_G04,15,G04,train,step1_palma_palma,0,29,232,15.4667
316,HandWash_015_A_01_G04,15,G04,train,step1_palma_palma,0,30,240,16.0
19,HandWash_016_A_01_G04,16,G04,val,step1_palma_palma,0,0,0,0.0
20,HandWash_016_A_01_G04,16,G04,val,step1_palma_palma,0,1,15,1.0
21,HandWash_016_A_01_G04,16,G04,val,step1_palma_palma,0,2,30,2.0
22,HandWash_016_A_01_G04,16,G04,val,step1_palma_palma,0,3,45,3.0
23,HandWash_016_A_01_G04,16,G04,val,step1_palma_palma,0,4,60,4.0
24,HandWash_016_A_01_G04,16,G04,val,step1_palma_palma,0,5,75,5.0
25,HandWash_016_A_01_G04,16,G04,val,step1_palma_palma,0,6,90,6.0
26,HandWash_016_A_01_G04,16,G04,val,step1_palma_palma,0,7,105,7.0
27,HandWash_016_A_01_G04,16,G04,val,step1_palma_palma,0,8,120,8.0
28,HandWash_016_A_01_G04,16,G04,val,step1_palma_palma,0,9,135,9.0
29,HandWash_016_A_01_G04,16,G04,val,step1_palma_palma,0,10,150,10.0
30,HandWash_016_A_01_G04,16,G04,val,step1_palma_palma,0,11,165,11.0
31,HandWash_016_A_01_G04,16,G04,val,step1_palma_palma,0,12,180,12.0
32,HandWash_016_A_01_G04,16,G04,val,step1_palma_palma,0,13,195,13.0
33,HandWash_016_A_01_G04,16,G04,val,step1_palma_palma,0,14,210,14.0
34,HandWash_016_A_01_G04,16,G04,val,step1_palma_palma,0,15,225,15.0
35,HandWash_016_A_01_G04,16,G04,val,step1_palma_palma,0,16,240,16.0
36,HandWash_016_A_01_G04,16,G04,val,step1_palma_palma,0,17,255,17.0
37,HandWash_016_A_01_G04,16,G04,val,step1_palma_palma,0,18,270,18.0
317,HandWash_017_A_01_G04,17,G04,train,step1_palma_palma,0,0,0,0.0
318,HandWash_017_A_01_G04,17,G04,train,step1_palma_palma,0,1,8,0.5333
319,HandWash_017_A_01_G04,17,G04,train,step1_palma_palma,0,2,16,1.0667
320,HandWash_017_A_01_G04,17,G04,train,step1_palma_palma,0,3,24,1.6
321,HandWash_017_A_01_G04,17,G04,train,step1_palma_palma,0,4,32,2.1333
322,HandWash_017_A_01_G04,17,G04,train,step1_palma_palma,0,5,40,2.6667
323,HandWash_017_A_01_G04,17,G04,train,step1_palma_palma,0,6,48,3.2
324,HandWash_017_A_01_G04,17,G04,train,step1_palma_palma,0,7,56,3.7333
325,HandWash_017_A_01_G04,17,G04,train,step1_palma_palma,0,8,64,4.2667
326,HandWash_017_A_01_G04,17,G04,train,step1_palma_palma,0,9,72,4.8
327,HandWash_017_A_01_G04,17,G04,train,step1_palma_palma,0,10,80,5.3333
328,HandWash_017_A_01_G04,17,G04,train,step1_palma_palma,0,11,88,5.8667
329,HandWash_017_A_01_G04,17,G04,train,step1_palma_palma,0,12,96,6.4
330,HandWash_017_A_01_G04,17,G04,train,step1_palma_palma,0,13,104,6.9333
331,HandWash_017_A_01_G04,17,G04,train,step1_palma_palma,0,14,112,7.4667
332,HandWash_017_A_01_G04,17,G04,train,step1_palma_palma,0,15,120,8.0
333,HandWash_017_A_01_G04,17,G04,train,step1_palma_palma,0,16,128,8.5333
334,HandWash_017_A_01_G04,17,G04,train,step1_palma_palma,0,17,136,9.0667
335,HandWash_018_A_01_G05,18,G05,train,step1_palma_palma,0,0,0,0.0
336,HandWash_018_A_01_G05,18,G05,train,step1_palma_palma,0,1,8,0.5333
337,HandWash_018_A_01_G05,18,G05,train,step1_palma_palma,0,2,16,1.0667
338,HandWash_018_A_01_G05,18,G05,train,step1_palma_palma,0,3,24,1.6
339,HandWash_018_A_01_G05,18,G05,train,step1_palma_palma,0,4,32,2.1333
340,HandWash_018_A_01_G05,18,G05,train,step1_palma_palma,0,5,40,2.6667
341,HandWash_018_A_01_G05,18,G05,train,step1_palma_palma,0,6,48,3.2
342,HandWash_018_A_01_G05,18,G05,train,step1_palma_palma,0,7,56,3.7333
343,HandWash_018_A_01_G05,18,G05,train,step1_palma_palma,0,8,64,4.2667
344,HandWash_018_A_01_G05,18,G05,train,step1_palma_palma,0,9,72,4.8
345,HandWash_018_A_01_G05,18,G05,train,step1_palma_palma,0,10,80,5.3333
346,HandWash_018_A_01_G05,18,G05,train,step1_palma_palma,0,11,88,5.8667
347,HandWash_018_A_01_G05,18,G05,train,step1_palma_palma,0,12,96,6.4
348,HandWash_018_A_01_G05,18,G05,train,step1_palma_palma,0,13,104,6.9333
349,HandWash_018_A_01_G05,18,G05,train,step1_palma_palma,0,14,112,7.4667
350,HandWash_018_A_01_G05,18,G05,train,step1_palma_palma,0,15,120,8.0
351,HandWash_018_A_01_G05,18,G05,train,step1_palma_palma,0,16,128,8.5333
45,HandWash_019_A_01_G05,19,G05,test,step1_palma_palma,0,0,0,0.0
46,HandWash_019_A_01_G05,19,G05,test,step1_palma_palma,0,1,15,1.0
47,HandWash_019_A_01_G05,19,G05,test,step1_palma_palma,0,2,30,2.0
48,HandWash_019_A_01_G05,19,G05,test,step1_palma_palma,0,3,45,3.0
49,HandWash_019_A_01_G05,19,G05,test,step1_palma_palma,0,4,60,4.0
50,HandWash_019_A_01_G05,19,G05,test,step1_palma_palma,0,5,75,5.0
51,HandWash_019_A_01_G05,19,G05,test,step1_palma_palma,0,6,90,6.0
52,HandWash_019_A_01_G05,19,G05,test,step1_palma_palma,0,7,105,7.0
53,HandWash_019_A_01_G05,19,G05,test,step1_palma_palma,0,8,120,8.0
352,HandWash_020_A_01_G05,20,G05,train,step1_palma_palma,0,0,0,0.0
353,HandWash_020_A_01_G05,20,G05,train,step1_palma_palma,0,1,8,0.5333
354,HandWash_020_A_01_G05,20,G05,train,step1_palma_palma,0,2,16,1.0667
355,HandWash_020_A_01_G05,20,G05,train,step1_palma_palma,0,3,24,1.6
356,HandWash_020_A_01_G05,20,G05,train,step1_palma_palma,0,4,32,2.1333
357,HandWash_020_A_01_G05,20,G05,train,step1_palma_palma,0,5,40,2.6667
358,HandWash_020_A_01_G05,20,G05,train,step1_palma_palma,0,6,48,3.2
359,HandWash_020_A_01_G05,20,G05,train,step1_palma_palma,0,7,56,3.7333
360,HandWash_020_A_01_G05,20,G05,train,step1_palma_palma,0,8,64,4.2667
361,HandWash_020_A_01_G05,20,G05,train,step1_palma_palma,0,9,72,4.8
362,HandWash_020_A_01_G05,20,G05,train,step1_palma_palma,0,10,80,5.3333
363,HandWash_020_A_01_G05,20,G05,train,step1_palma_palma,0,11,88,5.8667
364,HandWash_020_A_01_G05,20,G05,train,step1_palma_palma,0,12,96,6.4
365,HandWash_020_A_01_G05,20,G05,train,step1_palma_palma,0,13,104,6.9333
366,HandWash_020_A_01_G05,20,G05,train,step1_palma_palma,0,14,112,7.4667
367,HandWash_020_A_01_G05,20,G05,train,step1_palma_palma,0,15,120,8.0
38,HandWash_021_A_01_G05,21,G05,val,step1_palma_palma,0,0,0,0.0
39,HandWash_021_A_01_G05,21,G05,val,step1_palma_palma,0,1,15,1.0
40,HandWash_021_A_01_G05,21,G05,val,step1_palma_palma,0,2,30,2.0
41,HandWash_021_A_01_G05,21,G05,val,step1_palma_palma,0,3,45,3.0
42,HandWash_021_A_01_G05,21,G05,val,step1_palma_palma,0,4,60,4.0
43,HandWash_021_A_01_G05,21,G05,val,step1_palma_palma,0,5,75,5.0
44,HandWash_021_A_01_G05,21,G05,val,step1_palma_palma,0,6,90,6.0
45,HandWash_021_A_01_G05,21,G05,val,step1_palma_palma,0,7,105,7.0
46,HandWash_021_A_01_G05,21,G05,val,step1_palma_palma,0,8,120,8.0
47,HandWash_021_A_01_G05,21,G05,val,step1_palma_palma,0,9,135,9.0
48,HandWash_021_A_01_G05,21,G05,val,step1_palma_palma,0,10,150,10.0
49,HandWash_021_A_01_G05,21,G05,val,step1_palma_palma,0,11,165,11.0
50,HandWash_021_A_01_G05,21,G05,val,step1_palma_palma,0,12,180,12.0
51,HandWash_021_A_01_G05,21,G05,val,step1_palma_palma,0,13,195,13.0
52,HandWash_021_A_01_G05,21,G05,val,step1_palma_palma,0,14,210,14.0
53,HandWash_022_A_01_G05,22,G05,val,step1_palma_palma,0,0,0,0.0
54,HandWash_022_A_01_G05,22,G05,val,step1_palma_palma,0,1,15,1.0
55,HandWash_022_A_01_G05,22,G05,val,step1_palma_palma,0,2,30,2.0
56,HandWash_022_A_01_G05,22,G05,val,step1_palma_palma,0,3,45,3.0
57,HandWash_022_A_01_G05,22,G05,val,step1_palma_palma,0,4,60,4.0
58,HandWash_022_A_01_G05,22,G05,val,step1_palma_palma,0,5,75,5.0
59,HandWash_022_A_01_G05,22,G05,val,step1_palma_palma,0,6,90,6.0
60,HandWash_022_A_01_G05,22,G05,val,step1_palma_palma,0,7,105,7.0
61,HandWash_022_A_01_G05,22,G05,val,step1_palma_palma,0,8,120,8.0
62,HandWash_022_A_01_G05,22,G05,val,step1_palma_palma,0,9,135,9.0
63,HandWash_022_A_01_G05,22,G05,val,step1_palma_palma,0,10,150,10.0
64,HandWash_022_A_01_G05,22,G05,val,step1_palma_palma,0,11,165,11.0
368,HandWash_023_A_01_G05,23,G05,train,step1_palma_palma,0,0,0,0.0
369,HandWash_023_A_01_G05,23,G05,train,step1_palma_palma,0,1,8,0.5333
370,HandWash_023_A_01_G05,23,G05,train,step1_palma_palma,0,2,16,1.0667
371,HandWash_023_A_01_G05,23,G05,train,step1_palma_palma,0,3,24,1.6
372,HandWash_023_A_01_G05,23,G05,train,step1_palma_palma,0,4,32,2.1333
373,HandWash_023_A_01_G05,23,G05,train,step1_palma_palma,0,5,40,2.6667
374,HandWash_023_A_01_G05,23,G05,train,step1_palma_palma,0,6,48,3.2
375,HandWash_023_A_01_G05,23,G05,train,step1_palma_palma,0,7,56,3.7333
376,HandWash_023_A_01_G05,23,G05,train,step1_palma_palma,0,8,64,4.2667
377,HandWash_023_A_01_G05,23,G05,train,step1_palma_palma,0,9,72,4.8
378,HandWash_023_A_01_G05,23,G05,train,step1_palma_palma,0,10,80,5.3333
379,HandWash_023_A_01_G05,23,G05,train,step1_palma_palma,0,11,88,5.8667
380,HandWash_023_A_01_G05,23,G05,train,step1_palma_palma,0,12,96,6.4
381,HandWash_023_A_01_G05,23,G05,train,step1_palma_palma,0,13,104,6.9333
382,HandWash_023_A_01_G05,23,G05,train,step1_palma_palma,0,14,112,7.4667
383,HandWash_023_A_01_G05,23,G05,train,step1_palma_palma,0,15,120,8.0
384,HandWash_023_A_01_G05,23,G05,train,step1_palma_palma,0,16,128,8.5333
385,HandWash_023_A_01_G05,23,G05,train,step1_palma_palma,0,17,136,9.0667
386,HandWash_023_A_01_G05,23,G05,train,step1_palma_palma,0,18,144,9.6
387,HandWash_023_A_01_G05,23,G05,train,step1_palma_palma,0,19,152,10.1333
388,HandWash_023_A_01_G05,23,G05,train,step1_palma_palma,0,20,160,10.6667
389,HandWash_023_A_01_G05,23,G05,train,step1_palma_palma,0,21,168,11.2
390,HandWash_023_A_01_G05,23,G05,train,step1_palma_palma,0,22,176,11.7333
391,HandWash_023_A_01_G05,23,G05,train,step1_palma_palma,0,23,184,12.2667
392,HandWash_023_A_01_G05,23,G05,train,step1_palma_palma,0,24,192,12.8
393,HandWash_023_A_01_G05,23,G05,train,step1_palma_palma,0,25,200,13.3333
394,HandWash_023_A_01_G05,23,G05,train,step1_palma_palma,0,26,208,13.8667
395,HandWash_023_A_01_G05,23,G05,train,step1_palma_palma,0,27,216,14.4
396,HandWash_023_A_01_G05,23,G05,train,step1_palma_palma,0,28,224,14.9333
397,HandWash_023_A_01_G05,23,G05,train,step1_palma_palma,0,29,232,15.4667
54,HandWash_024_A_01_G05,24,G05,test,step1_palma_palma,0,0,0,0.0
55,HandWash_024_A_01_G05,24,G05,test,step1_palma_palma,0,1,15,1.0
56,HandWash_024_A_01_G05,24,G05,test,step1_palma_palma,0,2,30,2.0
57,HandWash_024_A_01_G05,24,G05,test,step1_palma_palma,0,3,45,3.0
58,HandWash_024_A_01_G05,24,G05,test,step1_palma_palma,0,4,60,4.0
59,HandWash_024_A_01_G05,24,G05,test,step1_palma_palma,0,5,75,5.0
60,HandWash_024_A_01_G05,24,G05,test,step1_palma_palma,0,6,90,6.0
61,HandWash_024_A_01_G05,24,G05,test,step1_palma_palma,0,7,105,7.0
62,HandWash_024_A_01_G05,24,G05,test,step1_palma_palma,0,8,120,8.0
63,HandWash_024_A_01_G05,24,G05,test,step1_palma_palma,0,9,135,9.0
64,HandWash_024_A_01_G05,24,G05,test,step1_palma_palma,0,10,150,10.0
65,HandWash_024_A_01_G05,24,G05,test,step1_palma_palma,0,11,165,11.0
398,HandWash_025_A_01_G05,25,G05,train,step1_palma_palma,0,0,0,0.0
399,HandWash_025_A_01_G05,25,G05,train,step1_palma_palma,0,1,8,0.5333
400,HandWash_025_A_01_G05,25,G05,train,step1_palma_palma,0,2,16,1.0667
401,HandWash_025_A_01_G05,25,G05,train,step1_palma_palma,0,3,24,1.6
402,HandWash_025_A_01_G05,25,G05,train,step1_palma_palma,0,4,32,2.1333
403,HandWash_025_A_01_G05,25,G05,train,step1_palma_palma,0,5,40,2.6667
404,HandWash_025_A_01_G05,25,G05,train,step1_palma_palma,0,6,48,3.2
405,HandWash_025_A_01_G05,25,G05,train,step1_palma_palma,0,7,56,3.7333
406,HandWash_025_A_01_G05,25,G05,train,step1_palma_palma,0,8,64,4.2667
407,HandWash_025_A_01_G05,25,G05,train,step1_palma_palma,0,9,72,4.8
408,HandWash_025_A_01_G05,25,G05,train,step1_palma_palma,0,10,80,5.3333
409,HandWash_025_A_01_G05,25,G05,train,step1_palma_palma,0,11,88,5.8667
410,HandWash_025_A_01_G05,25,G05,train,step1_palma_palma,0,12,96,6.4
411,HandWash_025_A_01_G05,25,G05,train,step1_palma_palma,0,13,104,6.9333
412,HandWash_025_A_01_G05,25,G05,train,step1_palma_palma,0,14,112,7.4667
413,HandWash_025_A_01_G05,25,G05,train,step1_palma_palma,0,15,120,8.0
414,HandWash_001_A_02_G_01,1,G01,train,step2_palma_dorso,1,0,0,0.0
415,HandWash_001_A_02_G_01,1,G01,train,step2_palma_dorso,1,1,8,0.5333
416,HandWash_001_A_02_G_01,1,G01,train,step2_palma_dorso,1,2,16,1.0667
417,HandWash_001_A_02_G_01,1,G01,train,step2_palma_dorso,1,3,24,1.6
418,HandWash_001_A_02_G_01,1,G01,train,step2_palma_dorso,1,4,32,2.1333
419,HandWash_001_A_02_G_01,1,G01,train,step2_palma_dorso,1,5,40,2.6667
420,HandWash_001_A_02_G_01,1,G01,train,step2_palma_dorso,1,6,48,3.2
421,HandWash_001_A_02_G_01,1,G01,train,step2_palma_dorso,1,7,56,3.7333
422,HandWash_001_A_02_G_01,1,G01,train,step2_palma_dorso,1,8,64,4.2667
423,HandWash_001_A_02_G_01,1,G01,train,step2_palma_dorso,1,9,72,4.8
424,HandWash_001_A_02_G_01,1,G01,train,step2_palma_dorso,1,10,80,5.3333
425,HandWash_001_A_02_G_01,1,G01,train,step2_palma_dorso,1,11,88,5.8667
426,HandWash_001_A_02_G_01,1,G01,train,step2_palma_dorso,1,12,96,6.4
427,HandWash_001_A_02_G_01,1,G01,train,step2_palma_dorso,1,13,104,6.9333
428,HandWash_001_A_02_G_01,1,G01,train,step2_palma_dorso,1,14,112,7.4667
429,HandWash_001_A_02_G_01,1,G01,train,step2_palma_dorso,1,15,120,8.0
430,HandWash_001_A_02_G_01,1,G01,train,step2_palma_dorso,1,16,128,8.5333
431,HandWash_001_A_02_G_01,1,G01,train,step2_palma_dorso,1,17,136,9.0667
66,HandWash_002_A_02_G_01,2,G01,test,step2_palma_dorso,1,0,0,0.0
67,HandWash_002_A_02_G_01,2,G01,test,step2_palma_dorso,1,1,15,1.0
68,HandWash_002_A_02_G_01,2,G01,test,step2_palma_dorso,1,2,30,2.0
69,HandWash_002_A_02_G_01,2,G01,test,step2_palma_dorso,1,3,45,3.0
70,HandWash_002_A_02_G_01,2,G01,test,step2_palma_dorso,1,4,60,4.0
71,HandWash_002_A_02_G_01,2,G01,test,step2_palma_dorso,1,5,75,5.0
72,HandWash_002_A_02_G_01,2,G01,test,step2_palma_dorso,1,6,90,6.0
73,HandWash_002_A_02_G_01,2,G01,test,step2_palma_dorso,1,7,105,7.0
74,HandWash_002_A_02_G_01,2,G01,test,step2_palma_dorso,1,8,120,8.0
75,HandWash_002_A_02_G_01,2,G01,test,step2_palma_dorso,1,9,135,9.0
432,HandWash_003_A_02_G_01,3,G01,train,step2_palma_dorso,1,0,0,0.0
433,HandWash_003_A_02_G_01,3,G01,train,step2_palma_dorso,1,1,8,0.5333
434,HandWash_003_A_02_G_01,3,G01,train,step2_palma_dorso,1,2,16,1.0667
435,HandWash_003_A_02_G_01,3,G01,train,step2_palma_dorso,1,3,24,1.6
436,HandWash_003_A_02_G_01,3,G01,train,step2_palma_dorso,1,4,32,2.1333
437,HandWash_003_A_02_G_01,3,G01,train,step2_palma_dorso,1,5,40,2.6667
438,HandWash_003_A_02_G_01,3,G01,train,step2_palma_dorso,1,6,48,3.2
439,HandWash_003_A_02_G_01,3,G01,train,step2_palma_dorso,1,7,56,3.7333
440,HandWash_003_A_02_G_01,3,G01,train,step2_palma_dorso,1,8,64,4.2667
441,HandWash_003_A_02_G_01,3,G01,train,step2_palma_dorso,1,9,72,4.8
442,HandWash_003_A_02_G_01,3,G01,train,step2_palma_dorso,1,10,80,5.3333
443,HandWash_003_A_02_G_01,3,G01,train,step2_palma_dorso,1,11,88,5.8667
444,HandWash_003_A_02_G_01,3,G01,train,step2_palma_dorso,1,12,96,6.4
445,HandWash_003_A_02_G_01,3,G01,train,step2_palma_dorso,1,13,104,6.9333
446,HandWash_003_A_02_G_01,3,G01,train,step2_palma_dorso,1,14,112,7.4667
447,HandWash_003_A_02_G_01,3,G01,train,step2_palma_dorso,1,15,120,8.0
448,HandWash_003_A_02_G_01,3,G01,train,step2_palma_dorso,1,16,128,8.5333
449,HandWash_003_A_02_G_01,3,G01,train,step2_palma_dorso,1,17,136,9.0667
450,HandWash_003_A_02_G_01,3,G01,train,step2_palma_dorso,1,18,144,9.6
451,HandWash_003_A_02_G_01,3,G01,train,step2_palma_dorso,1,19,152,10.1333
452,HandWash_003_A_02_G_01,3,G01,train,step2_palma_dorso,1,20,160,10.6667
453,HandWash_003_A_02_G_01,3,G01,train,step2_palma_dorso,1,21,168,11.2
65,HandWash_004_A_02_G_01,4,G01,val,step2_palma_dorso,1,0,0,0.0
66,HandWash_004_A_02_G_01,4,G01,val,step2_palma_dorso,1,1,15,1.0
67,HandWash_004_A_02_G_01,4,G01,val,step2_palma_dorso,1,2,30,2.0
68,HandWash_004_A_02_G_01,4,G01,val,step2_palma_dorso,1,3,45,3.0
69,HandWash_004_A_02_G_01,4,G01,val,step2_palma_dorso,1,4,60,4.0
70,HandWash_004_A_02_G_01,4,G01,val,step2_palma_dorso,1,5,75,5.0
71,HandWash_004_A_02_G_01,4,G01,val,step2_palma_dorso,1,6,90,6.0
72,HandWash_004_A_02_G_01,4,G01,val,step2_palma_dorso,1,7,105,7.0
73,HandWash_004_A_02_G_01,4,G01,val,step2_palma_dorso,1,8,120,8.0
74,HandWash_004_A_02_G_01,4,G01,val,step2_palma_dorso,1,9,135,9.0
75,HandWash_004_A_02_G_01,4,G01,val,step2_palma_dorso,1,10,150,10.0
76,HandWash_004_A_02_G_01,4,G01,val,step2_palma_dorso,1,11,165,11.0
454,HandWash_005_A_02_G_01,5,G01,train,step2_palma_dorso,1,0,0,0.0
455,HandWash_005_A_02_G_01,5,G01,train,step2_palma_dorso,1,1,8,0.5333
456,HandWash_005_A_02_G_01,5,G01,train,step2_palma_dorso,1,2,16,1.0667
457,HandWash_005_A_02_G_01,5,G01,train,step2_palma_dorso,1,3,24,1.6
458,HandWash_005_A_02_G_01,5,G01,train,step2_palma_dorso,1,4,32,2.1333
459,HandWash_005_A_02_G_01,5,G01,train,step2_palma_dorso,1,5,40,2.6667
460,HandWash_005_A_02_G_01,5,G01,train,step2_palma_dorso,1,6,48,3.2
461,HandWash_005_A_02_G_01,5,G01,train,step2_palma_dorso,1,7,56,3.7333
462,HandWash_005_A_02_G_01,5,G01,train,step2_palma_dorso,1,8,64,4.2667
463,HandWash_005_A_02_G_01,5,G01,train,step2_palma_dorso,1,9,72,4.8
464,HandWash_005_A_02_G_01,5,G01,train,step2_palma_dorso,1,10,80,5.3333
465,HandWash_005_A_02_G_01,5,G01,train,step2_palma_dorso,1,11,88,5.8667
466,HandWash_005_A_02_G_01,5,G01,train,step2_palma_dorso,1,12,96,6.4
467,HandWash_005_A_02_G_01,5,G01,train,step2_palma_dorso,1,13,104,6.9333
468,HandWash_005_A_02_G_01,5,G01,train,step2_palma_dorso,1,14,112,7.4667
469,HandWash_005_A_02_G_01,5,G01,train,step2_palma_dorso,1,15,120,8.0
470,HandWash_005_A_02_G_01,5,G01,train,step2_palma_dorso,1,16,128,8.5333
471,HandWash_005_A_02_G_01,5,G01,train,step2_palma_dorso,1,17,136,9.0667
472,HandWash_005_A_02_G_01,5,G01,train,step2_palma_dorso,1,18,144,9.6
473,HandWash_005_A_02_G_01,5,G01,train,step2_palma_dorso,1,19,152,10.1333
474,HandWash_005_A_02_G_01,5,G01,train,step2_palma_dorso,1,20,160,10.6667
475,HandWash_005_A_02_G_01,5,G01,train,step2_palma_dorso,1,21,168,11.2
476,HandWash_005_A_02_G_01,5,G01,train,step2_palma_dorso,1,22,176,11.7333
477,HandWash_005_A_02_G_01,5,G01,train,step2_palma_dorso,1,23,184,12.2667
478,HandWash_005_A_02_G_01,5,G01,train,step2_palma_dorso,1,24,192,12.8
479,HandWash_005_A_02_G_01,5,G01,train,step2_palma_dorso,1,25,200,13.3333
480,HandWash_006_A_02_G_01,6,G01,train,step2_palma_dorso,1,0,0,0.0
481,HandWash_006_A_02_G_01,6,G01,train,step2_palma_dorso,1,1,8,0.5333
482,HandWash_006_A_02_G_01,6,G01,train,step2_palma_dorso,1,2,16,1.0667
483,HandWash_006_A_02_G_01,6,G01,train,step2_palma_dorso,1,3,24,1.6
484,HandWash_006_A_02_G_01,6,G01,train,step2_palma_dorso,1,4,32,2.1333
485,HandWash_006_A_02_G_01,6,G01,train,step2_palma_dorso,1,5,40,2.6667
486,HandWash_006_A_02_G_01,6,G01,train,step2_palma_dorso,1,6,48,3.2
487,HandWash_006_A_02_G_01,6,G01,train,step2_palma_dorso,1,7,56,3.7333
488,HandWash_006_A_02_G_01,6,G01,train,step2_palma_dorso,1,8,64,4.2667
489,HandWash_006_A_02_G_01,6,G01,train,step2_palma_dorso,1,9,72,4.8
490,HandWash_006_A_02_G_01,6,G01,train,step2_palma_dorso,1,10,80,5.3333
491,HandWash_006_A_02_G_01,6,G01,train,step2_palma_dorso,1,11,88,5.8667
492,HandWash_006_A_02_G_01,6,G01,train,step2_palma_dorso,1,12,96,6.4
493,HandWash_006_A_02_G_01,6,G01,train,step2_palma_dorso,1,13,104,6.9333
494,HandWash_006_A_02_G_01,6,G01,train,step2_palma_dorso,1,14,112,7.4667
495,HandWash_006_A_02_G_01,6,G01,train,step2_palma_dorso,1,15,120,8.0
496,HandWash_006_A_02_G_01,6,G01,train,step2_palma_dorso,1,16,128,8.5333
497,HandWash_006_A_02_G_01,6,G01,train,step2_palma_dorso,1,17,136,9.0667
498,HandWash_006_A_02_G_01,6,G01,train,step2_palma_dorso,1,18,144,9.6
499,HandWash_006_A_02_G_01,6,G01,train,step2_palma_dorso,1,19,152,10.1333
500,HandWash_006_A_02_G_01,6,G01,train,step2_palma_dorso,1,20,160,10.6667
501,HandWash_006_A_02_G_01,6,G01,train,step2_palma_dorso,1,21,168,11.2
76,HandWash_007_A_02_G_01,7,G01,test,step2_palma_dorso,1,0,0,0.0
77,HandWash_007_A_02_G_01,7,G01,test,step2_palma_dorso,1,1,15,1.0
78,HandWash_007_A_02_G_01,7,G01,test,step2_palma_dorso,1,2,30,2.0
79,HandWash_007_A_02_G_01,7,G01,test,step2_palma_dorso,1,3,45,3.0
80,HandWash_007_A_02_G_01,7,G01,test,step2_palma_dorso,1,4,60,4.0
81,HandWash_007_A_02_G_01,7,G01,test,step2_palma_dorso,1,5,75,5.0
82,HandWash_007_A_02_G_01,7,G01,test,step2_palma_dorso,1,6,90,6.0
83,HandWash_007_A_02_G_01,7,G01,test,step2_palma_dorso,1,7,105,7.0
84,HandWash_007_A_02_G_01,7,G01,test,step2_palma_dorso,1,8,120,8.0
85,HandWash_007_A_02_G_01,7,G01,test,step2_palma_dorso,1,9,135,9.0
86,HandWash_007_A_02_G_01,7,G01,test,step2_palma_dorso,1,10,150,10.0
87,HandWash_007_A_02_G_01,7,G01,test,step2_palma_dorso,1,11,165,11.0
502,HandWash_008_A_02_G_01,8,G01,train,step2_palma_dorso,1,0,0,0.0
503,HandWash_008_A_02_G_01,8,G01,train,step2_palma_dorso,1,1,8,0.5333
504,HandWash_008_A_02_G_01,8,G01,train,step2_palma_dorso,1,2,16,1.0667
505,HandWash_008_A_02_G_01,8,G01,train,step2_palma_dorso,1,3,24,1.6
506,HandWash_008_A_02_G_01,8,G01,train,step2_palma_dorso,1,4,32,2.1333
507,HandWash_008_A_02_G_01,8,G01,train,step2_palma_dorso,1,5,40,2.6667
508,HandWash_008_A_02_G_01,8,G01,train,step2_palma_dorso,1,6,48,3.2
509,HandWash_008_A_02_G_01,8,G01,train,step2_palma_dorso,1,7,56,3.7333
510,HandWash_008_A_02_G_01,8,G01,train,step2_palma_dorso,1,8,64,4.2667
511,HandWash_008_A_02_G_01,8,G01,train,step2_palma_dorso,1,9,72,4.8
512,HandWash_008_A_02_G_01,8,G01,train,step2_palma_dorso,1,10,80,5.3333
513,HandWash_008_A_02_G_01,8,G01,train,step2_palma_dorso,1,11,88,5.8667
514,HandWash_008_A_02_G_01,8,G01,train,step2_palma_dorso,1,12,96,6.4
515,HandWash_008_A_02_G_01,8,G01,train,step2_palma_dorso,1,13,104,6.9333
516,HandWash_008_A_02_G_01,8,G01,train,step2_palma_dorso,1,14,112,7.4667
517,HandWash_008_A_02_G_01,8,G01,train,step2_palma_dorso,1,15,120,8.0
518,HandWash_008_A_02_G_01,8,G01,train,step2_palma_dorso,1,16,128,8.5333
519,HandWash_008_A_02_G_01,8,G01,train,step2_palma_dorso,1,17,136,9.0667
520,HandWash_008_A_02_G_01,8,G01,train,step2_palma_dorso,1,18,144,9.6
521,HandWash_008_A_02_G_01,8,G01,train,step2_palma_dorso,1,19,152,10.1333
522,HandWash_008_A_02_G_01,8,G01,train,step2_palma_dorso,1,20,160,10.6667
523,HandWash_008_A_02_G_01,8,G01,train,step2_palma_dorso,1,21,168,11.2
524,HandWash_008_A_02_G_01,8,G01,train,step2_palma_dorso,1,22,176,11.7333
525,HandWash_008_A_02_G_01,8,G01,train,step2_palma_dorso,1,23,184,12.2667
526,HandWash_008_A_02_G_01,8,G01,train,step2_palma_dorso,1,24,192,12.8
527,HandWash_008_A_02_G_01,8,G01,train,step2_palma_dorso,1,25,200,13.3333
528,HandWash_008_A_02_G_01,8,G01,train,step2_palma_dorso,1,26,208,13.8667
529,HandWash_008_A_02_G_01,8,G01,train,step2_palma_dorso,1,27,216,14.4
530,HandWash_008_A_02_G_01,8,G01,train,step2_palma_dorso,1,28,224,14.9333
531,HandWash_008_A_02_G_01,8,G01,train,step2_palma_dorso,1,29,232,15.4667
532,HandWash_008_A_02_G_01,8,G01,train,step2_palma_dorso,1,30,240,16.0
533,HandWash_008_A_02_G_01,8,G01,train,step2_palma_dorso,1,31,248,16.5333
534,HandWash_008_A_02_G_01,8,G01,train,step2_palma_dorso,1,32,256,17.0667
535,HandWash_008_A_02_G_01,8,G01,train,step2_palma_dorso,1,33,264,17.6
536,HandWash_008_A_02_G_01,8,G01,train,step2_palma_dorso,1,34,272,18.1333
537,HandWash_009_A_02_G_02,9,G02,train,step2_palma_dorso,1,0,0,0.0
538,HandWash_009_A_02_G_02,9,G02,train,step2_palma_dorso,1,1,8,0.5333
539,HandWash_009_A_02_G_02,9,G02,train,step2_palma_dorso,1,2,16,1.0667
540,HandWash_009_A_02_G_02,9,G02,train,step2_palma_dorso,1,3,24,1.6
541,HandWash_009_A_02_G_02,9,G02,train,step2_palma_dorso,1,4,32,2.1333
542,HandWash_009_A_02_G_02,9,G02,train,step2_palma_dorso,1,5,40,2.6667
543,HandWash_009_A_02_G_02,9,G02,train,step2_palma_dorso,1,6,48,3.2
544,HandWash_009_A_02_G_02,9,G02,train,step2_palma_dorso,1,7,56,3.7333
545,HandWash_009_A_02_G_02,9,G02,train,step2_palma_dorso,1,8,64,4.2667
546,HandWash_009_A_02_G_02,9,G02,train,step2_palma_dorso,1,9,72,4.8
547,HandWash_009_A_02_G_02,9,G02,train,step2_palma_dorso,1,10,80,5.3333
548,HandWash_009_A_02_G_02,9,G02,train,step2_palma_dorso,1,11,88,5.8667
549,HandWash_009_A_02_G_02,9,G02,train,step2_palma_dorso,1,12,96,6.4
550,HandWash_009_A_02_G_02,9,G02,train,step2_palma_dorso,1,13,104,6.9333
551,HandWash_009_A_02_G_02,9,G02,train,step2_palma_dorso,1,14,112,7.4667
552,HandWash_009_A_02_G_02,9,G02,train,step2_palma_dorso,1,15,120,8.0
553,HandWash_009_A_02_G_02,9,G02,train,step2_palma_dorso,1,16,128,8.5333
554,HandWash_009_A_02_G_02,9,G02,train,step2_palma_dorso,1,17,136,9.0667
555,HandWash_009_A_02_G_02,9,G02,train,step2_palma_dorso,1,18,144,9.6
556,HandWash_009_A_02_G_02,9,G02,train,step2_palma_dorso,1,19,152,10.1333
557,HandWash_009_A_02_G_02,9,G02,train,step2_palma_dorso,1,20,160,10.6667
558,HandWash_009_A_02_G_02,9,G02,train,step2_palma_dorso,1,21,168,11.2
559,HandWash_009_A_02_G_02,9,G02,train,step2_palma_dorso,1,22,176,11.7333
560,HandWash_009_A_02_G_02,9,G02,train,step2_palma_dorso,1,23,184,12.2667
561,HandWash_009_A_02_G_02,9,G02,train,step2_palma_dorso,1,24,192,12.8
562,HandWash_009_A_02_G_02,9,G02,train,step2_palma_dorso,1,25,200,13.3333
563,HandWash_009_A_02_G_02,9,G02,train,step2_palma_dorso,1,26,208,13.8667
564,HandWash_009_A_02_G_02,9,G02,train,step2_palma_dorso,1,27,216,14.4
565,HandWash_009_A_02_G_02,9,G02,train,step2_palma_dorso,1,28,224,14.9333
566,HandWash_009_A_02_G_02,9,G02,train,step2_palma_dorso,1,29,232,15.4667
567,HandWash_009_A_02_G_02,9,G02,train,step2_palma_dorso,1,30,240,16.0
568,HandWash_010_A_02_G_02,10,G02,train,step2_palma_dorso,1,0,0,0.0
569,HandWash_010_A_02_G_02,10,G02,train,step2_palma_dorso,1,1,8,0.5333
570,HandWash_010_A_02_G_02,10,G02,train,step2_palma_dorso,1,2,16,1.0667
571,HandWash_010_A_02_G_02,10,G02,train,step2_palma_dorso,1,3,24,1.6
572,HandWash_010_A_02_G_02,10,G02,train,step2_palma_dorso,1,4,32,2.1333
573,HandWash_010_A_02_G_02,10,G02,train,step2_palma_dorso,1,5,40,2.6667
574,HandWash_010_A_02_G_02,10,G02,train,step2_palma_dorso,1,6,48,3.2
575,HandWash_010_A_02_G_02,10,G02,train,step2_palma_dorso,1,7,56,3.7333
576,HandWash_010_A_02_G_02,10,G02,train,step2_palma_dorso,1,8,64,4.2667
577,HandWash_010_A_02_G_02,10,G02,train,step2_palma_dorso,1,9,72,4.8
578,HandWash_010_A_02_G_02,10,G02,train,step2_palma_dorso,1,10,80,5.3333
579,HandWash_010_A_02_G_02,10,G02,train,step2_palma_dorso,1,11,88,5.8667
580,HandWash_010_A_02_G_02,10,G02,train,step2_palma_dorso,1,12,96,6.4
581,HandWash_010_A_02_G_02,10,G02,train,step2_palma_dorso,1,13,104,6.9333
582,HandWash_010_A_02_G_02,10,G02,train,step2_palma_dorso,1,14,112,7.4667
583,HandWash_010_A_02_G_02,10,G02,train,step2_palma_dorso,1,15,120,8.0
584,HandWash_010_A_02_G_02,10,G02,train,step2_palma_dorso,1,16,128,8.5333
585,HandWash_010_A_02_G_02,10,G02,train,step2_palma_dorso,1,17,136,9.0667
586,HandWash_010_A_02_G_02,10,G02,train,step2_palma_dorso,1,18,144,9.6
587,HandWash_010_A_02_G_02,10,G02,train,step2_palma_dorso,1,19,152,10.1333
588,HandWash_010_A_02_G_02,10,G02,train,step2_palma_dorso,1,20,160,10.6667
589,HandWash_010_A_02_G_02,10,G02,train,step2_palma_dorso,1,21,168,11.2
590,HandWash_010_A_02_G_02,10,G02,train,step2_palma_dorso,1,22,176,11.7333
591,HandWash_011_A_02_G_02,11,G02,train,step2_palma_dorso,1,0,0,0.0
592,HandWash_011_A_02_G_02,11,G02,train,step2_palma_dorso,1,1,8,0.5333
593,HandWash_011_A_02_G_02,11,G02,train,step2_palma_dorso,1,2,16,1.0667
594,HandWash_011_A_02_G_02,11,G02,train,step2_palma_dorso,1,3,24,1.6
595,HandWash_011_A_02_G_02,11,G02,train,step2_palma_dorso,1,4,32,2.1333
596,HandWash_011_A_02_G_02,11,G02,train,step2_palma_dorso,1,5,40,2.6667
597,HandWash_011_A_02_G_02,11,G02,train,step2_palma_dorso,1,6,48,3.2
598,HandWash_011_A_02_G_02,11,G02,train,step2_palma_dorso,1,7,56,3.7333
599,HandWash_011_A_02_G_02,11,G02,train,step2_palma_dorso,1,8,64,4.2667
600,HandWash_011_A_02_G_02,11,G02,train,step2_palma_dorso,1,9,72,4.8
601,HandWash_011_A_02_G_02,11,G02,train,step2_palma_dorso,1,10,80,5.3333
602,HandWash_011_A_02_G_02,11,G02,train,step2_palma_dorso,1,11,88,5.8667
603,HandWash_011_A_02_G_02,11,G02,train,step2_palma_dorso,1,12,96,6.4
604,HandWash_011_A_02_G_02,11,G02,train,step2_palma_dorso,1,13,104,6.9333
605,HandWash_011_A_02_G_02,11,G02,train,step2_palma_dorso,1,14,112,7.4667
606,HandWash_011_A_02_G_02,11,G02,train,step2_palma_dorso,1,15,120,8.0
607,HandWash_011_A_02_G_02,11,G02,train,step2_palma_dorso,1,16,128,8.5333
608,HandWash_011_A_02_G_02,11,G02,train,step2_palma_dorso,1,17,136,9.0667
609,HandWash_011_A_02_G_02,11,G02,train,step2_palma_dorso,1,18,144,9.6
610,HandWash_011_A_02_G_02,11,G02,train,step2_palma_dorso,1,19,152,10.1333
611,HandWash_011_A_02_G_02,11,G02,train,step2_palma_dorso,1,20,160,10.6667
612,HandWash_011_A_02_G_02,11,G02,train,step2_palma_dorso,1,21,168,11.2
613,HandWash_011_A_02_G_02,11,G02,train,step2_palma_dorso,1,22,176,11.7333
614,HandWash_011_A_02_G_02,11,G02,train,step2_palma_dorso,1,23,184,12.2667
615,HandWash_011_A_02_G_02,11,G02,train,step2_palma_dorso,1,24,192,12.8
616,HandWash_011_A_02_G_02,11,G02,train,step2_palma_dorso,1,25,200,13.3333
617,HandWash_011_A_02_G_02,11,G02,train,step2_palma_dorso,1,26,208,13.8667
618,HandWash_011_A_02_G_02,11,G02,train,step2_palma_dorso,1,27,216,14.4
619,HandWash_011_A_02_G_02,11,G02,train,step2_palma_dorso,1,28,224,14.9333
620,HandWash_011_A_02_G_02,11,G02,train,step2_palma_dorso,1,29,232,15.4667
621,HandWash_011_A_02_G_02,11,G02,train,step2_palma_dorso,1,30,240,16.0
622,HandWash_011_A_02_G_02,11,G02,train,step2_palma_dorso,1,31,248,16.5333
623,HandWash_011_A_02_G_02,11,G02,train,step2_palma_dorso,1,32,256,17.0667
624,HandWash_011_A_02_G_02,11,G02,train,step2_palma_dorso,1,33,264,17.6
625,HandWash_011_A_02_G_02,11,G02,train,step2_palma_dorso,1,34,272,18.1333
626,HandWash_012_A_02_G_03,12,G03,train,step2_palma_dorso,1,0,0,0.0
627,HandWash_012_A_02_G_03,12,G03,train,step2_palma_dorso,1,1,8,0.5333
628,HandWash_012_A_02_G_03,12,G03,train,step2_palma_dorso,1,2,16,1.0667
629,HandWash_012_A_02_G_03,12,G03,train,step2_palma_dorso,1,3,24,1.6
630,HandWash_012_A_02_G_03,12,G03,train,step2_palma_dorso,1,4,32,2.1333
631,HandWash_012_A_02_G_03,12,G03,train,step2_palma_dorso,1,5,40,2.6667
632,HandWash_012_A_02_G_03,12,G03,train,step2_palma_dorso,1,6,48,3.2
633,HandWash_012_A_02_G_03,12,G03,train,step2_palma_dorso,1,7,56,3.7333
634,HandWash_012_A_02_G_03,12,G03,train,step2_palma_dorso,1,8,64,4.2667
635,HandWash_012_A_02_G_03,12,G03,train,step2_palma_dorso,1,9,72,4.8
636,HandWash_012_A_02_G_03,12,G03,train,step2_palma_dorso,1,10,80,5.3333
637,HandWash_012_A_02_G_03,12,G03,train,step2_palma_dorso,1,11,88,5.8667
638,HandWash_012_A_02_G_03,12,G03,train,step2_palma_dorso,1,12,96,6.4
639,HandWash_012_A_02_G_03,12,G03,train,step2_palma_dorso,1,13,104,6.9333
640,HandWash_012_A_02_G_03,12,G03,train,step2_palma_dorso,1,14,112,7.4667
641,HandWash_012_A_02_G_03,12,G03,train,step2_palma_dorso,1,15,120,8.0
642,HandWash_012_A_02_G_03,12,G03,train,step2_palma_dorso,1,16,128,8.5333
643,HandWash_012_A_02_G_03,12,G03,train,step2_palma_dorso,1,17,136,9.0667
644,HandWash_012_A_02_G_03,12,G03,train,step2_palma_dorso,1,18,144,9.6
645,HandWash_012_A_02_G_03,12,G03,train,step2_palma_dorso,1,19,152,10.1333
646,HandWash_012_A_02_G_03,12,G03,train,step2_palma_dorso,1,20,160,10.6667
647,HandWash_012_A_02_G_03,12,G03,train,step2_palma_dorso,1,21,168,11.2
88,HandWash_013_A_02_G_03,13,G03,test,step2_palma_dorso,1,0,0,0.0
89,HandWash_013_A_02_G_03,13,G03,test,step2_palma_dorso,1,1,15,1.0
90,HandWash_013_A_02_G_03,13,G03,test,step2_palma_dorso,1,2,30,2.0
91,HandWash_013_A_02_G_03,13,G03,test,step2_palma_dorso,1,3,45,3.0
92,HandWash_013_A_02_G_03,13,G03,test,step2_palma_dorso,1,4,60,4.0
93,HandWash_013_A_02_G_03,13,G03,test,step2_palma_dorso,1,5,75,5.0
94,HandWash_013_A_02_G_03,13,G03,test,step2_palma_dorso,1,6,90,6.0
95,HandWash_013_A_02_G_03,13,G03,test,step2_palma_dorso,1,7,105,7.0
96,HandWash_013_A_02_G_03,13,G03,test,step2_palma_dorso,1,8,120,8.0
97,HandWash_013_A_02_G_03,13,G03,test,step2_palma_dorso,1,9,135,9.0
98,HandWash_013_A_02_G_03,13,G03,test,step2_palma_dorso,1,10,150,10.0
99,HandWash_013_A_02_G_03,13,G03,test,step2_palma_dorso,1,11,165,11.0
648,HandWash_014_A_02_G_03,14,G03,train,step2_palma_dorso,1,0,0,0.0
649,HandWash_014_A_02_G_03,14,G03,train,step2_palma_dorso,1,1,8,0.5333
650,HandWash_014_A_02_G_03,14,G03,train,step2_palma_dorso,1,2,16,1.0667
651,HandWash_014_A_02_G_03,14,G03,train,step2_palma_dorso,1,3,24,1.6
652,HandWash_014_A_02_G_03,14,G03,train,step2_palma_dorso,1,4,32,2.1333
653,HandWash_014_A_02_G_03,14,G03,train,step2_palma_dorso,1,5,40,2.6667
654,HandWash_014_A_02_G_03,14,G03,train,step2_palma_dorso,1,6,48,3.2
655,HandWash_014_A_02_G_03,14,G03,train,step2_palma_dorso,1,7,56,3.7333
656,HandWash_014_A_02_G_03,14,G03,train,step2_palma_dorso,1,8,64,4.2667
657,HandWash_014_A_02_G_03,14,G03,train,step2_palma_dorso,1,9,72,4.8
658,HandWash_014_A_02_G_03,14,G03,train,step2_palma_dorso,1,10,80,5.3333
659,HandWash_014_A_02_G_03,14,G03,train,step2_palma_dorso,1,11,88,5.8667
660,HandWash_014_A_02_G_03,14,G03,train,step2_palma_dorso,1,12,96,6.4
661,HandWash_014_A_02_G_03,14,G03,train,step2_palma_dorso,1,13,104,6.9333
662,HandWash_015_A_02_G_04,15,G04,train,step2_palma_dorso,1,0,0,0.0
663,HandWash_015_A_02_G_04,15,G04,train,step2_palma_dorso,1,1,8,0.5333
664,HandWash_015_A_02_G_04,15,G04,train,step2_palma_dorso,1,2,16,1.0667
665,HandWash_015_A_02_G_04,15,G04,train,step2_palma_dorso,1,3,24,1.6
666,HandWash_015_A_02_G_04,15,G04,train,step2_palma_dorso,1,4,32,2.1333
667,HandWash_015_A_02_G_04,15,G04,train,step2_palma_dorso,1,5,40,2.6667
668,HandWash_015_A_02_G_04,15,G04,train,step2_palma_dorso,1,6,48,3.2
669,HandWash_015_A_02_G_04,15,G04,train,step2_palma_dorso,1,7,56,3.7333
670,HandWash_015_A_02_G_04,15,G04,train,step2_palma_dorso,1,8,64,4.2667
671,HandWash_015_A_02_G_04,15,G04,train,step2_palma_dorso,1,9,72,4.8
672,HandWash_015_A_02_G_04,15,G04,train,step2_palma_dorso,1,10,80,5.3333
673,HandWash_015_A_02_G_04,15,G04,train,step2_palma_dorso,1,11,88,5.8667
674,HandWash_015_A_02_G_04,15,G04,train,step2_palma_dorso,1,12,96,6.4
675,HandWash_015_A_02_G_04,15,G04,train,step2_palma_dorso,1,13,104,6.9333
676,HandWash_015_A_02_G_04,15,G04,train,step2_palma_dorso,1,14,112,7.4667
677,HandWash_015_A_02_G_04,15,G04,train,step2_palma_dorso,1,15,120,8.0
678,HandWash_015_A_02_G_04,15,G04,train,step2_palma_dorso,1,16,128,8.5333
679,HandWash_015_A_02_G_04,15,G04,train,step2_palma_dorso,1,17,136,9.0667
680,HandWash_015_A_02_G_04,15,G04,train,step2_palma_dorso,1,18,144,9.6
681,HandWash_015_A_02_G_04,15,G04,train,step2_palma_dorso,1,19,152,10.1333
682,HandWash_015_A_02_G_04,15,G04,train,step2_palma_dorso,1,20,160,10.6667
683,HandWash_015_A_02_G_04,15,G04,train,step2_palma_dorso,1,21,168,11.2
684,HandWash_015_A_02_G_04,15,G04,train,step2_palma_dorso,1,22,176,11.7333
77,HandWash_016_A_02_G_04,16,G04,val,step2_palma_dorso,1,0,0,0.0
78,HandWash_016_A_02_G_04,16,G04,val,step2_palma_dorso,1,1,15,1.0
79,HandWash_016_A_02_G_04,16,G04,val,step2_palma_dorso,1,2,30,2.0
80,HandWash_016_A_02_G_04,16,G04,val,step2_palma_dorso,1,3,45,3.0
81,HandWash_016_A_02_G_04,16,G04,val,step2_palma_dorso,1,4,60,4.0
82,HandWash_016_A_02_G_04,16,G04,val,step2_palma_dorso,1,5,75,5.0
83,HandWash_016_A_02_G_04,16,G04,val,step2_palma_dorso,1,6,90,6.0
84,HandWash_016_A_02_G_04,16,G04,val,step2_palma_dorso,1,7,105,7.0
85,HandWash_016_A_02_G_04,16,G04,val,step2_palma_dorso,1,8,120,8.0
86,HandWash_016_A_02_G_04,16,G04,val,step2_palma_dorso,1,9,135,9.0
685,HandWash_017_A_02_G_04,17,G04,train,step2_palma_dorso,1,0,0,0.0
686,HandWash_017_A_02_G_04,17,G04,train,step2_palma_dorso,1,1,8,0.5333
687,HandWash_017_A_02_G_04,17,G04,train,step2_palma_dorso,1,2,16,1.0667
688,HandWash_017_A_02_G_04,17,G04,train,step2_palma_dorso,1,3,24,1.6
689,HandWash_017_A_02_G_04,17,G04,train,step2_palma_dorso,1,4,32,2.1333
690,HandWash_017_A_02_G_04,17,G04,train,step2_palma_dorso,1,5,40,2.6667
691,HandWash_017_A_02_G_04,17,G04,train,step2_palma_dorso,1,6,48,3.2
692,HandWash_017_A_02_G_04,17,G04,train,step2_palma_dorso,1,7,56,3.7333
693,HandWash_017_A_02_G_04,17,G04,train,step2_palma_dorso,1,8,64,4.2667
694,HandWash_017_A_02_G_04,17,G04,train,step2_palma_dorso,1,9,72,4.8
695,HandWash_017_A_02_G_04,17,G04,train,step2_palma_dorso,1,10,80,5.3333
696,HandWash_017_A_02_G_04,17,G04,train,step2_palma_dorso,1,11,88,5.8667
697,HandWash_017_A_02_G_04,17,G04,train,step2_palma_dorso,1,12,96,6.4
698,HandWash_017_A_02_G_04,17,G04,train,step2_palma_dorso,1,13,104,6.9333
699,HandWash_017_A_02_G_04,17,G04,train,step2_palma_dorso,1,14,112,7.4667
700,HandWash_017_A_02_G_04,17,G04,train,step2_palma_dorso,1,15,120,8.0
701,HandWash_017_A_02_G_04,17,G04,train,step2_palma_dorso,1,16,128,8.5333
702,HandWash_017_A_02_G_04,17,G04,train,step2_palma_dorso,1,17,136,9.0667
703,HandWash_018_A_02_G_05,18,G05,train,step2_palma_dorso,1,0,0,0.0
704,HandWash_018_A_02_G_05,18,G05,train,step2_palma_dorso,1,1,8,0.5333
705,HandWash_018_A_02_G_05,18,G05,train,step2_palma_dorso,1,2,16,1.0667
706,HandWash_018_A_02_G_05,18,G05,train,step2_palma_dorso,1,3,24,1.6
707,HandWash_018_A_02_G_05,18,G05,train,step2_palma_dorso,1,4,32,2.1333
708,HandWash_018_A_02_G_05,18,G05,train,step2_palma_dorso,1,5,40,2.6667
709,HandWash_018_A_02_G_05,18,G05,train,step2_palma_dorso,1,6,48,3.2
710,HandWash_018_A_02_G_05,18,G05,train,step2_palma_dorso,1,7,56,3.7333
711,HandWash_018_A_02_G_05,18,G05,train,step2_palma_dorso,1,8,64,4.2667
712,HandWash_018_A_02_G_05,18,G05,train,step2_palma_dorso,1,9,72,4.8
713,HandWash_018_A_02_G_05,18,G05,train,step2_palma_dorso,1,10,80,5.3333
714,HandWash_018_A_02_G_05,18,G05,train,step2_palma_dorso,1,11,88,5.8667
715,HandWash_018_A_02_G_05,18,G05,train,step2_palma_dorso,1,12,96,6.4
716,HandWash_018_A_02_G_05,18,G05,train,step2_palma_dorso,1,13,104,6.9333
717,HandWash_018_A_02_G_05,18,G05,train,step2_palma_dorso,1,14,112,7.4667
718,HandWash_018_A_02_G_05,18,G05,train,step2_palma_dorso,1,15,120,8.0
719,HandWash_018_A_02_G_05,18,G05,train,step2_palma_dorso,1,16,128,8.5333
720,HandWash_018_A_02_G_05,18,G05,train,step2_palma_dorso,1,17,136,9.0667
721,HandWash_018_A_02_G_05,18,G05,train,step2_palma_dorso,1,18,144,9.6
100,HandWash_019_A_02_G_05,19,G05,test,step2_palma_dorso,1,0,0,0.0
101,HandWash_019_A_02_G_05,19,G05,test,step2_palma_dorso,1,1,15,1.0
102,HandWash_019_A_02_G_05,19,G05,test,step2_palma_dorso,1,2,30,2.0
103,HandWash_019_A_02_G_05,19,G05,test,step2_palma_dorso,1,3,45,3.0
104,HandWash_019_A_02_G_05,19,G05,test,step2_palma_dorso,1,4,60,4.0
105,HandWash_019_A_02_G_05,19,G05,test,step2_palma_dorso,1,5,75,5.0
106,HandWash_019_A_02_G_05,19,G05,test,step2_palma_dorso,1,6,90,6.0
107,HandWash_019_A_02_G_05,19,G05,test,step2_palma_dorso,1,7,105,7.0
108,HandWash_019_A_02_G_05,19,G05,test,step2_palma_dorso,1,8,120,8.0
109,HandWash_019_A_02_G_05,19,G05,test,step2_palma_dorso,1,9,135,9.0
722,HandWash_020_A_02_G_05,20,G05,train,step2_palma_dorso,1,0,0,0.0
723,HandWash_020_A_02_G_05,20,G05,train,step2_palma_dorso,1,1,8,0.5333
724,HandWash_020_A_02_G_05,20,G05,train,step2_palma_dorso,1,2,16,1.0667
725,HandWash_020_A_02_G_05,20,G05,train,step2_palma_dorso,1,3,24,1.6
726,HandWash_020_A_02_G_05,20,G05,train,step2_palma_dorso,1,4,32,2.1333
727,HandWash_020_A_02_G_05,20,G05,train,step2_palma_dorso,1,5,40,2.6667
728,HandWash_020_A_02_G_05,20,G05,train,step2_palma_dorso,1,6,48,3.2
729,HandWash_020_A_02_G_05,20,G05,train,step2_palma_dorso,1,7,56,3.7333
730,HandWash_020_A_02_G_05,20,G05,train,step2_palma_dorso,1,8,64,4.2667
731,HandWash_020_A_02_G_05,20,G05,train,step2_palma_dorso,1,9,72,4.8
732,HandWash_020_A_02_G_05,20,G05,train,step2_palma_dorso,1,10,80,5.3333
733,HandWash_020_A_02_G_05,20,G05,train,step2_palma_dorso,1,11,88,5.8667
734,HandWash_020_A_02_G_05,20,G05,train,step2_palma_dorso,1,12,96,6.4
735,HandWash_020_A_02_G_05,20,G05,train,step2_palma_dorso,1,13,104,6.9333
736,HandWash_020_A_02_G_05,20,G05,train,step2_palma_dorso,1,14,112,7.4667
737,HandWash_020_A_02_G_05,20,G05,train,step2_palma_dorso,1,15,120,8.0
738,HandWash_020_A_02_G_05,20,G05,train,step2_palma_dorso,1,16,128,8.5333
739,HandWash_020_A_02_G_05,20,G05,train,step2_palma_dorso,1,17,136,9.0667
740,HandWash_020_A_02_G_05,20,G05,train,step2_palma_dorso,1,18,144,9.6
741,HandWash_020_A_02_G_05,20,G05,train,step2_palma_dorso,1,19,152,10.1333
742,HandWash_020_A_02_G_05,20,G05,train,step2_palma_dorso,1,20,160,10.6667
743,HandWash_020_A_02_G_05,20,G05,train,step2_palma_dorso,1,21,168,11.2
744,HandWash_020_A_02_G_05,20,G05,train,step2_palma_dorso,1,22,176,11.7333
87,HandWash_021_A_02_G_05,21,G05,val,step2_palma_dorso,1,0,0,0.0
88,HandWash_021_A_02_G_05,21,G05,val,step2_palma_dorso,1,1,15,1.0
89,HandWash_021_A_02_G_05,21,G05,val,step2_palma_dorso,1,2,30,2.0
90,HandWash_021_A_02_G_05,21,G05,val,step2_palma_dorso,1,3,45,3.0
91,HandWash_021_A_02_G_05,21,G05,val,step2_palma_dorso,1,4,60,4.0
92,HandWash_021_A_02_G_05,21,G05,val,step2_palma_dorso,1,5,75,5.0
93,HandWash_021_A_02_G_05,21,G05,val,step2_palma_dorso,1,6,90,6.0
94,HandWash_021_A_02_G_05,21,G05,val,step2_palma_dorso,1,7,105,7.0
95,HandWash_021_A_02_G_05,21,G05,val,step2_palma_dorso,1,8,120,8.0
96,HandWash_022_A_02_G_05,22,G05,val,step2_palma_dorso,1,0,0,0.0
97,HandWash_022_A_02_G_05,22,G05,val,step2_palma_dorso,1,1,15,1.0
98,HandWash_022_A_02_G_05,22,G05,val,step2_palma_dorso,1,2,30,2.0
99,HandWash_022_A_02_G_05,22,G05,val,step2_palma_dorso,1,3,45,3.0
100,HandWash_022_A_02_G_05,22,G05,val,step2_palma_dorso,1,4,60,4.0
101,HandWash_022_A_02_G_05,22,G05,val,step2_palma_dorso,1,5,75,5.0
102,HandWash_022_A_02_G_05,22,G05,val,step2_palma_dorso,1,6,90,6.0
103,HandWash_022_A_02_G_05,22,G05,val,step2_palma_dorso,1,7,105,7.0
104,HandWash_022_A_02_G_05,22,G05,val,step2_palma_dorso,1,8,120,8.0
105,HandWash_022_A_02_G_05,22,G05,val,step2_palma_dorso,1,9,135,9.0
106,HandWash_022_A_02_G_05,22,G05,val,step2_palma_dorso,1,10,150,10.0
745,HandWash_023_A_02_G_05,23,G05,train,step2_palma_dorso,1,0,0,0.0
746,HandWash_023_A_02_G_05,23,G05,train,step2_palma_dorso,1,1,8,0.5333
747,HandWash_023_A_02_G_05,23,G05,train,step2_palma_dorso,1,2,16,1.0667
748,HandWash_023_A_02_G_05,23,G05,train,step2_palma_dorso,1,3,24,1.6
749,HandWash_023_A_02_G_05,23,G05,train,step2_palma_dorso,1,4,32,2.1333
750,HandWash_023_A_02_G_05,23,G05,train,step2_palma_dorso,1,5,40,2.6667
751,HandWash_023_A_02_G_05,23,G05,train,step2_palma_dorso,1,6,48,3.2
752,HandWash_023_A_02_G_05,23,G05,train,step2_palma_dorso,1,7,56,3.7333
753,HandWash_023_A_02_G_05,23,G05,train,step2_palma_dorso,1,8,64,4.2667
754,HandWash_023_A_02_G_05,23,G05,train,step2_palma_dorso,1,9,72,4.8
755,HandWash_023_A_02_G_05,23,G05,train,step2_palma_dorso,1,10,80,5.3333
756,HandWash_023_A_02_G_05,23,G05,train,step2_palma_dorso,1,11,88,5.8667
757,HandWash_023_A_02_G_05,23,G05,train,step2_palma_dorso,1,12,96,6.4
758,HandWash_023_A_02_G_05,23,G05,train,step2_palma_dorso,1,13,104,6.9333
759,HandWash_023_A_02_G_05,23,G05,train,step2_palma_dorso,1,14,112,7.4667
760,HandWash_023_A_02_G_05,23,G05,train,step2_palma_dorso,1,15,120,8.0
761,HandWash_023_A_02_G_05,23,G05,train,step2_palma_dorso,1,16,128,8.5333
762,HandWash_023_A_02_G_05,23,G05,train,step2_palma_dorso,1,17,136,9.0667
763,HandWash_023_A_02_G_05,23,G05,train,step2_palma_dorso,1,18,144,9.6
764,HandWash_023_A_02_G_05,23,G05,train,step2_palma_dorso,1,19,152,10.1333
765,HandWash_023_A_02_G_05,23,G05,train,step2_palma_dorso,1,20,160,10.6667
110,HandWash_024_A_02_G_05,24,G05,test,step2_palma_dorso,1,0,0,0.0
111,HandWash_024_A_02_G_05,24,G05,test,step2_palma_dorso,1,1,15,1.0
112,HandWash_024_A_02_G_05,24,G05,test,step2_palma_dorso,1,2,30,2.0
113,HandWash_024_A_02_G_05,24,G05,test,step2_palma_dorso,1,3,45,3.0
114,HandWash_024_A_02_G_05,24,G05,test,step2_palma_dorso,1,4,60,4.0
115,HandWash_024_A_02_G_05,24,G05,test,step2_palma_dorso,1,5,75,5.0
116,HandWash_024_A_02_G_05,24,G05,test,step2_palma_dorso,1,6,90,6.0
766,HandWash_025_A_02_G_05,25,G05,train,step2_palma_dorso,1,0,0,0.0
767,HandWash_025_A_02_G_05,25,G05,train,step2_palma_dorso,1,1,8,0.5333
768,HandWash_025_A_02_G_05,25,G05,train,step2_palma_dorso,1,2,16,1.0667
769,HandWash_025_A_02_G_05,25,G05,train,step2_palma_dorso,1,3,24,1.6
770,HandWash_025_A_02_G_05,25,G05,train,step2_palma_dorso,1,4,32,2.1333
771,HandWash_025_A_02_G_05,25,G05,train,step2_palma_dorso,1,5,40,2.6667
772,HandWash_025_A_02_G_05,25,G05,train,step2_palma_dorso,1,6,48,3.2
773,HandWash_025_A_02_G_05,25,G05,train,step2_palma_dorso,1,7,56,3.7333
774,HandWash_025_A_02_G_05,25,G05,train,step2_palma_dorso,1,8,64,4.2667
775,HandWash_025_A_02_G_05,25,G05,train,step2_palma_dorso,1,9,72,4.8
776,HandWash_025_A_02_G_05,25,G05,train,step2_palma_dorso,1,10,80,5.3333
777,HandWash_001_A_03_G_01,1,G01,train,step2_palma_dorso,1,0,0,0.0
778,HandWash_001_A_03_G_01,1,G01,train,step2_palma_dorso,1,1,8,0.5333
779,HandWash_001_A_03_G_01,1,G01,train,step2_palma_dorso,1,2,16,1.0667
780,HandWash_001_A_03_G_01,1,G01,train,step2_palma_dorso,1,3,24,1.6
781,HandWash_001_A_03_G_01,1,G01,train,step2_palma_dorso,1,4,32,2.1333
782,HandWash_001_A_03_G_01,1,G01,train,step2_palma_dorso,1,5,40,2.6667
783,HandWash_001_A_03_G_01,1,G01,train,step2_palma_dorso,1,6,48,3.2
784,HandWash_001_A_03_G_01,1,G01,train,step2_palma_dorso,1,7,56,3.7333
785,HandWash_001_A_03_G_01,1,G01,train,step2_palma_dorso,1,8,64,4.2667
786,HandWash_001_A_03_G_01,1,G01,train,step2_palma_dorso,1,9,72,4.8
787,HandWash_001_A_03_G_01,1,G01,train,step2_palma_dorso,1,10,80,5.3333
788,HandWash_001_A_03_G_01,1,G01,train,step2_palma_dorso,1,11,88,5.8667
789,HandWash_001_A_03_G_01,1,G01,train,step2_palma_dorso,1,12,96,6.4
790,HandWash_001_A_03_G_01,1,G01,train,step2_palma_dorso,1,13,104,6.9333
117,HandWash_002_A_03_G_01,2,G01,test,step2_palma_dorso,1,0,0,0.0
118,HandWash_002_A_03_G_01,2,G01,test,step2_palma_dorso,1,1,15,1.0
119,HandWash_002_A_03_G_01,2,G01,test,step2_palma_dorso,1,2,30,2.0
120,HandWash_002_A_03_G_01,2,G01,test,step2_palma_dorso,1,3,45,3.0
121,HandWash_002_A_03_G_01,2,G01,test,step2_palma_dorso,1,4,60,4.0
122,HandWash_002_A_03_G_01,2,G01,test,step2_palma_dorso,1,5,75,5.0
123,HandWash_002_A_03_G_01,2,G01,test,step2_palma_dorso,1,6,90,6.0
124,HandWash_002_A_03_G_01,2,G01,test,step2_palma_dorso,1,7,105,7.0
125,HandWash_002_A_03_G_01,2,G01,test,step2_palma_dorso,1,8,120,8.0
126,HandWash_002_A_03_G_01,2,G01,test,step2_palma_dorso,1,9,135,9.0
127,HandWash_002_A_03_G_01,2,G01,test,step2_palma_dorso,1,10,150,10.0
128,HandWash_002_A_03_G_01,2,G01,test,step2_palma_dorso,1,11,165,11.0
129,HandWash_002_A_03_G_01,2,G01,test,step2_palma_dorso,1,12,180,12.0
130,HandWash_002_A_03_G_01,2,G01,test,step2_palma_dorso,1,13,195,13.0
791,HandWash_003_A_03_G_01,3,G01,train,step2_palma_dorso,1,0,0,0.0
792,HandWash_003_A_03_G_01,3,G01,train,step2_palma_dorso,1,1,8,0.5333
793,HandWash_003_A_03_G_01,3,G01,train,step2_palma_dorso,1,2,16,1.0667
794,HandWash_003_A_03_G_01,3,G01,train,step2_palma_dorso,1,3,24,1.6
795,HandWash_003_A_03_G_01,3,G01,train,step2_palma_dorso,1,4,32,2.1333
796,HandWash_003_A_03_G_01,3,G01,train,step2_palma_dorso,1,5,40,2.6667
797,HandWash_003_A_03_G_01,3,G01,train,step2_palma_dorso,1,6,48,3.2
798,HandWash_003_A_03_G_01,3,G01,train,step2_palma_dorso,1,7,56,3.7333
799,HandWash_003_A_03_G_01,3,G01,train,step2_palma_dorso,1,8,64,4.2667
800,HandWash_003_A_03_G_01,3,G01,train,step2_palma_dorso,1,9,72,4.8
801,HandWash_003_A_03_G_01,3,G01,train,step2_palma_dorso,1,10,80,5.3333
802,HandWash_003_A_03_G_01,3,G01,train,step2_palma_dorso,1,11,88,5.8667
803,HandWash_003_A_03_G_01,3,G01,train,step2_palma_dorso,1,12,96,6.4
804,HandWash_003_A_03_G_01,3,G01,train,step2_palma_dorso,1,13,104,6.9333
805,HandWash_003_A_03_G_01,3,G01,train,step2_palma_dorso,1,14,112,7.4667
806,HandWash_003_A_03_G_01,3,G01,train,step2_palma_dorso,1,15,120,8.0
807,HandWash_003_A_03_G_01,3,G01,train,step2_palma_dorso,1,16,128,8.5333
808,HandWash_003_A_03_G_01,3,G01,train,step2_palma_dorso,1,17,136,9.0667
809,HandWash_003_A_03_G_01,3,G01,train,step2_palma_dorso,1,18,144,9.6
810,HandWash_003_A_03_G_01,3,G01,train,step2_palma_dorso,1,19,152,10.1333
811,HandWash_003_A_03_G_01,3,G01,train,step2_palma_dorso,1,20,160,10.6667
812,HandWash_003_A_03_G_01,3,G01,train,step2_palma_dorso,1,21,168,11.2
107,HandWash_004_A_03_G_01,4,G01,val,step2_palma_dorso,1,0,0,0.0
108,HandWash_004_A_03_G_01,4,G01,val,step2_palma_dorso,1,1,15,1.0
109,HandWash_004_A_03_G_01,4,G01,val,step2_palma_dorso,1,2,30,2.0
110,HandWash_004_A_03_G_01,4,G01,val,step2_palma_dorso,1,3,45,3.0
111,HandWash_004_A_03_G_01,4,G01,val,step2_palma_dorso,1,4,60,4.0
112,HandWash_004_A_03_G_01,4,G01,val,step2_palma_dorso,1,5,75,5.0
113,HandWash_004_A_03_G_01,4,G01,val,step2_palma_dorso,1,6,90,6.0
114,HandWash_004_A_03_G_01,4,G01,val,step2_palma_dorso,1,7,105,7.0
115,HandWash_004_A_03_G_01,4,G01,val,step2_palma_dorso,1,8,120,8.0
116,HandWash_004_A_03_G_01,4,G01,val,step2_palma_dorso,1,9,135,9.0
117,HandWash_004_A_03_G_01,4,G01,val,step2_palma_dorso,1,10,150,10.0
118,HandWash_004_A_03_G_01,4,G01,val,step2_palma_dorso,1,11,165,11.0
813,HandWash_005_A_03_G_01,5,G01,train,step2_palma_dorso,1,0,0,0.0
814,HandWash_005_A_03_G_01,5,G01,train,step2_palma_dorso,1,1,8,0.5333
815,HandWash_005_A_03_G_01,5,G01,train,step2_palma_dorso,1,2,16,1.0667
816,HandWash_005_A_03_G_01,5,G01,train,step2_palma_dorso,1,3,24,1.6
817,HandWash_005_A_03_G_01,5,G01,train,step2_palma_dorso,1,4,32,2.1333
818,HandWash_005_A_03_G_01,5,G01,train,step2_palma_dorso,1,5,40,2.6667
819,HandWash_005_A_03_G_01,5,G01,train,step2_palma_dorso,1,6,48,3.2
820,HandWash_005_A_03_G_01,5,G01,train,step2_palma_dorso,1,7,56,3.7333
821,HandWash_005_A_03_G_01,5,G01,train,step2_palma_dorso,1,8,64,4.2667
822,HandWash_005_A_03_G_01,5,G01,train,step2_palma_dorso,1,9,72,4.8
823,HandWash_005_A_03_G_01,5,G01,train,step2_palma_dorso,1,10,80,5.3333
824,HandWash_005_A_03_G_01,5,G01,train,step2_palma_dorso,1,11,88,5.8667
825,HandWash_005_A_03_G_01,5,G01,train,step2_palma_dorso,1,12,96,6.4
826,HandWash_005_A_03_G_01,5,G01,train,step2_palma_dorso,1,13,104,6.9333
827,HandWash_005_A_03_G_01,5,G01,train,step2_palma_dorso,1,14,112,7.4667
828,HandWash_005_A_03_G_01,5,G01,train,step2_palma_dorso,1,15,120,8.0
829,HandWash_005_A_03_G_01,5,G01,train,step2_palma_dorso,1,16,128,8.5333
830,HandWash_005_A_03_G_01,5,G01,train,step2_palma_dorso,1,17,136,9.0667
831,HandWash_005_A_03_G_01,5,G01,train,step2_palma_dorso,1,18,144,9.6
832,HandWash_005_A_03_G_01,5,G01,train,step2_palma_dorso,1,19,152,10.1333
833,HandWash_005_A_03_G_01,5,G01,train,step2_palma_dorso,1,20,160,10.6667
834,HandWash_005_A_03_G_01,5,G01,train,step2_palma_dorso,1,21,168,11.2
835,HandWash_006_A_03_G_01,6,G01,train,step2_palma_dorso,1,0,0,0.0
836,HandWash_006_A_03_G_01,6,G01,train,step2_palma_dorso,1,1,8,0.5333
837,HandWash_006_A_03_G_01,6,G01,train,step2_palma_dorso,1,2,16,1.0667
838,HandWash_006_A_03_G_01,6,G01,train,step2_palma_dorso,1,3,24,1.6
839,HandWash_006_A_03_G_01,6,G01,train,step2_palma_dorso,1,4,32,2.1333
840,HandWash_006_A_03_G_01,6,G01,train,step2_palma_dorso,1,5,40,2.6667
841,HandWash_006_A_03_G_01,6,G01,train,step2_palma_dorso,1,6,48,3.2
842,HandWash_006_A_03_G_01,6,G01,train,step2_palma_dorso,1,7,56,3.7333
843,HandWash_006_A_03_G_01,6,G01,train,step2_palma_dorso,1,8,64,4.2667
844,HandWash_006_A_03_G_01,6,G01,train,step2_palma_dorso,1,9,72,4.8
845,HandWash_006_A_03_G_01,6,G01,train,step2_palma_dorso,1,10,80,5.3333
846,HandWash_006_A_03_G_01,6,G01,train,step2_palma_dorso,1,11,88,5.8667
847,HandWash_006_A_03_G_01,6,G01,train,step2_palma_dorso,1,12,96,6.4
848,HandWash_006_A_03_G_01,6,G01,train,step2_palma_dorso,1,13,104,6.9333
849,HandWash_006_A_03_G_01,6,G01,train,step2_palma_dorso,1,14,112,7.4667
850,HandWash_006_A_03_G_01,6,G01,train,step2_palma_dorso,1,15,120,8.0
851,HandWash_006_A_03_G_01,6,G01,train,step2_palma_dorso,1,16,128,8.5333
852,HandWash_006_A_03_G_01,6,G01,train,step2_palma_dorso,1,17,136,9.0667
853,HandWash_006_A_03_G_01,6,G01,train,step2_palma_dorso,1,18,144,9.6
854,HandWash_006_A_03_G_01,6,G01,train,step2_palma_dorso,1,19,152,10.1333
855,HandWash_006_A_03_G_01,6,G01,train,step2_palma_dorso,1,20,160,10.6667
856,HandWash_006_A_03_G_01,6,G01,train,step2_palma_dorso,1,21,168,11.2
857,HandWash_006_A_03_G_01,6,G01,train,step2_palma_dorso,1,22,176,11.7333
858,HandWash_006_A_03_G_01,6,G01,train,step2_palma_dorso,1,23,184,12.2667
859,HandWash_006_A_03_G_01,6,G01,train,step2_palma_dorso,1,24,192,12.8
860,HandWash_006_A_03_G_01,6,G01,train,step2_palma_dorso,1,25,200,13.3333
861,HandWash_006_A_03_G_01,6,G01,train,step2_palma_dorso,1,26,208,13.8667
131,HandWash_007_A_03_G_01,7,G01,test,step2_palma_dorso,1,0,0,0.0
132,HandWash_007_A_03_G_01,7,G01,test,step2_palma_dorso,1,1,15,1.0
133,HandWash_007_A_03_G_01,7,G01,test,step2_palma_dorso,1,2,30,2.0
134,HandWash_007_A_03_G_01,7,G01,test,step2_palma_dorso,1,3,45,3.0
135,HandWash_007_A_03_G_01,7,G01,test,step2_palma_dorso,1,4,60,4.0
136,HandWash_007_A_03_G_01,7,G01,test,step2_palma_dorso,1,5,75,5.0
137,HandWash_007_A_03_G_01,7,G01,test,step2_palma_dorso,1,6,90,6.0
138,HandWash_007_A_03_G_01,7,G01,test,step2_palma_dorso,1,7,105,7.0
139,HandWash_007_A_03_G_01,7,G01,test,step2_palma_dorso,1,8,120,8.0
140,HandWash_007_A_03_G_01,7,G01,test,step2_palma_dorso,1,9,135,9.0
862,HandWash_008_A_03_G_01,8,G01,train,step2_palma_dorso,1,0,0,0.0
863,HandWash_008_A_03_G_01,8,G01,train,step2_palma_dorso,1,1,8,0.5333
864,HandWash_008_A_03_G_01,8,G01,train,step2_palma_dorso,1,2,16,1.0667
865,HandWash_008_A_03_G_01,8,G01,train,step2_palma_dorso,1,3,24,1.6
866,HandWash_008_A_03_G_01,8,G01,train,step2_palma_dorso,1,4,32,2.1333
867,HandWash_008_A_03_G_01,8,G01,train,step2_palma_dorso,1,5,40,2.6667
868,HandWash_008_A_03_G_01,8,G01,train,step2_palma_dorso,1,6,48,3.2
869,HandWash_008_A_03_G_01,8,G01,train,step2_palma_dorso,1,7,56,3.7333
870,HandWash_008_A_03_G_01,8,G01,train,step2_palma_dorso,1,8,64,4.2667
871,HandWash_008_A_03_G_01,8,G01,train,step2_palma_dorso,1,9,72,4.8
872,HandWash_008_A_03_G_01,8,G01,train,step2_palma_dorso,1,10,80,5.3333
873,HandWash_008_A_03_G_01,8,G01,train,step2_palma_dorso,1,11,88,5.8667
874,HandWash_008_A_03_G_01,8,G01,train,step2_palma_dorso,1,12,96,6.4
875,HandWash_008_A_03_G_01,8,G01,train,step2_palma_dorso,1,13,104,6.9333
876,HandWash_008_A_03_G_01,8,G01,train,step2_palma_dorso,1,14,112,7.4667
877,HandWash_008_A_03_G_01,8,G01,train,step2_palma_dorso,1,15,120,8.0
878,HandWash_008_A_03_G_01,8,G01,train,step2_palma_dorso,1,16,128,8.5333
879,HandWash_008_A_03_G_01,8,G01,train,step2_palma_dorso,1,17,136,9.0667
880,HandWash_008_A_03_G_01,8,G01,train,step2_palma_dorso,1,18,144,9.6
881,HandWash_008_A_03_G_01,8,G01,train,step2_palma_dorso,1,19,152,10.1333
882,HandWash_008_A_03_G_01,8,G01,train,step2_palma_dorso,1,20,160,10.6667
883,HandWash_008_A_03_G_01,8,G01,train,step2_palma_dorso,1,21,168,11.2
884,HandWash_008_A_03_G_01,8,G01,train,step2_palma_dorso,1,22,176,11.7333
885,HandWash_008_A_03_G_01,8,G01,train,step2_palma_dorso,1,23,184,12.2667
886,HandWash_008_A_03_G_01,8,G01,train,step2_palma_dorso,1,24,192,12.8
887,HandWash_008_A_03_G_01,8,G01,train,step2_palma_dorso,1,25,200,13.3333
888,HandWash_008_A_03_G_01,8,G01,train,step2_palma_dorso,1,26,208,13.8667
889,HandWash_008_A_03_G_01,8,G01,train,step2_palma_dorso,1,27,216,14.4
890,HandWash_008_A_03_G_01,8,G01,train,step2_palma_dorso,1,28,224,14.9333
891,HandWash_008_A_03_G_01,8,G01,train,step2_palma_dorso,1,29,232,15.4667
892,HandWash_008_A_03_G_01,8,G01,train,step2_palma_dorso,1,30,240,16.0
893,HandWash_009_A_03_G_02,9,G02,train,step2_palma_dorso,1,0,0,0.0
894,HandWash_009_A_03_G_02,9,G02,train,step2_palma_dorso,1,1,8,0.5333
895,HandWash_009_A_03_G_02,9,G02,train,step2_palma_dorso,1,2,16,1.0667
896,HandWash_009_A_03_G_02,9,G02,train,step2_palma_dorso,1,3,24,1.6
897,HandWash_009_A_03_G_02,9,G02,train,step2_palma_dorso,1,4,32,2.1333
898,HandWash_009_A_03_G_02,9,G02,train,step2_palma_dorso,1,5,40,2.6667
899,HandWash_009_A_03_G_02,9,G02,train,step2_palma_dorso,1,6,48,3.2
900,HandWash_009_A_03_G_02,9,G02,train,step2_palma_dorso,1,7,56,3.7333
901,HandWash_009_A_03_G_02,9,G02,train,step2_palma_dorso,1,8,64,4.2667
902,HandWash_009_A_03_G_02,9,G02,train,step2_palma_dorso,1,9,72,4.8
903,HandWash_009_A_03_G_02,9,G02,train,step2_palma_dorso,1,10,80,5.3333
904,HandWash_009_A_03_G_02,9,G02,train,step2_palma_dorso,1,11,88,5.8667
905,HandWash_009_A_03_G_02,9,G02,train,step2_palma_dorso,1,12,96,6.4
906,HandWash_009_A_03_G_02,9,G02,train,step2_palma_dorso,1,13,104,6.9333
907,HandWash_009_A_03_G_02,9,G02,train,step2_palma_dorso,1,14,112,7.4667
908,HandWash_009_A_03_G_02,9,G02,train,step2_palma_dorso,1,15,120,8.0
909,HandWash_009_A_03_G_02,9,G02,train,step2_palma_dorso,1,16,128,8.5333
910,HandWash_009_A_03_G_02,9,G02,train,step2_palma_dorso,1,17,136,9.0667
911,HandWash_009_A_03_G_02,9,G02,train,step2_palma_dorso,1,18,144,9.6
912,HandWash_009_A_03_G_02,9,G02,train,step2_palma_dorso,1,19,152,10.1333
913,HandWash_009_A_03_G_02,9,G02,train,step2_palma_dorso,1,20,160,10.6667
914,HandWash_009_A_03_G_02,9,G02,train,step2_palma_dorso,1,21,168,11.2
915,HandWash_009_A_03_G_02,9,G02,train,step2_palma_dorso,1,22,176,11.7333
916,HandWash_009_A_03_G_02,9,G02,train,step2_palma_dorso,1,23,184,12.2667
917,HandWash_009_A_03_G_02,9,G02,train,step2_palma_dorso,1,24,192,12.8
918,HandWash_009_A_03_G_02,9,G02,train,step2_palma_dorso,1,25,200,13.3333
919,HandWash_010_A_03_G_02,10,G02,train,step2_palma_dorso,1,0,0,0.0
920,HandWash_010_A_03_G_02,10,G02,train,step2_palma_dorso,1,1,8,0.5333
921,HandWash_010_A_03_G_02,10,G02,train,step2_palma_dorso,1,2,16,1.0667
922,HandWash_010_A_03_G_02,10,G02,train,step2_palma_dorso,1,3,24,1.6
923,HandWash_010_A_03_G_02,10,G02,train,step2_palma_dorso,1,4,32,2.1333
924,HandWash_010_A_03_G_02,10,G02,train,step2_palma_dorso,1,5,40,2.6667
925,HandWash_010_A_03_G_02,10,G02,train,step2_palma_dorso,1,6,48,3.2
926,HandWash_010_A_03_G_02,10,G02,train,step2_palma_dorso,1,7,56,3.7333
927,HandWash_010_A_03_G_02,10,G02,train,step2_palma_dorso,1,8,64,4.2667
928,HandWash_010_A_03_G_02,10,G02,train,step2_palma_dorso,1,9,72,4.8
929,HandWash_010_A_03_G_02,10,G02,train,step2_palma_dorso,1,10,80,5.3333
930,HandWash_010_A_03_G_02,10,G02,train,step2_palma_dorso,1,11,88,5.8667
931,HandWash_010_A_03_G_02,10,G02,train,step2_palma_dorso,1,12,96,6.4
932,HandWash_010_A_03_G_02,10,G02,train,step2_palma_dorso,1,13,104,6.9333
933,HandWash_010_A_03_G_02,10,G02,train,step2_palma_dorso,1,14,112,7.4667
934,HandWash_010_A_03_G_02,10,G02,train,step2_palma_dorso,1,15,120,8.0
935,HandWash_010_A_03_G_02,10,G02,train,step2_palma_dorso,1,16,128,8.5333
936,HandWash_010_A_03_G_02,10,G02,train,step2_palma_dorso,1,17,136,9.0667
937,HandWash_010_A_03_G_02,10,G02,train,step2_palma_dorso,1,18,144,9.6
938,HandWash_010_A_03_G_02,10,G02,train,step2_palma_dorso,1,19,152,10.1333
939,HandWash_010_A_03_G_02,10,G02,train,step2_palma_dorso,1,20,160,10.6667
940,HandWash_010_A_03_G_02,10,G02,train,step2_palma_dorso,1,21,168,11.2
941,HandWash_010_A_03_G_02,10,G02,train,step2_palma_dorso,1,22,176,11.7333
942,HandWash_010_A_03_G_02,10,G02,train,step2_palma_dorso,1,23,184,12.2667
943,HandWash_010_A_03_G_02,10,G02,train,step2_palma_dorso,1,24,192,12.8
944,HandWash_010_A_03_G_02,10,G02,train,step2_palma_dorso,1,25,200,13.3333
945,HandWash_010_A_03_G_02,10,G02,train,step2_palma_dorso,1,26,208,13.8667
946,HandWash_010_A_03_G_02,10,G02,train,step2_palma_dorso,1,27,216,14.4
947,HandWash_010_A_03_G_02,10,G02,train,step2_palma_dorso,1,28,224,14.9333
948,HandWash_010_A_03_G_02,10,G02,train,step2_palma_dorso,1,29,232,15.4667
949,HandWash_010_A_03_G_02,10,G02,train,step2_palma_dorso,1,30,240,16.0
950,HandWash_010_A_03_G_02,10,G02,train,step2_palma_dorso,1,31,248,16.5333
951,HandWash_010_A_03_G_02,10,G02,train,step2_palma_dorso,1,32,256,17.0667
952,HandWash_010_A_03_G_02,10,G02,train,step2_palma_dorso,1,33,264,17.6
953,HandWash_010_A_03_G_02,10,G02,train,step2_palma_dorso,1,34,272,18.1333
954,HandWash_011_A_03_G_02,11,G02,train,step2_palma_dorso,1,0,0,0.0
955,HandWash_011_A_03_G_02,11,G02,train,step2_palma_dorso,1,1,8,0.5333
956,HandWash_011_A_03_G_02,11,G02,train,step2_palma_dorso,1,2,16,1.0667
957,HandWash_011_A_03_G_02,11,G02,train,step2_palma_dorso,1,3,24,1.6
958,HandWash_011_A_03_G_02,11,G02,train,step2_palma_dorso,1,4,32,2.1333
959,HandWash_011_A_03_G_02,11,G02,train,step2_palma_dorso,1,5,40,2.6667
960,HandWash_011_A_03_G_02,11,G02,train,step2_palma_dorso,1,6,48,3.2
961,HandWash_011_A_03_G_02,11,G02,train,step2_palma_dorso,1,7,56,3.7333
962,HandWash_011_A_03_G_02,11,G02,train,step2_palma_dorso,1,8,64,4.2667
963,HandWash_011_A_03_G_02,11,G02,train,step2_palma_dorso,1,9,72,4.8
964,HandWash_011_A_03_G_02,11,G02,train,step2_palma_dorso,1,10,80,5.3333
965,HandWash_011_A_03_G_02,11,G02,train,step2_palma_dorso,1,11,88,5.8667
966,HandWash_011_A_03_G_02,11,G02,train,step2_palma_dorso,1,12,96,6.4
967,HandWash_011_A_03_G_02,11,G02,train,step2_palma_dorso,1,13,104,6.9333
968,HandWash_011_A_03_G_02,11,G02,train,step2_palma_dorso,1,14,112,7.4667
969,HandWash_011_A_03_G_02,11,G02,train,step2_palma_dorso,1,15,120,8.0
970,HandWash_011_A_03_G_02,11,G02,train,step2_palma_dorso,1,16,128,8.5333
971,HandWash_011_A_03_G_02,11,G02,train,step2_palma_dorso,1,17,136,9.0667
972,HandWash_011_A_03_G_02,11,G02,train,step2_palma_dorso,1,18,144,9.6
973,HandWash_011_A_03_G_02,11,G02,train,step2_palma_dorso,1,19,152,10.1333
974,HandWash_011_A_03_G_02,11,G02,train,step2_palma_dorso,1,20,160,10.6667
975,HandWash_011_A_03_G_02,11,G02,train,step2_palma_dorso,1,21,168,11.2
976,HandWash_011_A_03_G_02,11,G02,train,step2_palma_dorso,1,22,176,11.7333
977,HandWash_011_A_03_G_02,11,G02,train,step2_palma_dorso,1,23,184,12.2667
978,HandWash_011_A_03_G_02,11,G02,train,step2_palma_dorso,1,24,192,12.8
979,HandWash_011_A_03_G_02,11,G02,train,step2_palma_dorso,1,25,200,13.3333
980,HandWash_011_A_03_G_02,11,G02,train,step2_palma_dorso,1,26,208,13.8667
981,HandWash_011_A_03_G_02,11,G02,train,step2_palma_dorso,1,27,216,14.4
982,HandWash_011_A_03_G_02,11,G02,train,step2_palma_dorso,1,28,224,14.9333
983,HandWash_011_A_03_G_02,11,G02,train,step2_palma_dorso,1,29,232,15.4667
984,HandWash_011_A_03_G_02,11,G02,train,step2_palma_dorso,1,30,240,16.0
985,HandWash_011_A_03_G_02,11,G02,train,step2_palma_dorso,1,31,248,16.5333
986,HandWash_011_A_03_G_02,11,G02,train,step2_palma_dorso,1,32,256,17.0667
987,HandWash_011_A_03_G_02,11,G02,train,step2_palma_dorso,1,33,264,17.6
988,HandWash_011_A_03_G_02,11,G02,train,step2_palma_dorso,1,34,272,18.1333
989,HandWash_011_A_03_G_02,11,G02,train,step2_palma_dorso,1,35,280,18.6667
990,HandWash_011_A_03_G_02,11,G02,train,step2_palma_dorso,1,36,288,19.2
991,HandWash_011_A_03_G_02,11,G02,train,step2_palma_dorso,1,37,296,19.7333
992,HandWash_011_A_03_G_02,11,G02,train,step2_palma_dorso,1,38,304,20.2667
993,HandWash_012_A_03_G_03,12,G03,train,step2_palma_dorso,1,0,0,0.0
994,HandWash_012_A_03_G_03,12,G03,train,step2_palma_dorso,1,1,8,0.5333
995,HandWash_012_A_03_G_03,12,G03,train,step2_palma_dorso,1,2,16,1.0667
996,HandWash_012_A_03_G_03,12,G03,train,step2_palma_dorso,1,3,24,1.6
997,HandWash_012_A_03_G_03,12,G03,train,step2_palma_dorso,1,4,32,2.1333
998,HandWash_012_A_03_G_03,12,G03,train,step2_palma_dorso,1,5,40,2.6667
999,HandWash_012_A_03_G_03,12,G03,train,step2_palma_dorso,1,6,48,3.2
1000,HandWash_012_A_03_G_03,12,G03,train,step2_palma_dorso,1,7,56,3.7333
1001,HandWash_012_A_03_G_03,12,G03,train,step2_palma_dorso,1,8,64,4.2667
1002,HandWash_012_A_03_G_03,12,G03,train,step2_palma_dorso,1,9,72,4.8
1003,HandWash_012_A_03_G_03,12,G03,train,step2_palma_dorso,1,10,80,5.3333
1004,HandWash_012_A_03_G_03,12,G03,train,step2_palma_dorso,1,11,88,5.8667
1005,HandWash_012_A_03_G_03,12,G03,train,step2_palma_dorso,1,12,96,6.4
1006,HandWash_012_A_03_G_03,12,G03,train,step2_palma_dorso,1,13,104,6.9333
141,HandWash_013_A_03_G_03,13,G03,test,step2_palma_dorso,1,0,0,0.0
142,HandWash_013_A_03_G_03,13,G03,test,step2_palma_dorso,1,1,15,1.0
143,HandWash_013_A_03_G_03,13,G03,test,step2_palma_dorso,1,2,30,2.0
144,HandWash_013_A_03_G_03,13,G03,test,step2_palma_dorso,1,3,45,3.0
145,HandWash_013_A_03_G_03,13,G03,test,step2_palma_dorso,1,4,60,4.0
146,HandWash_013_A_03_G_03,13,G03,test,step2_palma_dorso,1,5,75,5.0
147,HandWash_013_A_03_G_03,13,G03,test,step2_palma_dorso,1,6,90,6.0
148,HandWash_013_A_03_G_03,13,G03,test,step2_palma_dorso,1,7,105,7.0
149,HandWash_013_A_03_G_03,13,G03,test,step2_palma_dorso,1,8,120,8.0
150,HandWash_013_A_03_G_03,13,G03,test,step2_palma_dorso,1,9,135,9.0
151,HandWash_013_A_03_G_03,13,G03,test,step2_palma_dorso,1,10,150,10.0
152,HandWash_013_A_03_G_03,13,G03,test,step2_palma_dorso,1,11,165,11.0
1007,HandWash_014_A_03_G_03,14,G03,train,step2_palma_dorso,1,0,0,0.0
1008,HandWash_014_A_03_G_03,14,G03,train,step2_palma_dorso,1,1,8,0.5333
1009,HandWash_014_A_03_G_03,14,G03,train,step2_palma_dorso,1,2,16,1.0667
1010,HandWash_014_A_03_G_03,14,G03,train,step2_palma_dorso,1,3,24,1.6
1011,HandWash_014_A_03_G_03,14,G03,train,step2_palma_dorso,1,4,32,2.1333
1012,HandWash_014_A_03_G_03,14,G03,train,step2_palma_dorso,1,5,40,2.6667
1013,HandWash_014_A_03_G_03,14,G03,train,step2_palma_dorso,1,6,48,3.2
1014,HandWash_014_A_03_G_03,14,G03,train,step2_palma_dorso,1,7,56,3.7333
1015,HandWash_014_A_03_G_03,14,G03,train,step2_palma_dorso,1,8,64,4.2667
1016,HandWash_014_A_03_G_03,14,G03,train,step2_palma_dorso,1,9,72,4.8
1017,HandWash_014_A_03_G_03,14,G03,train,step2_palma_dorso,1,10,80,5.3333
1018,HandWash_014_A_03_G_03,14,G03,train,step2_palma_dorso,1,11,88,5.8667
1019,HandWash_014_A_03_G_03,14,G03,train,step2_palma_dorso,1,12,96,6.4
1020,HandWash_014_A_03_G_03,14,G03,train,step2_palma_dorso,1,13,104,6.9333
1021,HandWash_014_A_03_G_03,14,G03,train,step2_palma_dorso,1,14,112,7.4667
1022,HandWash_014_A_03_G_03,14,G03,train,step2_palma_dorso,1,15,120,8.0
1023,HandWash_014_A_03_G_03,14,G03,train,step2_palma_dorso,1,16,128,8.5333
1024,HandWash_014_A_03_G_03,14,G03,train,step2_palma_dorso,1,17,136,9.0667
1025,HandWash_015_A_03_G_04,15,G04,train,step2_palma_dorso,1,0,0,0.0
1026,HandWash_015_A_03_G_04,15,G04,train,step2_palma_dorso,1,1,8,0.5333
1027,HandWash_015_A_03_G_04,15,G04,train,step2_palma_dorso,1,2,16,1.0667
1028,HandWash_015_A_03_G_04,15,G04,train,step2_palma_dorso,1,3,24,1.6
1029,HandWash_015_A_03_G_04,15,G04,train,step2_palma_dorso,1,4,32,2.1333
1030,HandWash_015_A_03_G_04,15,G04,train,step2_palma_dorso,1,5,40,2.6667
1031,HandWash_015_A_03_G_04,15,G04,train,step2_palma_dorso,1,6,48,3.2
1032,HandWash_015_A_03_G_04,15,G04,train,step2_palma_dorso,1,7,56,3.7333
1033,HandWash_015_A_03_G_04,15,G04,train,step2_palma_dorso,1,8,64,4.2667
1034,HandWash_015_A_03_G_04,15,G04,train,step2_palma_dorso,1,9,72,4.8
1035,HandWash_015_A_03_G_04,15,G04,train,step2_palma_dorso,1,10,80,5.3333
1036,HandWash_015_A_03_G_04,15,G04,train,step2_palma_dorso,1,11,88,5.8667
1037,HandWash_015_A_03_G_04,15,G04,train,step2_palma_dorso,1,12,96,6.4
1038,HandWash_015_A_03_G_04,15,G04,train,step2_palma_dorso,1,13,104,6.9333
1039,HandWash_015_A_03_G_04,15,G04,train,step2_palma_dorso,1,14,112,7.4667
1040,HandWash_015_A_03_G_04,15,G04,train,step2_palma_dorso,1,15,120,8.0
1041,HandWash_015_A_03_G_04,15,G04,train,step2_palma_dorso,1,16,128,8.5333
1042,HandWash_015_A_03_G_04,15,G04,train,step2_palma_dorso,1,17,136,9.0667
1043,HandWash_015_A_03_G_04,15,G04,train,step2_palma_dorso,1,18,144,9.6
1044,HandWash_015_A_03_G_04,15,G04,train,step2_palma_dorso,1,19,152,10.1333
1045,HandWash_015_A_03_G_04,15,G04,train,step2_palma_dorso,1,20,160,10.6667
1046,HandWash_015_A_03_G_04,15,G04,train,step2_palma_dorso,1,21,168,11.2
119,HandWash_016_A_03_G_04,16,G04,val,step2_palma_dorso,1,0,0,0.0
120,HandWash_016_A_03_G_04,16,G04,val,step2_palma_dorso,1,1,15,1.0
121,HandWash_016_A_03_G_04,16,G04,val,step2_palma_dorso,1,2,30,2.0
122,HandWash_016_A_03_G_04,16,G04,val,step2_palma_dorso,1,3,45,3.0
123,HandWash_016_A_03_G_04,16,G04,val,step2_palma_dorso,1,4,60,4.0
124,HandWash_016_A_03_G_04,16,G04,val,step2_palma_dorso,1,5,75,5.0
125,HandWash_016_A_03_G_04,16,G04,val,step2_palma_dorso,1,6,90,6.0
126,HandWash_016_A_03_G_04,16,G04,val,step2_palma_dorso,1,7,105,7.0
127,HandWash_016_A_03_G_04,16,G04,val,step2_palma_dorso,1,8,120,8.0
128,HandWash_016_A_03_G_04,16,G04,val,step2_palma_dorso,1,9,135,9.0
1047,HandWash_017_A_03_G_04,17,G04,train,step2_palma_dorso,1,0,0,0.0
1048,HandWash_017_A_03_G_04,17,G04,train,step2_palma_dorso,1,1,8,0.5333
1049,HandWash_017_A_03_G_04,17,G04,train,step2_palma_dorso,1,2,16,1.0667
1050,HandWash_017_A_03_G_04,17,G04,train,step2_palma_dorso,1,3,24,1.6
1051,HandWash_017_A_03_G_04,17,G04,train,step2_palma_dorso,1,4,32,2.1333
1052,HandWash_017_A_03_G_04,17,G04,train,step2_palma_dorso,1,5,40,2.6667
1053,HandWash_017_A_03_G_04,17,G04,train,step2_palma_dorso,1,6,48,3.2
1054,HandWash_017_A_03_G_04,17,G04,train,step2_palma_dorso,1,7,56,3.7333
1055,HandWash_017_A_03_G_04,17,G04,train,step2_palma_dorso,1,8,64,4.2667
1056,HandWash_017_A_03_G_04,17,G04,train,step2_palma_dorso,1,9,72,4.8
1057,HandWash_017_A_03_G_04,17,G04,train,step2_palma_dorso,1,10,80,5.3333
1058,HandWash_017_A_03_G_04,17,G04,train,step2_palma_dorso,1,11,88,5.8667
1059,HandWash_017_A_03_G_04,17,G04,train,step2_palma_dorso,1,12,96,6.4
1060,HandWash_017_A_03_G_04,17,G04,train,step2_palma_dorso,1,13,104,6.9333
1061,HandWash_017_A_03_G_04,17,G04,train,step2_palma_dorso,1,14,112,7.4667
1062,HandWash_017_A_03_G_04,17,G04,train,step2_palma_dorso,1,15,120,8.0
1063,HandWash_017_A_03_G_04,17,G04,train,step2_palma_dorso,1,16,128,8.5333
1064,HandWash_017_A_03_G_04,17,G04,train,step2_palma_dorso,1,17,136,9.0667
1065,HandWash_018_A_03_G_05,18,G05,train,step2_palma_dorso,1,0,0,0.0
1066,HandWash_018_A_03_G_05,18,G05,train,step2_palma_dorso,1,1,8,0.5333
1067,HandWash_018_A_03_G_05,18,G05,train,step2_palma_dorso,1,2,16,1.0667
1068,HandWash_018_A_03_G_05,18,G05,train,step2_palma_dorso,1,3,24,1.6
1069,HandWash_018_A_03_G_05,18,G05,train,step2_palma_dorso,1,4,32,2.1333
1070,HandWash_018_A_03_G_05,18,G05,train,step2_palma_dorso,1,5,40,2.6667
1071,HandWash_018_A_03_G_05,18,G05,train,step2_palma_dorso,1,6,48,3.2
1072,HandWash_018_A_03_G_05,18,G05,train,step2_palma_dorso,1,7,56,3.7333
1073,HandWash_018_A_03_G_05,18,G05,train,step2_palma_dorso,1,8,64,4.2667
1074,HandWash_018_A_03_G_05,18,G05,train,step2_palma_dorso,1,9,72,4.8
1075,HandWash_018_A_03_G_05,18,G05,train,step2_palma_dorso,1,10,80,5.3333
1076,HandWash_018_A_03_G_05,18,G05,train,step2_palma_dorso,1,11,88,5.8667
1077,HandWash_018_A_03_G_05,18,G05,train,step2_palma_dorso,1,12,96,6.4
1078,HandWash_018_A_03_G_05,18,G05,train,step2_palma_dorso,1,13,104,6.9333
1079,HandWash_018_A_03_G_05,18,G05,train,step2_palma_dorso,1,14,112,7.4667
1080,HandWash_018_A_03_G_05,18,G05,train,step2_palma_dorso,1,15,120,8.0
1081,HandWash_018_A_03_G_05,18,G05,train,step2_palma_dorso,1,16,128,8.5333
1082,HandWash_018_A_03_G_05,18,G05,train,step2_palma_dorso,1,17,136,9.0667
1083,HandWash_018_A_03_G_05,18,G05,train,step2_palma_dorso,1,18,144,9.6
1084,HandWash_018_A_03_G_05,18,G05,train,step2_palma_dorso,1,19,152,10.1333
1085,HandWash_018_A_03_G_05,18,G05,train,step2_palma_dorso,1,20,160,10.6667
1086,HandWash_018_A_03_G_05,18,G05,train,step2_palma_dorso,1,21,168,11.2
153,HandWash_019_A_03_G_05,19,G05,test,step2_palma_dorso,1,0,0,0.0
154,HandWash_019_A_03_G_05,19,G05,test,step2_palma_dorso,1,1,15,1.0
155,HandWash_019_A_03_G_05,19,G05,test,step2_palma_dorso,1,2,30,2.0
156,HandWash_019_A_03_G_05,19,G05,test,step2_palma_dorso,1,3,45,3.0
157,HandWash_019_A_03_G_05,19,G05,test,step2_palma_dorso,1,4,60,4.0
158,HandWash_019_A_03_G_05,19,G05,test,step2_palma_dorso,1,5,75,5.0
159,HandWash_019_A_03_G_05,19,G05,test,step2_palma_dorso,1,6,90,6.0
160,HandWash_019_A_03_G_05,19,G05,test,step2_palma_dorso,1,7,105,7.0
161,HandWash_019_A_03_G_05,19,G05,test,step2_palma_dorso,1,8,120,8.0
162,HandWash_019_A_03_G_05,19,G05,test,step2_palma_dorso,1,9,135,9.0
1087,HandWash_020_A_03_G_05,20,G05,train,step2_palma_dorso,1,0,0,0.0
1088,HandWash_020_A_03_G_05,20,G05,train,step2_palma_dorso,1,1,8,0.5333
1089,HandWash_020_A_03_G_05,20,G05,train,step2_palma_dorso,1,2,16,1.0667
1090,HandWash_020_A_03_G_05,20,G05,train,step2_palma_dorso,1,3,24,1.6
1091,HandWash_020_A_03_G_05,20,G05,train,step2_palma_dorso,1,4,32,2.1333
1092,HandWash_020_A_03_G_05,20,G05,train,step2_palma_dorso,1,5,40,2.6667
1093,HandWash_020_A_03_G_05,20,G05,train,step2_palma_dorso,1,6,48,3.2
1094,HandWash_020_A_03_G_05,20,G05,train,step2_palma_dorso,1,7,56,3.7333
1095,HandWash_020_A_03_G_05,20,G05,train,step2_palma_dorso,1,8,64,4.2667
1096,HandWash_020_A_03_G_05,20,G05,train,step2_palma_dorso,1,9,72,4.8
1097,HandWash_020_A_03_G_05,20,G05,train,step2_palma_dorso,1,10,80,5.3333
1098,HandWash_020_A_03_G_05,20,G05,train,step2_palma_dorso,1,11,88,5.8667
129,HandWash_021_A_03_G_05,21,G05,val,step2_palma_dorso,1,0,0,0.0
130,HandWash_021_A_03_G_05,21,G05,val,step2_palma_dorso,1,1,15,1.0
131,HandWash_021_A_03_G_05,21,G05,val,step2_palma_dorso,1,2,30,2.0
132,HandWash_021_A_03_G_05,21,G05,val,step2_palma_dorso,1,3,45,3.0
133,HandWash_021_A_03_G_05,21,G05,val,step2_palma_dorso,1,4,60,4.0
134,HandWash_021_A_03_G_05,21,G05,val,step2_palma_dorso,1,5,75,5.0
135,HandWash_021_A_03_G_05,21,G05,val,step2_palma_dorso,1,6,90,6.0
136,HandWash_021_A_03_G_05,21,G05,val,step2_palma_dorso,1,7,105,7.0
137,HandWash_021_A_03_G_05,21,G05,val,step2_palma_dorso,1,8,120,8.0
138,HandWash_021_A_03_G_05,21,G05,val,step2_palma_dorso,1,9,135,9.0
139,HandWash_021_A_03_G_05,21,G05,val,step2_palma_dorso,1,10,150,10.0
140,HandWash_022_A_03_G_05,22,G05,val,step2_palma_dorso,1,0,0,0.0
141,HandWash_022_A_03_G_05,22,G05,val,step2_palma_dorso,1,1,15,1.0
142,HandWash_022_A_03_G_05,22,G05,val,step2_palma_dorso,1,2,30,2.0
143,HandWash_022_A_03_G_05,22,G05,val,step2_palma_dorso,1,3,45,3.0
144,HandWash_022_A_03_G_05,22,G05,val,step2_palma_dorso,1,4,60,4.0
145,HandWash_022_A_03_G_05,22,G05,val,step2_palma_dorso,1,5,75,5.0
146,HandWash_022_A_03_G_05,22,G05,val,step2_palma_dorso,1,6,90,6.0
147,HandWash_022_A_03_G_05,22,G05,val,step2_palma_dorso,1,7,105,7.0
148,HandWash_022_A_03_G_05,22,G05,val,step2_palma_dorso,1,8,120,8.0
149,HandWash_022_A_03_G_05,22,G05,val,step2_palma_dorso,1,9,135,9.0
150,HandWash_022_A_03_G_05,22,G05,val,step2_palma_dorso,1,10,150,10.0
151,HandWash_022_A_03_G_05,22,G05,val,step2_palma_dorso,1,11,165,11.0
1099,HandWash_023_A_03_G_05,23,G05,train,step2_palma_dorso,1,0,0,0.0
1100,HandWash_023_A_03_G_05,23,G05,train,step2_palma_dorso,1,1,8,0.5333
1101,HandWash_023_A_03_G_05,23,G05,train,step2_palma_dorso,1,2,16,1.0667
1102,HandWash_023_A_03_G_05,23,G05,train,step2_palma_dorso,1,3,24,1.6
1103,HandWash_023_A_03_G_05,23,G05,train,step2_palma_dorso,1,4,32,2.1333
1104,HandWash_023_A_03_G_05,23,G05,train,step2_palma_dorso,1,5,40,2.6667
1105,HandWash_023_A_03_G_05,23,G05,train,step2_palma_dorso,1,6,48,3.2
1106,HandWash_023_A_03_G_05,23,G05,train,step2_palma_dorso,1,7,56,3.7333
1107,HandWash_023_A_03_G_05,23,G05,train,step2_palma_dorso,1,8,64,4.2667
1108,HandWash_023_A_03_G_05,23,G05,train,step2_palma_dorso,1,9,72,4.8
1109,HandWash_023_A_03_G_05,23,G05,train,step2_palma_dorso,1,10,80,5.3333
1110,HandWash_023_A_03_G_05,23,G05,train,step2_palma_dorso,1,11,88,5.8667
1111,HandWash_023_A_03_G_05,23,G05,train,step2_palma_dorso,1,12,96,6.4
1112,HandWash_023_A_03_G_05,23,G05,train,step2_palma_dorso,1,13,104,6.9333
1113,HandWash_023_A_03_G_05,23,G05,train,step2_palma_dorso,1,14,112,7.4667
163,HandWash_024_A_03_G_05,24,G05,test,step2_palma_dorso,1,0,0,0.0
164,HandWash_024_A_03_G_05,24,G05,test,step2_palma_dorso,1,1,15,1.0
165,HandWash_024_A_03_G_05,24,G05,test,step2_palma_dorso,1,2,30,2.0
166,HandWash_024_A_03_G_05,24,G05,test,step2_palma_dorso,1,3,45,3.0
167,HandWash_024_A_03_G_05,24,G05,test,step2_palma_dorso,1,4,60,4.0
168,HandWash_024_A_03_G_05,24,G05,test,step2_palma_dorso,1,5,75,5.0
169,HandWash_024_A_03_G_05,24,G05,test,step2_palma_dorso,1,6,90,6.0
170,HandWash_024_A_03_G_05,24,G05,test,step2_palma_dorso,1,7,105,7.0
1114,HandWash_025_A_03_G_05,25,G05,train,step2_palma_dorso,1,0,0,0.0
1115,HandWash_025_A_03_G_05,25,G05,train,step2_palma_dorso,1,1,8,0.5333
1116,HandWash_025_A_03_G_05,25,G05,train,step2_palma_dorso,1,2,16,1.0667
1117,HandWash_025_A_03_G_05,25,G05,train,step2_palma_dorso,1,3,24,1.6
1118,HandWash_025_A_03_G_05,25,G05,train,step2_palma_dorso,1,4,32,2.1333
1119,HandWash_025_A_03_G_05,25,G05,train,step2_palma_dorso,1,5,40,2.6667
1120,HandWash_025_A_03_G_05,25,G05,train,step2_palma_dorso,1,6,48,3.2
1121,HandWash_025_A_03_G_05,25,G05,train,step2_palma_dorso,1,7,56,3.7333
1122,HandWash_025_A_03_G_05,25,G05,train,step2_palma_dorso,1,8,64,4.2667
1123,HandWash_025_A_03_G_05,25,G05,train,step2_palma_dorso,1,9,72,4.8
1124,HandWash_025_A_03_G_05,25,G05,train,step2_palma_dorso,1,10,80,5.3333
1125,HandWash_025_A_03_G_05,25,G05,train,step2_palma_dorso,1,11,88,5.8667
1126,HandWash_025_A_03_G_05,25,G05,train,step2_palma_dorso,1,12,96,6.4
1127,HandWash_001_A_04_G_01,1,G01,train,step3_palma_entrelacada,2,0,0,0.0
1128,HandWash_001_A_04_G_01,1,G01,train,step3_palma_entrelacada,2,1,8,0.5333
1129,HandWash_001_A_04_G_01,1,G01,train,step3_palma_entrelacada,2,2,16,1.0667
1130,HandWash_001_A_04_G_01,1,G01,train,step3_palma_entrelacada,2,3,24,1.6
1131,HandWash_001_A_04_G_01,1,G01,train,step3_palma_entrelacada,2,4,32,2.1333
1132,HandWash_001_A_04_G_01,1,G01,train,step3_palma_entrelacada,2,5,40,2.6667
1133,HandWash_001_A_04_G_01,1,G01,train,step3_palma_entrelacada,2,6,48,3.2
1134,HandWash_001_A_04_G_01,1,G01,train,step3_palma_entrelacada,2,7,56,3.7333
1135,HandWash_001_A_04_G_01,1,G01,train,step3_palma_entrelacada,2,8,64,4.2667
1136,HandWash_001_A_04_G_01,1,G01,train,step3_palma_entrelacada,2,9,72,4.8
1137,HandWash_001_A_04_G_01,1,G01,train,step3_palma_entrelacada,2,10,80,5.3333
1138,HandWash_001_A_04_G_01,1,G01,train,step3_palma_entrelacada,2,11,88,5.8667
1139,HandWash_001_A_04_G_01,1,G01,train,step3_palma_entrelacada,2,12,96,6.4
1140,HandWash_001_A_04_G_01,1,G01,train,step3_palma_entrelacada,2,13,104,6.9333
1141,HandWash_001_A_04_G_01,1,G01,train,step3_palma_entrelacada,2,14,112,7.4667
1142,HandWash_001_A_04_G_01,1,G01,train,step3_palma_entrelacada,2,15,120,8.0
1143,HandWash_001_A_04_G_01,1,G01,train,step3_palma_entrelacada,2,16,128,8.5333
1144,HandWash_001_A_04_G_01,1,G01,train,step3_palma_entrelacada,2,17,136,9.0667
171,HandWash_002_A_04_G_01,2,G01,test,step3_palma_entrelacada,2,0,0,0.0
172,HandWash_002_A_04_G_01,2,G01,test,step3_palma_entrelacada,2,1,15,1.0
173,HandWash_002_A_04_G_01,2,G01,test,step3_palma_entrelacada,2,2,30,2.0
174,HandWash_002_A_04_G_01,2,G01,test,step3_palma_entrelacada,2,3,45,3.0
175,HandWash_002_A_04_G_01,2,G01,test,step3_palma_entrelacada,2,4,60,4.0
176,HandWash_002_A_04_G_01,2,G01,test,step3_palma_entrelacada,2,5,75,5.0
177,HandWash_002_A_04_G_01,2,G01,test,step3_palma_entrelacada,2,6,90,6.0
178,HandWash_002_A_04_G_01,2,G01,test,step3_palma_entrelacada,2,7,105,7.0
179,HandWash_002_A_04_G_01,2,G01,test,step3_palma_entrelacada,2,8,120,8.0
180,HandWash_002_A_04_G_01,2,G01,test,step3_palma_entrelacada,2,9,135,9.0
181,HandWash_002_A_04_G_01,2,G01,test,step3_palma_entrelacada,2,10,150,10.0
182,HandWash_002_A_04_G_01,2,G01,test,step3_palma_entrelacada,2,11,165,11.0
1145,HandWash_003_A_04_G_01,3,G01,train,step3_palma_entrelacada,2,0,0,0.0
1146,HandWash_003_A_04_G_01,3,G01,train,step3_palma_entrelacada,2,1,8,0.5333
1147,HandWash_003_A_04_G_01,3,G01,train,step3_palma_entrelacada,2,2,16,1.0667
1148,HandWash_003_A_04_G_01,3,G01,train,step3_palma_entrelacada,2,3,24,1.6
1149,HandWash_003_A_04_G_01,3,G01,train,step3_palma_entrelacada,2,4,32,2.1333
1150,HandWash_003_A_04_G_01,3,G01,train,step3_palma_entrelacada,2,5,40,2.6667
1151,HandWash_003_A_04_G_01,3,G01,train,step3_palma_entrelacada,2,6,48,3.2
1152,HandWash_003_A_04_G_01,3,G01,train,step3_palma_entrelacada,2,7,56,3.7333
1153,HandWash_003_A_04_G_01,3,G01,train,step3_palma_entrelacada,2,8,64,4.2667
1154,HandWash_003_A_04_G_01,3,G01,train,step3_palma_entrelacada,2,9,72,4.8
1155,HandWash_003_A_04_G_01,3,G01,train,step3_palma_entrelacada,2,10,80,5.3333
1156,HandWash_003_A_04_G_01,3,G01,train,step3_palma_entrelacada,2,11,88,5.8667
1157,HandWash_003_A_04_G_01,3,G01,train,step3_palma_entrelacada,2,12,96,6.4
1158,HandWash_003_A_04_G_01,3,G01,train,step3_palma_entrelacada,2,13,104,6.9333
1159,HandWash_003_A_04_G_01,3,G01,train,step3_palma_entrelacada,2,14,112,7.4667
1160,HandWash_003_A_04_G_01,3,G01,train,step3_palma_entrelacada,2,15,120,8.0
1161,HandWash_003_A_04_G_01,3,G01,train,step3_palma_entrelacada,2,16,128,8.5333
1162,HandWash_003_A_04_G_01,3,G01,train,step3_palma_entrelacada,2,17,136,9.0667
1163,HandWash_003_A_04_G_01,3,G01,train,step3_palma_entrelacada,2,18,144,9.6
1164,HandWash_003_A_04_G_01,3,G01,train,step3_palma_entrelacada,2,19,152,10.1333
1165,HandWash_003_A_04_G_01,3,G01,train,step3_palma_entrelacada,2,20,160,10.6667
1166,HandWash_003_A_04_G_01,3,G01,train,step3_palma_entrelacada,2,21,168,11.2
152,HandWash_004_A_04_G_01,4,G01,val,step3_palma_entrelacada,2,0,0,0.0
153,HandWash_004_A_04_G_01,4,G01,val,step3_palma_entrelacada,2,1,15,1.0
154,HandWash_004_A_04_G_01,4,G01,val,step3_palma_entrelacada,2,2,30,2.0
155,HandWash_004_A_04_G_01,4,G01,val,step3_palma_entrelacada,2,3,45,3.0
156,HandWash_004_A_04_G_01,4,G01,val,step3_palma_entrelacada,2,4,60,4.0
157,HandWash_004_A_04_G_01,4,G01,val,step3_palma_entrelacada,2,5,75,5.0
158,HandWash_004_A_04_G_01,4,G01,val,step3_palma_entrelacada,2,6,90,6.0
159,HandWash_004_A_04_G_01,4,G01,val,step3_palma_entrelacada,2,7,105,7.0
160,HandWash_004_A_04_G_01,4,G01,val,step3_palma_entrelacada,2,8,120,8.0
161,HandWash_004_A_04_G_01,4,G01,val,step3_palma_entrelacada,2,9,135,9.0
162,HandWash_004_A_04_G_01,4,G01,val,step3_palma_entrelacada,2,10,150,10.0
163,HandWash_004_A_04_G_01,4,G01,val,step3_palma_entrelacada,2,11,165,11.0
1167,HandWash_005_A_04_G_01,5,G01,train,step3_palma_entrelacada,2,0,0,0.0
1168,HandWash_005_A_04_G_01,5,G01,train,step3_palma_entrelacada,2,1,8,0.5333
1169,HandWash_005_A_04_G_01,5,G01,train,step3_palma_entrelacada,2,2,16,1.0667
1170,HandWash_005_A_04_G_01,5,G01,train,step3_palma_entrelacada,2,3,24,1.6
1171,HandWash_005_A_04_G_01,5,G01,train,step3_palma_entrelacada,2,4,32,2.1333
1172,HandWash_005_A_04_G_01,5,G01,train,step3_palma_entrelacada,2,5,40,2.6667
1173,HandWash_005_A_04_G_01,5,G01,train,step3_palma_entrelacada,2,6,48,3.2
1174,HandWash_005_A_04_G_01,5,G01,train,step3_palma_entrelacada,2,7,56,3.7333
1175,HandWash_005_A_04_G_01,5,G01,train,step3_palma_entrelacada,2,8,64,4.2667
1176,HandWash_005_A_04_G_01,5,G01,train,step3_palma_entrelacada,2,9,72,4.8
1177,HandWash_005_A_04_G_01,5,G01,train,step3_palma_entrelacada,2,10,80,5.3333
1178,HandWash_005_A_04_G_01,5,G01,train,step3_palma_entrelacada,2,11,88,5.8667
1179,HandWash_005_A_04_G_01,5,G01,train,step3_palma_entrelacada,2,12,96,6.4
1180,HandWash_005_A_04_G_01,5,G01,train,step3_palma_entrelacada,2,13,104,6.9333
1181,HandWash_005_A_04_G_01,5,G01,train,step3_palma_entrelacada,2,14,112,7.4667
1182,HandWash_005_A_04_G_01,5,G01,train,step3_palma_entrelacada,2,15,120,8.0
1183,HandWash_005_A_04_G_01,5,G01,train,step3_palma_entrelacada,2,16,128,8.5333
1184,HandWash_005_A_04_G_01,5,G01,train,step3_palma_entrelacada,2,17,136,9.0667
1185,HandWash_005_A_04_G_01,5,G01,train,step3_palma_entrelacada,2,18,144,9.6
1186,HandWash_005_A_04_G_01,5,G01,train,step3_palma_entrelacada,2,19,152,10.1333
1187,HandWash_005_A_04_G_01,5,G01,train,step3_palma_entrelacada,2,20,160,10.6667
1188,HandWash_005_A_04_G_01,5,G01,train,step3_palma_entrelacada,2,21,168,11.2
1189,HandWash_005_A_04_G_01,5,G01,train,step3_palma_entrelacada,2,22,176,11.7333
1190,HandWash_005_A_04_G_01,5,G01,train,step3_palma_entrelacada,2,23,184,12.2667
1191,HandWash_005_A_04_G_01,5,G01,train,step3_palma_entrelacada,2,24,192,12.8
1192,HandWash_005_A_04_G_01,5,G01,train,step3_palma_entrelacada,2,25,200,13.3333
1193,HandWash_006_A_04_G_01,6,G01,train,step3_palma_entrelacada,2,0,0,0.0
1194,HandWash_006_A_04_G_01,6,G01,train,step3_palma_entrelacada,2,1,8,0.5333
1195,HandWash_006_A_04_G_01,6,G01,train,step3_palma_entrelacada,2,2,16,1.0667
1196,HandWash_006_A_04_G_01,6,G01,train,step3_palma_entrelacada,2,3,24,1.6
1197,HandWash_006_A_04_G_01,6,G01,train,step3_palma_entrelacada,2,4,32,2.1333
1198,HandWash_006_A_04_G_01,6,G01,train,step3_palma_entrelacada,2,5,40,2.6667
1199,HandWash_006_A_04_G_01,6,G01,train,step3_palma_entrelacada,2,6,48,3.2
1200,HandWash_006_A_04_G_01,6,G01,train,step3_palma_entrelacada,2,7,56,3.7333
1201,HandWash_006_A_04_G_01,6,G01,train,step3_palma_entrelacada,2,8,64,4.2667
1202,HandWash_006_A_04_G_01,6,G01,train,step3_palma_entrelacada,2,9,72,4.8
1203,HandWash_006_A_04_G_01,6,G01,train,step3_palma_entrelacada,2,10,80,5.3333
1204,HandWash_006_A_04_G_01,6,G01,train,step3_palma_entrelacada,2,11,88,5.8667
1205,HandWash_006_A_04_G_01,6,G01,train,step3_palma_entrelacada,2,12,96,6.4
1206,HandWash_006_A_04_G_01,6,G01,train,step3_palma_entrelacada,2,13,104,6.9333
1207,HandWash_006_A_04_G_01,6,G01,train,step3_palma_entrelacada,2,14,112,7.4667
1208,HandWash_006_A_04_G_01,6,G01,train,step3_palma_entrelacada,2,15,120,8.0
1209,HandWash_006_A_04_G_01,6,G01,train,step3_palma_entrelacada,2,16,128,8.5333
1210,HandWash_006_A_04_G_01,6,G01,train,step3_palma_entrelacada,2,17,136,9.0667
183,HandWash_007_A_04_G_01,7,G01,test,step3_palma_entrelacada,2,0,0,0.0
184,HandWash_007_A_04_G_01,7,G01,test,step3_palma_entrelacada,2,1,15,1.0
185,HandWash_007_A_04_G_01,7,G01,test,step3_palma_entrelacada,2,2,30,2.0
186,HandWash_007_A_04_G_01,7,G01,test,step3_palma_entrelacada,2,3,45,3.0
187,HandWash_007_A_04_G_01,7,G01,test,step3_palma_entrelacada,2,4,60,4.0
188,HandWash_007_A_04_G_01,7,G01,test,step3_palma_entrelacada,2,5,75,5.0
189,HandWash_007_A_04_G_01,7,G01,test,step3_palma_entrelacada,2,6,90,6.0
190,HandWash_007_A_04_G_01,7,G01,test,step3_palma_entrelacada,2,7,105,7.0
191,HandWash_007_A_04_G_01,7,G01,test,step3_palma_entrelacada,2,8,120,8.0
192,HandWash_007_A_04_G_01,7,G01,test,step3_palma_entrelacada,2,9,135,9.0
193,HandWash_007_A_04_G_01,7,G01,test,step3_palma_entrelacada,2,10,150,10.0
194,HandWash_007_A_04_G_01,7,G01,test,step3_palma_entrelacada,2,11,165,11.0
195,HandWash_007_A_04_G_01,7,G01,test,step3_palma_entrelacada,2,12,180,12.0
196,HandWash_007_A_04_G_01,7,G01,test,step3_palma_entrelacada,2,13,195,13.0
1211,HandWash_008_A_04_G_01,8,G01,train,step3_palma_entrelacada,2,0,0,0.0
1212,HandWash_008_A_04_G_01,8,G01,train,step3_palma_entrelacada,2,1,8,0.5333
1213,HandWash_008_A_04_G_01,8,G01,train,step3_palma_entrelacada,2,2,16,1.0667
1214,HandWash_008_A_04_G_01,8,G01,train,step3_palma_entrelacada,2,3,24,1.6
1215,HandWash_008_A_04_G_01,8,G01,train,step3_palma_entrelacada,2,4,32,2.1333
1216,HandWash_008_A_04_G_01,8,G01,train,step3_palma_entrelacada,2,5,40,2.6667
1217,HandWash_008_A_04_G_01,8,G01,train,step3_palma_entrelacada,2,6,48,3.2
1218,HandWash_008_A_04_G_01,8,G01,train,step3_palma_entrelacada,2,7,56,3.7333
1219,HandWash_008_A_04_G_01,8,G01,train,step3_palma_entrelacada,2,8,64,4.2667
1220,HandWash_008_A_04_G_01,8,G01,train,step3_palma_entrelacada,2,9,72,4.8
1221,HandWash_008_A_04_G_01,8,G01,train,step3_palma_entrelacada,2,10,80,5.3333
1222,HandWash_008_A_04_G_01,8,G01,train,step3_palma_entrelacada,2,11,88,5.8667
1223,HandWash_008_A_04_G_01,8,G01,train,step3_palma_entrelacada,2,12,96,6.4
1224,HandWash_008_A_04_G_01,8,G01,train,step3_palma_entrelacada,2,13,104,6.9333
1225,HandWash_008_A_04_G_01,8,G01,train,step3_palma_entrelacada,2,14,112,7.4667
1226,HandWash_008_A_04_G_01,8,G01,train,step3_palma_entrelacada,2,15,120,8.0
1227,HandWash_008_A_04_G_01,8,G01,train,step3_palma_entrelacada,2,16,128,8.5333
1228,HandWash_008_A_04_G_01,8,G01,train,step3_palma_entrelacada,2,17,136,9.0667
1229,HandWash_008_A_04_G_01,8,G01,train,step3_palma_entrelacada,2,18,144,9.6
1230,HandWash_008_A_04_G_01,8,G01,train,step3_palma_entrelacada,2,19,152,10.1333
1231,HandWash_008_A_04_G_01,8,G01,train,step3_palma_entrelacada,2,20,160,10.6667
1232,HandWash_008_A_04_G_01,8,G01,train,step3_palma_entrelacada,2,21,168,11.2
1233,HandWash_009_A_04_G_02,9,G02,train,step3_palma_entrelacada,2,0,0,0.0
1234,HandWash_009_A_04_G_02,9,G02,train,step3_palma_entrelacada,2,1,8,0.5333
1235,HandWash_009_A_04_G_02,9,G02,train,step3_palma_entrelacada,2,2,16,1.0667
1236,HandWash_009_A_04_G_02,9,G02,train,step3_palma_entrelacada,2,3,24,1.6
1237,HandWash_009_A_04_G_02,9,G02,train,step3_palma_entrelacada,2,4,32,2.1333
1238,HandWash_009_A_04_G_02,9,G02,train,step3_palma_entrelacada,2,5,40,2.6667
1239,HandWash_009_A_04_G_02,9,G02,train,step3_palma_entrelacada,2,6,48,3.2
1240,HandWash_009_A_04_G_02,9,G02,train,step3_palma_entrelacada,2,7,56,3.7333
1241,HandWash_009_A_04_G_02,9,G02,train,step3_palma_entrelacada,2,8,64,4.2667
1242,HandWash_009_A_04_G_02,9,G02,train,step3_palma_entrelacada,2,9,72,4.8
1243,HandWash_009_A_04_G_02,9,G02,train,step3_palma_entrelacada,2,10,80,5.3333
1244,HandWash_009_A_04_G_02,9,G02,train,step3_palma_entrelacada,2,11,88,5.8667
1245,HandWash_009_A_04_G_02,9,G02,train,step3_palma_entrelacada,2,12,96,6.4
1246,HandWash_009_A_04_G_02,9,G02,train,step3_palma_entrelacada,2,13,104,6.9333
1247,HandWash_009_A_04_G_02,9,G02,train,step3_palma_entrelacada,2,14,112,7.4667
1248,HandWash_009_A_04_G_02,9,G02,train,step3_palma_entrelacada,2,15,120,8.0
1249,HandWash_009_A_04_G_02,9,G02,train,step3_palma_entrelacada,2,16,128,8.5333
1250,HandWash_009_A_04_G_02,9,G02,train,step3_palma_entrelacada,2,17,136,9.0667
1251,HandWash_009_A_04_G_02,9,G02,train,step3_palma_entrelacada,2,18,144,9.6
1252,HandWash_009_A_04_G_02,9,G02,train,step3_palma_entrelacada,2,19,152,10.1333
1253,HandWash_009_A_04_G_02,9,G02,train,step3_palma_entrelacada,2,20,160,10.6667
1254,HandWash_009_A_04_G_02,9,G02,train,step3_palma_entrelacada,2,21,168,11.2
1255,HandWash_009_A_04_G_02,9,G02,train,step3_palma_entrelacada,2,22,176,11.7333
1256,HandWash_009_A_04_G_02,9,G02,train,step3_palma_entrelacada,2,23,184,12.2667
1257,HandWash_009_A_04_G_02,9,G02,train,step3_palma_entrelacada,2,24,192,12.8
1258,HandWash_009_A_04_G_02,9,G02,train,step3_palma_entrelacada,2,25,200,13.3333
1259,HandWash_009_A_04_G_02,9,G02,train,step3_palma_entrelacada,2,26,208,13.8667
1260,HandWash_009_A_04_G_02,9,G02,train,step3_palma_entrelacada,2,27,216,14.4
1261,HandWash_009_A_04_G_02,9,G02,train,step3_palma_entrelacada,2,28,224,14.9333
1262,HandWash_009_A_04_G_02,9,G02,train,step3_palma_entrelacada,2,29,232,15.4667
1263,HandWash_009_A_04_G_02,9,G02,train,step3_palma_entrelacada,2,30,240,16.0
1264,HandWash_009_A_04_G_02,9,G02,train,step3_palma_entrelacada,2,31,248,16.5333
1265,HandWash_009_A_04_G_02,9,G02,train,step3_palma_entrelacada,2,32,256,17.0667
1266,HandWash_009_A_04_G_02,9,G02,train,step3_palma_entrelacada,2,33,264,17.6
1267,HandWash_009_A_04_G_02,9,G02,train,step3_palma_entrelacada,2,34,272,18.1333
1268,HandWash_010_A_04_G_02,10,G02,train,step3_palma_entrelacada,2,0,0,0.0
1269,HandWash_010_A_04_G_02,10,G02,train,step3_palma_entrelacada,2,1,8,0.5333
1270,HandWash_010_A_04_G_02,10,G02,train,step3_palma_entrelacada,2,2,16,1.0667
1271,HandWash_010_A_04_G_02,10,G02,train,step3_palma_entrelacada,2,3,24,1.6
1272,HandWash_010_A_04_G_02,10,G02,train,step3_palma_entrelacada,2,4,32,2.1333
1273,HandWash_010_A_04_G_02,10,G02,train,step3_palma_entrelacada,2,5,40,2.6667
1274,HandWash_010_A_04_G_02,10,G02,train,step3_palma_entrelacada,2,6,48,3.2
1275,HandWash_010_A_04_G_02,10,G02,train,step3_palma_entrelacada,2,7,56,3.7333
1276,HandWash_010_A_04_G_02,10,G02,train,step3_palma_entrelacada,2,8,64,4.2667
1277,HandWash_010_A_04_G_02,10,G02,train,step3_palma_entrelacada,2,9,72,4.8
1278,HandWash_010_A_04_G_02,10,G02,train,step3_palma_entrelacada,2,10,80,5.3333
1279,HandWash_010_A_04_G_02,10,G02,train,step3_palma_entrelacada,2,11,88,5.8667
1280,HandWash_010_A_04_G_02,10,G02,train,step3_palma_entrelacada,2,12,96,6.4
1281,HandWash_010_A_04_G_02,10,G02,train,step3_palma_entrelacada,2,13,104,6.9333
1282,HandWash_010_A_04_G_02,10,G02,train,step3_palma_entrelacada,2,14,112,7.4667
1283,HandWash_010_A_04_G_02,10,G02,train,step3_palma_entrelacada,2,15,120,8.0
1284,HandWash_010_A_04_G_02,10,G02,train,step3_palma_entrelacada,2,16,128,8.5333
1285,HandWash_010_A_04_G_02,10,G02,train,step3_palma_entrelacada,2,17,136,9.0667
1286,HandWash_010_A_04_G_02,10,G02,train,step3_palma_entrelacada,2,18,144,9.6
1287,HandWash_010_A_04_G_02,10,G02,train,step3_palma_entrelacada,2,19,152,10.1333
1288,HandWash_010_A_04_G_02,10,G02,train,step3_palma_entrelacada,2,20,160,10.6667
1289,HandWash_010_A_04_G_02,10,G02,train,step3_palma_entrelacada,2,21,168,11.2
1290,HandWash_010_A_04_G_02,10,G02,train,step3_palma_entrelacada,2,22,176,11.7333
1291,HandWash_010_A_04_G_02,10,G02,train,step3_palma_entrelacada,2,23,184,12.2667
1292,HandWash_010_A_04_G_02,10,G02,train,step3_palma_entrelacada,2,24,192,12.8
1293,HandWash_010_A_04_G_02,10,G02,train,step3_palma_entrelacada,2,25,200,13.3333
1294,HandWash_010_A_04_G_02,10,G02,train,step3_palma_entrelacada,2,26,208,13.8667
1295,HandWash_010_A_04_G_02,10,G02,train,step3_palma_entrelacada,2,27,216,14.4
1296,HandWash_010_A_04_G_02,10,G02,train,step3_palma_entrelacada,2,28,224,14.9333
1297,HandWash_010_A_04_G_02,10,G02,train,step3_palma_entrelacada,2,29,232,15.4667
1298,HandWash_011_A_04_G_02,11,G02,train,step3_palma_entrelacada,2,0,0,0.0
1299,HandWash_011_A_04_G_02,11,G02,train,step3_palma_entrelacada,2,1,8,0.5333
1300,HandWash_011_A_04_G_02,11,G02,train,step3_palma_entrelacada,2,2,16,1.0667
1301,HandWash_011_A_04_G_02,11,G02,train,step3_palma_entrelacada,2,3,24,1.6
1302,HandWash_011_A_04_G_02,11,G02,train,step3_palma_entrelacada,2,4,32,2.1333
1303,HandWash_011_A_04_G_02,11,G02,train,step3_palma_entrelacada,2,5,40,2.6667
1304,HandWash_011_A_04_G_02,11,G02,train,step3_palma_entrelacada,2,6,48,3.2
1305,HandWash_011_A_04_G_02,11,G02,train,step3_palma_entrelacada,2,7,56,3.7333
1306,HandWash_011_A_04_G_02,11,G02,train,step3_palma_entrelacada,2,8,64,4.2667
1307,HandWash_011_A_04_G_02,11,G02,train,step3_palma_entrelacada,2,9,72,4.8
1308,HandWash_011_A_04_G_02,11,G02,train,step3_palma_entrelacada,2,10,80,5.3333
1309,HandWash_011_A_04_G_02,11,G02,train,step3_palma_entrelacada,2,11,88,5.8667
1310,HandWash_011_A_04_G_02,11,G02,train,step3_palma_entrelacada,2,12,96,6.4
1311,HandWash_011_A_04_G_02,11,G02,train,step3_palma_entrelacada,2,13,104,6.9333
1312,HandWash_011_A_04_G_02,11,G02,train,step3_palma_entrelacada,2,14,112,7.4667
1313,HandWash_011_A_04_G_02,11,G02,train,step3_palma_entrelacada,2,15,120,8.0
1314,HandWash_011_A_04_G_02,11,G02,train,step3_palma_entrelacada,2,16,128,8.5333
1315,HandWash_011_A_04_G_02,11,G02,train,step3_palma_entrelacada,2,17,136,9.0667
1316,HandWash_011_A_04_G_02,11,G02,train,step3_palma_entrelacada,2,18,144,9.6
1317,HandWash_011_A_04_G_02,11,G02,train,step3_palma_entrelacada,2,19,152,10.1333
1318,HandWash_011_A_04_G_02,11,G02,train,step3_palma_entrelacada,2,20,160,10.6667
1319,HandWash_011_A_04_G_02,11,G02,train,step3_palma_entrelacada,2,21,168,11.2
1320,HandWash_011_A_04_G_02,11,G02,train,step3_palma_entrelacada,2,22,176,11.7333
1321,HandWash_011_A_04_G_02,11,G02,train,step3_palma_entrelacada,2,23,184,12.2667
1322,HandWash_011_A_04_G_02,11,G02,train,step3_palma_entrelacada,2,24,192,12.8
1323,HandWash_011_A_04_G_02,11,G02,train,step3_palma_entrelacada,2,25,200,13.3333
1324,HandWash_011_A_04_G_02,11,G02,train,step3_palma_entrelacada,2,26,208,13.8667
1325,HandWash_011_A_04_G_02,11,G02,train,step3_palma_entrelacada,2,27,216,14.4
1326,HandWash_011_A_04_G_02,11,G02,train,step3_palma_entrelacada,2,28,224,14.9333
1327,HandWash_011_A_04_G_02,11,G02,train,step3_palma_entrelacada,2,29,232,15.4667
1328,HandWash_011_A_04_G_02,11,G02,train,step3_palma_entrelacada,2,30,240,16.0
1329,HandWash_012_A_04_G_03,12,G03,train,step3_palma_entrelacada,2,0,0,0.0
1330,HandWash_012_A_04_G_03,12,G03,train,step3_palma_entrelacada,2,1,8,0.5333
1331,HandWash_012_A_04_G_03,12,G03,train,step3_palma_entrelacada,2,2,16,1.0667
1332,HandWash_012_A_04_G_03,12,G03,train,step3_palma_entrelacada,2,3,24,1.6
1333,HandWash_012_A_04_G_03,12,G03,train,step3_palma_entrelacada,2,4,32,2.1333
1334,HandWash_012_A_04_G_03,12,G03,train,step3_palma_entrelacada,2,5,40,2.6667
1335,HandWash_012_A_04_G_03,12,G03,train,step3_palma_entrelacada,2,6,48,3.2
1336,HandWash_012_A_04_G_03,12,G03,train,step3_palma_entrelacada,2,7,56,3.7333
1337,HandWash_012_A_04_G_03,12,G03,train,step3_palma_entrelacada,2,8,64,4.2667
1338,HandWash_012_A_04_G_03,12,G03,train,step3_palma_entrelacada,2,9,72,4.8
1339,HandWash_012_A_04_G_03,12,G03,train,step3_palma_entrelacada,2,10,80,5.3333
1340,HandWash_012_A_04_G_03,12,G03,train,step3_palma_entrelacada,2,11,88,5.8667
1341,HandWash_012_A_04_G_03,12,G03,train,step3_palma_entrelacada,2,12,96,6.4
1342,HandWash_012_A_04_G_03,12,G03,train,step3_palma_entrelacada,2,13,104,6.9333
1343,HandWash_012_A_04_G_03,12,G03,train,step3_palma_entrelacada,2,14,112,7.4667
1344,HandWash_012_A_04_G_03,12,G03,train,step3_palma_entrelacada,2,15,120,8.0
1345,HandWash_012_A_04_G_03,12,G03,train,step3_palma_entrelacada,2,16,128,8.5333
1346,HandWash_012_A_04_G_03,12,G03,train,step3_palma_entrelacada,2,17,136,9.0667
197,HandWash_013_A_04_G_03,13,G03,test,step3_palma_entrelacada,2,0,0,0.0
198,HandWash_013_A_04_G_03,13,G03,test,step3_palma_entrelacada,2,1,15,1.0
199,HandWash_013_A_04_G_03,13,G03,test,step3_palma_entrelacada,2,2,30,2.0
200,HandWash_013_A_04_G_03,13,G03,test,step3_palma_entrelacada,2,3,45,3.0
201,HandWash_013_A_04_G_03,13,G03,test,step3_palma_entrelacada,2,4,60,4.0
202,HandWash_013_A_04_G_03,13,G03,test,step3_palma_entrelacada,2,5,75,5.0
203,HandWash_013_A_04_G_03,13,G03,test,step3_palma_entrelacada,2,6,90,6.0
204,HandWash_013_A_04_G_03,13,G03,test,step3_palma_entrelacada,2,7,105,7.0
205,HandWash_013_A_04_G_03,13,G03,test,step3_palma_entrelacada,2,8,120,8.0
206,HandWash_013_A_04_G_03,13,G03,test,step3_palma_entrelacada,2,9,135,9.0
1347,HandWash_014_A_04_G_03,14,G03,train,step3_palma_entrelacada,2,0,0,0.0
1348,HandWash_014_A_04_G_03,14,G03,train,step3_palma_entrelacada,2,1,8,0.5333
1349,HandWash_014_A_04_G_03,14,G03,train,step3_palma_entrelacada,2,2,16,1.0667
1350,HandWash_014_A_04_G_03,14,G03,train,step3_palma_entrelacada,2,3,24,1.6
1351,HandWash_014_A_04_G_03,14,G03,train,step3_palma_entrelacada,2,4,32,2.1333
1352,HandWash_014_A_04_G_03,14,G03,train,step3_palma_entrelacada,2,5,40,2.6667
1353,HandWash_014_A_04_G_03,14,G03,train,step3_palma_entrelacada,2,6,48,3.2
1354,HandWash_014_A_04_G_03,14,G03,train,step3_palma_entrelacada,2,7,56,3.7333
1355,HandWash_014_A_04_G_03,14,G03,train,step3_palma_entrelacada,2,8,64,4.2667
1356,HandWash_014_A_04_G_03,14,G03,train,step3_palma_entrelacada,2,9,72,4.8
1357,HandWash_014_A_04_G_03,14,G03,train,step3_palma_entrelacada,2,10,80,5.3333
1358,HandWash_014_A_04_G_03,14,G03,train,step3_palma_entrelacada,2,11,88,5.8667
1359,HandWash_014_A_04_G_03,14,G03,train,step3_palma_entrelacada,2,12,96,6.4
1360,HandWash_014_A_04_G_03,14,G03,train,step3_palma_entrelacada,2,13,104,6.9333
1361,HandWash_014_A_04_G_03,14,G03,train,step3_palma_entrelacada,2,14,112,7.4667
1362,HandWash_014_A_04_G_03,14,G03,train,step3_palma_entrelacada,2,15,120,8.0
1363,HandWash_014_A_04_G_03,14,G03,train,step3_palma_entrelacada,2,16,128,8.5333
1364,HandWash_014_A_04_G_03,14,G03,train,step3_palma_entrelacada,2,17,136,9.0667
1365,HandWash_015_A_04_G_04,15,G04,train,step3_palma_entrelacada,2,0,0,0.0
1366,HandWash_015_A_04_G_04,15,G04,train,step3_palma_entrelacada,2,1,8,0.5333
1367,HandWash_015_A_04_G_04,15,G04,train,step3_palma_entrelacada,2,2,16,1.0667
1368,HandWash_015_A_04_G_04,15,G04,train,step3_palma_entrelacada,2,3,24,1.6
1369,HandWash_015_A_04_G_04,15,G04,train,step3_palma_entrelacada,2,4,32,2.1333
1370,HandWash_015_A_04_G_04,15,G04,train,step3_palma_entrelacada,2,5,40,2.6667
1371,HandWash_015_A_04_G_04,15,G04,train,step3_palma_entrelacada,2,6,48,3.2
1372,HandWash_015_A_04_G_04,15,G04,train,step3_palma_entrelacada,2,7,56,3.7333
1373,HandWash_015_A_04_G_04,15,G04,train,step3_palma_entrelacada,2,8,64,4.2667
1374,HandWash_015_A_04_G_04,15,G04,train,step3_palma_entrelacada,2,9,72,4.8
1375,HandWash_015_A_04_G_04,15,G04,train,step3_palma_entrelacada,2,10,80,5.3333
1376,HandWash_015_A_04_G_04,15,G04,train,step3_palma_entrelacada,2,11,88,5.8667
1377,HandWash_015_A_04_G_04,15,G04,train,step3_palma_entrelacada,2,12,96,6.4
1378,HandWash_015_A_04_G_04,15,G04,train,step3_palma_entrelacada,2,13,104,6.9333
1379,HandWash_015_A_04_G_04,15,G04,train,step3_palma_entrelacada,2,14,112,7.4667
1380,HandWash_015_A_04_G_04,15,G04,train,step3_palma_entrelacada,2,15,120,8.0
1381,HandWash_015_A_04_G_04,15,G04,train,step3_palma_entrelacada,2,16,128,8.5333
1382,HandWash_015_A_04_G_04,15,G04,train,step3_palma_entrelacada,2,17,136,9.0667
164,HandWash_016_A_04_G_04,16,G04,val,step3_palma_entrelacada,2,0,0,0.0
165,HandWash_016_A_04_G_04,16,G04,val,step3_palma_entrelacada,2,1,15,1.0
166,HandWash_016_A_04_G_04,16,G04,val,step3_palma_entrelacada,2,2,30,2.0
167,HandWash_016_A_04_G_04,16,G04,val,step3_palma_entrelacada,2,3,45,3.0
168,HandWash_016_A_04_G_04,16,G04,val,step3_palma_entrelacada,2,4,60,4.0
169,HandWash_016_A_04_G_04,16,G04,val,step3_palma_entrelacada,2,5,75,5.0
170,HandWash_016_A_04_G_04,16,G04,val,step3_palma_entrelacada,2,6,90,6.0
171,HandWash_016_A_04_G_04,16,G04,val,step3_palma_entrelacada,2,7,105,7.0
1383,HandWash_017_A_04_G_04,17,G04,train,step3_palma_entrelacada,2,0,0,0.0
1384,HandWash_017_A_04_G_04,17,G04,train,step3_palma_entrelacada,2,1,8,0.5333
1385,HandWash_017_A_04_G_04,17,G04,train,step3_palma_entrelacada,2,2,16,1.0667
1386,HandWash_017_A_04_G_04,17,G04,train,step3_palma_entrelacada,2,3,24,1.6
1387,HandWash_017_A_04_G_04,17,G04,train,step3_palma_entrelacada,2,4,32,2.1333
1388,HandWash_017_A_04_G_04,17,G04,train,step3_palma_entrelacada,2,5,40,2.6667
1389,HandWash_017_A_04_G_04,17,G04,train,step3_palma_entrelacada,2,6,48,3.2
1390,HandWash_017_A_04_G_04,17,G04,train,step3_palma_entrelacada,2,7,56,3.7333
1391,HandWash_017_A_04_G_04,17,G04,train,step3_palma_entrelacada,2,8,64,4.2667
1392,HandWash_017_A_04_G_04,17,G04,train,step3_palma_entrelacada,2,9,72,4.8
1393,HandWash_017_A_04_G_04,17,G04,train,step3_palma_entrelacada,2,10,80,5.3333
1394,HandWash_017_A_04_G_04,17,G04,train,step3_palma_entrelacada,2,11,88,5.8667
1395,HandWash_017_A_04_G_04,17,G04,train,step3_palma_entrelacada,2,12,96,6.4
1396,HandWash_017_A_04_G_04,17,G04,train,step3_palma_entrelacada,2,13,104,6.9333
1397,HandWash_017_A_04_G_04,17,G04,train,step3_palma_entrelacada,2,14,112,7.4667
1398,HandWash_017_A_04_G_04,17,G04,train,step3_palma_entrelacada,2,15,120,8.0
1399,HandWash_017_A_04_G_04,17,G04,train,step3_palma_entrelacada,2,16,128,8.5333
1400,HandWash_017_A_04_G_04,17,G04,train,step3_palma_entrelacada,2,17,136,9.0667
1401,HandWash_018_A_04_G_05,18,G05,train,step3_palma_entrelacada,2,0,0,0.0
1402,HandWash_018_A_04_G_05,18,G05,train,step3_palma_entrelacada,2,1,8,0.5333
1403,HandWash_018_A_04_G_05,18,G05,train,step3_palma_entrelacada,2,2,16,1.0667
1404,HandWash_018_A_04_G_05,18,G05,train,step3_palma_entrelacada,2,3,24,1.6
1405,HandWash_018_A_04_G_05,18,G05,train,step3_palma_entrelacada,2,4,32,2.1333
1406,HandWash_018_A_04_G_05,18,G05,train,step3_palma_entrelacada,2,5,40,2.6667
1407,HandWash_018_A_04_G_05,18,G05,train,step3_palma_entrelacada,2,6,48,3.2
1408,HandWash_018_A_04_G_05,18,G05,train,step3_palma_entrelacada,2,7,56,3.7333
1409,HandWash_018_A_04_G_05,18,G05,train,step3_palma_entrelacada,2,8,64,4.2667
1410,HandWash_018_A_04_G_05,18,G05,train,step3_palma_entrelacada,2,9,72,4.8
1411,HandWash_018_A_04_G_05,18,G05,train,step3_palma_entrelacada,2,10,80,5.3333
1412,HandWash_018_A_04_G_05,18,G05,train,step3_palma_entrelacada,2,11,88,5.8667
1413,HandWash_018_A_04_G_05,18,G05,train,step3_palma_entrelacada,2,12,96,6.4
1414,HandWash_018_A_04_G_05,18,G05,train,step3_palma_entrelacada,2,13,104,6.9333
1415,HandWash_018_A_04_G_05,18,G05,train,step3_palma_entrelacada,2,14,112,7.4667
1416,HandWash_018_A_04_G_05,18,G05,train,step3_palma_entrelacada,2,15,120,8.0
207,HandWash_019_A_04_G_05,19,G05,test,step3_palma_entrelacada,2,0,0,0.0
208,HandWash_019_A_04_G_05,19,G05,test,step3_palma_entrelacada,2,1,15,1.0
209,HandWash_019_A_04_G_05,19,G05,test,step3_palma_entrelacada,2,2,30,2.0
210,HandWash_019_A_04_G_05,19,G05,test,step3_palma_entrelacada,2,3,45,3.0
211,HandWash_019_A_04_G_05,19,G05,test,step3_palma_entrelacada,2,4,60,4.0
212,HandWash_019_A_04_G_05,19,G05,test,step3_palma_entrelacada,2,5,75,5.0
213,HandWash_019_A_04_G_05,19,G05,test,step3_palma_entrelacada,2,6,90,6.0
214,HandWash_019_A_04_G_05,19,G05,test,step3_palma_entrelacada,2,7,105,7.0
215,HandWash_019_A_04_G_05,19,G05,test,step3_palma_entrelacada,2,8,120,8.0
1417,HandWash_020_A_04_G_05,20,G05,train,step3_palma_entrelacada,2,0,0,0.0
1418,HandWash_020_A_04_G_05,20,G05,train,step3_palma_entrelacada,2,1,8,0.5333
1419,HandWash_020_A_04_G_05,20,G05,train,step3_palma_entrelacada,2,2,16,1.0667
1420,HandWash_020_A_04_G_05,20,G05,train,step3_palma_entrelacada,2,3,24,1.6
1421,HandWash_020_A_04_G_05,20,G05,train,step3_palma_entrelacada,2,4,32,2.1333
1422,HandWash_020_A_04_G_05,20,G05,train,step3_palma_entrelacada,2,5,40,2.6667
1423,HandWash_020_A_04_G_05,20,G05,train,step3_palma_entrelacada,2,6,48,3.2
1424,HandWash_020_A_04_G_05,20,G05,train,step3_palma_entrelacada,2,7,56,3.7333
1425,HandWash_020_A_04_G_05,20,G05,train,step3_palma_entrelacada,2,8,64,4.2667
1426,HandWash_020_A_04_G_05,20,G05,train,step3_palma_entrelacada,2,9,72,4.8
1427,HandWash_020_A_04_G_05,20,G05,train,step3_palma_entrelacada,2,10,80,5.3333
1428,HandWash_020_A_04_G_05,20,G05,train,step3_palma_entrelacada,2,11,88,5.8667
1429,HandWash_020_A_04_G_05,20,G05,train,step3_palma_entrelacada,2,12,96,6.4
1430,HandWash_020_A_04_G_05,20,G05,train,step3_palma_entrelacada,2,13,104,6.9333
1431,HandWash_020_A_04_G_05,20,G05,train,step3_palma_entrelacada,2,14,112,7.4667
1432,HandWash_020_A_04_G_05,20,G05,train,step3_palma_entrelacada,2,15,120,8.0
1433,HandWash_020_A_04_G_05,20,G05,train,step3_palma_entrelacada,2,16,128,8.5333
1434,HandWash_020_A_04_G_05,20,G05,train,step3_palma_entrelacada,2,17,136,9.0667
1435,HandWash_020_A_04_G_05,20,G05,train,step3_palma_entrelacada,2,18,144,9.6
1436,HandWash_020_A_04_G_05,20,G05,train,step3_palma_entrelacada,2,19,152,10.1333
1437,HandWash_020_A_04_G_05,20,G05,train,step3_palma_entrelacada,2,20,160,10.6667
1438,HandWash_020_A_04_G_05,20,G05,train,step3_palma_entrelacada,2,21,168,11.2
1439,HandWash_020_A_04_G_05,20,G05,train,step3_palma_entrelacada,2,22,176,11.7333
1440,HandWash_020_A_04_G_05,20,G05,train,step3_palma_entrelacada,2,23,184,12.2667
1441,HandWash_020_A_04_G_05,20,G05,train,step3_palma_entrelacada,2,24,192,12.8
1442,HandWash_020_A_04_G_05,20,G05,train,step3_palma_entrelacada,2,25,200,13.3333
1443,HandWash_020_A_04_G_05,20,G05,train,step3_palma_entrelacada,2,26,208,13.8667
1444,HandWash_020_A_04_G_05,20,G05,train,step3_palma_entrelacada,2,27,216,14.4
172,HandWash_021_A_04_G_05,21,G05,val,step3_palma_entrelacada,2,0,0,0.0
173,HandWash_021_A_04_G_05,21,G05,val,step3_palma_entrelacada,2,1,15,1.0
174,HandWash_021_A_04_G_05,21,G05,val,step3_palma_entrelacada,2,2,30,2.0
175,HandWash_021_A_04_G_05,21,G05,val,step3_palma_entrelacada,2,3,45,3.0
176,HandWash_021_A_04_G_05,21,G05,val,step3_palma_entrelacada,2,4,60,4.0
177,HandWash_021_A_04_G_05,21,G05,val,step3_palma_entrelacada,2,5,75,5.0
178,HandWash_021_A_04_G_05,21,G05,val,step3_palma_entrelacada,2,6,90,6.0
179,HandWash_021_A_04_G_05,21,G05,val,step3_palma_entrelacada,2,7,105,7.0
180,HandWash_021_A_04_G_05,21,G05,val,step3_palma_entrelacada,2,8,120,8.0
181,HandWash_021_A_04_G_05,21,G05,val,step3_palma_entrelacada,2,9,135,9.0
182,HandWash_021_A_04_G_05,21,G05,val,step3_palma_entrelacada,2,10,150,10.0
183,HandWash_021_A_04_G_05,21,G05,val,step3_palma_entrelacada,2,11,165,11.0
184,HandWash_021_A_04_G_05,21,G05,val,step3_palma_entrelacada,2,12,180,12.0
185,HandWash_021_A_04_G_05,21,G05,val,step3_palma_entrelacada,2,13,195,13.0
186,HandWash_022_A_04_G_05,22,G05,val,step3_palma_entrelacada,2,0,0,0.0
187,HandWash_022_A_04_G_05,22,G05,val,step3_palma_entrelacada,2,1,15,1.0
188,HandWash_022_A_04_G_05,22,G05,val,step3_palma_entrelacada,2,2,30,2.0
189,HandWash_022_A_04_G_05,22,G05,val,step3_palma_entrelacada,2,3,45,3.0
190,HandWash_022_A_04_G_05,22,G05,val,step3_palma_entrelacada,2,4,60,4.0
191,HandWash_022_A_04_G_05,22,G05,val,step3_palma_entrelacada,2,5,75,5.0
192,HandWash_022_A_04_G_05,22,G05,val,step3_palma_entrelacada,2,6,90,6.0
193,HandWash_022_A_04_G_05,22,G05,val,step3_palma_entrelacada,2,7,105,7.0
194,HandWash_022_A_04_G_05,22,G05,val,step3_palma_entrelacada,2,8,120,8.0
195,HandWash_022_A_04_G_05,22,G05,val,step3_palma_entrelacada,2,9,135,9.0
196,HandWash_022_A_04_G_05,22,G05,val,step3_palma_entrelacada,2,10,150,10.0
197,HandWash_022_A_04_G_05,22,G05,val,step3_palma_entrelacada,2,11,165,11.0
1445,HandWash_023_A_04_G_05,23,G05,train,step3_palma_entrelacada,2,0,0,0.0
1446,HandWash_023_A_04_G_05,23,G05,train,step3_palma_entrelacada,2,1,8,0.5333
1447,HandWash_023_A_04_G_05,23,G05,train,step3_palma_entrelacada,2,2,16,1.0667
1448,HandWash_023_A_04_G_05,23,G05,train,step3_palma_entrelacada,2,3,24,1.6
1449,HandWash_023_A_04_G_05,23,G05,train,step3_palma_entrelacada,2,4,32,2.1333
1450,HandWash_023_A_04_G_05,23,G05,train,step3_palma_entrelacada,2,5,40,2.6667
1451,HandWash_023_A_04_G_05,23,G05,train,step3_palma_entrelacada,2,6,48,3.2
1452,HandWash_023_A_04_G_05,23,G05,train,step3_palma_entrelacada,2,7,56,3.7333
1453,HandWash_023_A_04_G_05,23,G05,train,step3_palma_entrelacada,2,8,64,4.2667
1454,HandWash_023_A_04_G_05,23,G05,train,step3_palma_entrelacada,2,9,72,4.8
1455,HandWash_023_A_04_G_05,23,G05,train,step3_palma_entrelacada,2,10,80,5.3333
1456,HandWash_023_A_04_G_05,23,G05,train,step3_palma_entrelacada,2,11,88,5.8667
1457,HandWash_023_A_04_G_05,23,G05,train,step3_palma_entrelacada,2,12,96,6.4
1458,HandWash_023_A_04_G_05,23,G05,train,step3_palma_entrelacada,2,13,104,6.9333
1459,HandWash_023_A_04_G_05,23,G05,train,step3_palma_entrelacada,2,14,112,7.4667
1460,HandWash_023_A_04_G_05,23,G05,train,step3_palma_entrelacada,2,15,120,8.0
1461,HandWash_023_A_04_G_05,23,G05,train,step3_palma_entrelacada,2,16,128,8.5333
1462,HandWash_023_A_04_G_05,23,G05,train,step3_palma_entrelacada,2,17,136,9.0667
1463,HandWash_023_A_04_G_05,23,G05,train,step3_palma_entrelacada,2,18,144,9.6
1464,HandWash_023_A_04_G_05,23,G05,train,step3_palma_entrelacada,2,19,152,10.1333
1465,HandWash_023_A_04_G_05,23,G05,train,step3_palma_entrelacada,2,20,160,10.6667
1466,HandWash_023_A_04_G_05,23,G05,train,step3_palma_entrelacada,2,21,168,11.2
216,HandWash_024_A_04_G_05,24,G05,test,step3_palma_entrelacada,2,0,0,0.0
217,HandWash_024_A_04_G_05,24,G05,test,step3_palma_entrelacada,2,1,15,1.0
218,HandWash_024_A_04_G_05,24,G05,test,step3_palma_entrelacada,2,2,30,2.0
219,HandWash_024_A_04_G_05,24,G05,test,step3_palma_entrelacada,2,3,45,3.0
220,HandWash_024_A_04_G_05,24,G05,test,step3_palma_entrelacada,2,4,60,4.0
221,HandWash_024_A_04_G_05,24,G05,test,step3_palma_entrelacada,2,5,75,5.0
222,HandWash_024_A_04_G_05,24,G05,test,step3_palma_entrelacada,2,6,90,6.0
223,HandWash_024_A_04_G_05,24,G05,test,step3_palma_entrelacada,2,7,105,7.0
1467,HandWash_025_A_04_G_05,25,G05,train,step3_palma_entrelacada,2,0,0,0.0
1468,HandWash_025_A_04_G_05,25,G05,train,step3_palma_entrelacada,2,1,8,0.5333
1469,HandWash_025_A_04_G_05,25,G05,train,step3_palma_entrelacada,2,2,16,1.0667
1470,HandWash_025_A_04_G_05,25,G05,train,step3_palma_entrelacada,2,3,24,1.6
1471,HandWash_025_A_04_G_05,25,G05,train,step3_palma_entrelacada,2,4,32,2.1333
1472,HandWash_025_A_04_G_05,25,G05,train,step3_palma_entrelacada,2,5,40,2.6667
1473,HandWash_025_A_04_G_05,25,G05,train,step3_palma_entrelacada,2,6,48,3.2
1474,HandWash_025_A_04_G_05,25,G05,train,step3_palma_entrelacada,2,7,56,3.7333
1475,HandWash_025_A_04_G_05,25,G05,train,step3_palma_entrelacada,2,8,64,4.2667
1476,HandWash_025_A_04_G_05,25,G05,train,step3_palma_entrelacada,2,9,72,4.8
1477,HandWash_025_A_04_G_05,25,G05,train,step3_palma_entrelacada,2,10,80,5.3333
1478,HandWash_025_A_04_G_05,25,G05,train,step3_palma_entrelacada,2,11,88,5.8667
1479,HandWash_001_A_05_G_01,1,G01,train,step4_dorso_dedos,3,0,0,0.0
1480,HandWash_001_A_05_G_01,1,G01,train,step4_dorso_dedos,3,1,8,0.5333
1481,HandWash_001_A_05_G_01,1,G01,train,step4_dorso_dedos,3,2,16,1.0667
1482,HandWash_001_A_05_G_01,1,G01,train,step4_dorso_dedos,3,3,24,1.6
1483,HandWash_001_A_05_G_01,1,G01,train,step4_dorso_dedos,3,4,32,2.1333
1484,HandWash_001_A_05_G_01,1,G01,train,step4_dorso_dedos,3,5,40,2.6667
1485,HandWash_001_A_05_G_01,1,G01,train,step4_dorso_dedos,3,6,48,3.2
1486,HandWash_001_A_05_G_01,1,G01,train,step4_dorso_dedos,3,7,56,3.7333
1487,HandWash_001_A_05_G_01,1,G01,train,step4_dorso_dedos,3,8,64,4.2667
1488,HandWash_001_A_05_G_01,1,G01,train,step4_dorso_dedos,3,9,72,4.8
1489,HandWash_001_A_05_G_01,1,G01,train,step4_dorso_dedos,3,10,80,5.3333
1490,HandWash_001_A_05_G_01,1,G01,train,step4_dorso_dedos,3,11,88,5.8667
1491,HandWash_001_A_05_G_01,1,G01,train,step4_dorso_dedos,3,12,96,6.4
1492,HandWash_001_A_05_G_01,1,G01,train,step4_dorso_dedos,3,13,104,6.9333
1493,HandWash_001_A_05_G_01,1,G01,train,step4_dorso_dedos,3,14,112,7.4667
1494,HandWash_001_A_05_G_01,1,G01,train,step4_dorso_dedos,3,15,120,8.0
1495,HandWash_001_A_05_G_01,1,G01,train,step4_dorso_dedos,3,16,128,8.5333
1496,HandWash_001_A_05_G_01,1,G01,train,step4_dorso_dedos,3,17,136,9.0667
1497,HandWash_001_A_05_G_01,1,G01,train,step4_dorso_dedos,3,18,144,9.6
1498,HandWash_001_A_05_G_01,1,G01,train,step4_dorso_dedos,3,19,152,10.1333
1499,HandWash_001_A_05_G_01,1,G01,train,step4_dorso_dedos,3,20,160,10.6667
1500,HandWash_001_A_05_G_01,1,G01,train,step4_dorso_dedos,3,21,168,11.2
1501,HandWash_001_A_05_G_01,1,G01,train,step4_dorso_dedos,3,22,176,11.7333
224,HandWash_002_A_05_G_01,2,G01,test,step4_dorso_dedos,3,0,0,0.0
225,HandWash_002_A_05_G_01,2,G01,test,step4_dorso_dedos,3,1,15,1.0
226,HandWash_002_A_05_G_01,2,G01,test,step4_dorso_dedos,3,2,30,2.0
227,HandWash_002_A_05_G_01,2,G01,test,step4_dorso_dedos,3,3,45,3.0
228,HandWash_002_A_05_G_01,2,G01,test,step4_dorso_dedos,3,4,60,4.0
229,HandWash_002_A_05_G_01,2,G01,test,step4_dorso_dedos,3,5,75,5.0
230,HandWash_002_A_05_G_01,2,G01,test,step4_dorso_dedos,3,6,90,6.0
231,HandWash_002_A_05_G_01,2,G01,test,step4_dorso_dedos,3,7,105,7.0
232,HandWash_002_A_05_G_01,2,G01,test,step4_dorso_dedos,3,8,120,8.0
233,HandWash_002_A_05_G_01,2,G01,test,step4_dorso_dedos,3,9,135,9.0
1502,HandWash_003_A_05_G_01,3,G01,train,step4_dorso_dedos,3,0,0,0.0
1503,HandWash_003_A_05_G_01,3,G01,train,step4_dorso_dedos,3,1,8,0.5333
1504,HandWash_003_A_05_G_01,3,G01,train,step4_dorso_dedos,3,2,16,1.0667
1505,HandWash_003_A_05_G_01,3,G01,train,step4_dorso_dedos,3,3,24,1.6
1506,HandWash_003_A_05_G_01,3,G01,train,step4_dorso_dedos,3,4,32,2.1333
1507,HandWash_003_A_05_G_01,3,G01,train,step4_dorso_dedos,3,5,40,2.6667
1508,HandWash_003_A_05_G_01,3,G01,train,step4_dorso_dedos,3,6,48,3.2
1509,HandWash_003_A_05_G_01,3,G01,train,step4_dorso_dedos,3,7,56,3.7333
1510,HandWash_003_A_05_G_01,3,G01,train,step4_dorso_dedos,3,8,64,4.2667
1511,HandWash_003_A_05_G_01,3,G01,train,step4_dorso_dedos,3,9,72,4.8
1512,HandWash_003_A_05_G_01,3,G01,train,step4_dorso_dedos,3,10,80,5.3333
1513,HandWash_003_A_05_G_01,3,G01,train,step4_dorso_dedos,3,11,88,5.8667
1514,HandWash_003_A_05_G_01,3,G01,train,step4_dorso_dedos,3,12,96,6.4
1515,HandWash_003_A_05_G_01,3,G01,train,step4_dorso_dedos,3,13,104,6.9333
1516,HandWash_003_A_05_G_01,3,G01,train,step4_dorso_dedos,3,14,112,7.4667
1517,HandWash_003_A_05_G_01,3,G01,train,step4_dorso_dedos,3,15,120,8.0
1518,HandWash_003_A_05_G_01,3,G01,train,step4_dorso_dedos,3,16,128,8.5333
1519,HandWash_003_A_05_G_01,3,G01,train,step4_dorso_dedos,3,17,136,9.0667
1520,HandWash_003_A_05_G_01,3,G01,train,step4_dorso_dedos,3,18,144,9.6
1521,HandWash_003_A_05_G_01,3,G01,train,step4_dorso_dedos,3,19,152,10.1333
1522,HandWash_003_A_05_G_01,3,G01,train,step4_dorso_dedos,3,20,160,10.6667
1523,HandWash_003_A_05_G_01,3,G01,train,step4_dorso_dedos,3,21,168,11.2
198,HandWash_004_A_05_G_01,4,G01,val,step4_dorso_dedos,3,0,0,0.0
199,HandWash_004_A_05_G_01,4,G01,val,step4_dorso_dedos,3,1,15,1.0
200,HandWash_004_A_05_G_01,4,G01,val,step4_dorso_dedos,3,2,30,2.0
201,HandWash_004_A_05_G_01,4,G01,val,step4_dorso_dedos,3,3,45,3.0
202,HandWash_004_A_05_G_01,4,G01,val,step4_dorso_dedos,3,4,60,4.0
203,HandWash_004_A_05_G_01,4,G01,val,step4_dorso_dedos,3,5,75,5.0
204,HandWash_004_A_05_G_01,4,G01,val,step4_dorso_dedos,3,6,90,6.0
205,HandWash_004_A_05_G_01,4,G01,val,step4_dorso_dedos,3,7,105,7.0
206,HandWash_004_A_05_G_01,4,G01,val,step4_dorso_dedos,3,8,120,8.0
207,HandWash_004_A_05_G_01,4,G01,val,step4_dorso_dedos,3,9,135,9.0
208,HandWash_004_A_05_G_01,4,G01,val,step4_dorso_dedos,3,10,150,10.0
209,HandWash_004_A_05_G_01,4,G01,val,step4_dorso_dedos,3,11,165,11.0
1524,HandWash_005_A_05_G_01,5,G01,train,step4_dorso_dedos,3,0,0,0.0
1525,HandWash_005_A_05_G_01,5,G01,train,step4_dorso_dedos,3,1,8,0.5333
1526,HandWash_005_A_05_G_01,5,G01,train,step4_dorso_dedos,3,2,16,1.0667
1527,HandWash_005_A_05_G_01,5,G01,train,step4_dorso_dedos,3,3,24,1.6
1528,HandWash_005_A_05_G_01,5,G01,train,step4_dorso_dedos,3,4,32,2.1333
1529,HandWash_005_A_05_G_01,5,G01,train,step4_dorso_dedos,3,5,40,2.6667
1530,HandWash_005_A_05_G_01,5,G01,train,step4_dorso_dedos,3,6,48,3.2
1531,HandWash_005_A_05_G_01,5,G01,train,step4_dorso_dedos,3,7,56,3.7333
1532,HandWash_005_A_05_G_01,5,G01,train,step4_dorso_dedos,3,8,64,4.2667
1533,HandWash_005_A_05_G_01,5,G01,train,step4_dorso_dedos,3,9,72,4.8
1534,HandWash_005_A_05_G_01,5,G01,train,step4_dorso_dedos,3,10,80,5.3333
1535,HandWash_005_A_05_G_01,5,G01,train,step4_dorso_dedos,3,11,88,5.8667
1536,HandWash_005_A_05_G_01,5,G01,train,step4_dorso_dedos,3,12,96,6.4
1537,HandWash_005_A_05_G_01,5,G01,train,step4_dorso_dedos,3,13,104,6.9333
1538,HandWash_005_A_05_G_01,5,G01,train,step4_dorso_dedos,3,14,112,7.4667
1539,HandWash_005_A_05_G_01,5,G01,train,step4_dorso_dedos,3,15,120,8.0
1540,HandWash_005_A_05_G_01,5,G01,train,step4_dorso_dedos,3,16,128,8.5333
1541,HandWash_005_A_05_G_01,5,G01,train,step4_dorso_dedos,3,17,136,9.0667
1542,HandWash_005_A_05_G_01,5,G01,train,step4_dorso_dedos,3,18,144,9.6
1543,HandWash_005_A_05_G_01,5,G01,train,step4_dorso_dedos,3,19,152,10.1333
1544,HandWash_005_A_05_G_01,5,G01,train,step4_dorso_dedos,3,20,160,10.6667
1545,HandWash_005_A_05_G_01,5,G01,train,step4_dorso_dedos,3,21,168,11.2
1546,HandWash_006_A_05_G_01,6,G01,train,step4_dorso_dedos,3,0,0,0.0
1547,HandWash_006_A_05_G_01,6,G01,train,step4_dorso_dedos,3,1,8,0.5333
1548,HandWash_006_A_05_G_01,6,G01,train,step4_dorso_dedos,3,2,16,1.0667
1549,HandWash_006_A_05_G_01,6,G01,train,step4_dorso_dedos,3,3,24,1.6
1550,HandWash_006_A_05_G_01,6,G01,train,step4_dorso_dedos,3,4,32,2.1333
1551,HandWash_006_A_05_G_01,6,G01,train,step4_dorso_dedos,3,5,40,2.6667
1552,HandWash_006_A_05_G_01,6,G01,train,step4_dorso_dedos,3,6,48,3.2
1553,HandWash_006_A_05_G_01,6,G01,train,step4_dorso_dedos,3,7,56,3.7333
1554,HandWash_006_A_05_G_01,6,G01,train,step4_dorso_dedos,3,8,64,4.2667
1555,HandWash_006_A_05_G_01,6,G01,train,step4_dorso_dedos,3,9,72,4.8
1556,HandWash_006_A_05_G_01,6,G01,train,step4_dorso_dedos,3,10,80,5.3333
1557,HandWash_006_A_05_G_01,6,G01,train,step4_dorso_dedos,3,11,88,5.8667
1558,HandWash_006_A_05_G_01,6,G01,train,step4_dorso_dedos,3,12,96,6.4
1559,HandWash_006_A_05_G_01,6,G01,train,step4_dorso_dedos,3,13,104,6.9333
1560,HandWash_006_A_05_G_01,6,G01,train,step4_dorso_dedos,3,14,112,7.4667
1561,HandWash_006_A_05_G_01,6,G01,train,step4_dorso_dedos,3,15,120,8.0
1562,HandWash_006_A_05_G_01,6,G01,train,step4_dorso_dedos,3,16,128,8.5333
1563,HandWash_006_A_05_G_01,6,G01,train,step4_dorso_dedos,3,17,136,9.0667
1564,HandWash_006_A_05_G_01,6,G01,train,step4_dorso_dedos,3,18,144,9.6
1565,HandWash_006_A_05_G_01,6,G01,train,step4_dorso_dedos,3,19,152,10.1333
1566,HandWash_006_A_05_G_01,6,G01,train,step4_dorso_dedos,3,20,160,10.6667
1567,HandWash_006_A_05_G_01,6,G01,train,step4_dorso_dedos,3,21,168,11.2
1568,HandWash_006_A_05_G_01,6,G01,train,step4_dorso_dedos,3,22,176,11.7333
1569,HandWash_006_A_05_G_01,6,G01,train,step4_dorso_dedos,3,23,184,12.2667
1570,HandWash_006_A_05_G_01,6,G01,train,step4_dorso_dedos,3,24,192,12.8
1571,HandWash_006_A_05_G_01,6,G01,train,step4_dorso_dedos,3,25,200,13.3333
1572,HandWash_006_A_05_G_01,6,G01,train,step4_dorso_dedos,3,26,208,13.8667
1573,HandWash_006_A_05_G_01,6,G01,train,step4_dorso_dedos,3,27,216,14.4
1574,HandWash_006_A_05_G_01,6,G01,train,step4_dorso_dedos,3,28,224,14.9333
1575,HandWash_006_A_05_G_01,6,G01,train,step4_dorso_dedos,3,29,232,15.4667
1576,HandWash_006_A_05_G_01,6,G01,train,step4_dorso_dedos,3,30,240,16.0
1577,HandWash_006_A_05_G_01,6,G01,train,step4_dorso_dedos,3,31,248,16.5333
1578,HandWash_006_A_05_G_01,6,G01,train,step4_dorso_dedos,3,32,256,17.0667
1579,HandWash_006_A_05_G_01,6,G01,train,step4_dorso_dedos,3,33,264,17.6
1580,HandWash_006_A_05_G_01,6,G01,train,step4_dorso_dedos,3,34,272,18.1333
234,HandWash_007_A_05_G_01,7,G01,test,step4_dorso_dedos,3,0,0,0.0
235,HandWash_007_A_05_G_01,7,G01,test,step4_dorso_dedos,3,1,15,1.0
236,HandWash_007_A_05_G_01,7,G01,test,step4_dorso_dedos,3,2,30,2.0
237,HandWash_007_A_05_G_01,7,G01,test,step4_dorso_dedos,3,3,45,3.0
238,HandWash_007_A_05_G_01,7,G01,test,step4_dorso_dedos,3,4,60,4.0
239,HandWash_007_A_05_G_01,7,G01,test,step4_dorso_dedos,3,5,75,5.0
240,HandWash_007_A_05_G_01,7,G01,test,step4_dorso_dedos,3,6,90,6.0
241,HandWash_007_A_05_G_01,7,G01,test,step4_dorso_dedos,3,7,105,7.0
242,HandWash_007_A_05_G_01,7,G01,test,step4_dorso_dedos,3,8,120,8.0
243,HandWash_007_A_05_G_01,7,G01,test,step4_dorso_dedos,3,9,135,9.0
244,HandWash_007_A_05_G_01,7,G01,test,step4_dorso_dedos,3,10,150,10.0
245,HandWash_007_A_05_G_01,7,G01,test,step4_dorso_dedos,3,11,165,11.0
246,HandWash_007_A_05_G_01,7,G01,test,step4_dorso_dedos,3,12,180,12.0
247,HandWash_007_A_05_G_01,7,G01,test,step4_dorso_dedos,3,13,195,13.0
248,HandWash_007_A_05_G_01,7,G01,test,step4_dorso_dedos,3,14,210,14.0
249,HandWash_007_A_05_G_01,7,G01,test,step4_dorso_dedos,3,15,225,15.0
250,HandWash_007_A_05_G_01,7,G01,test,step4_dorso_dedos,3,16,240,16.0
251,HandWash_007_A_05_G_01,7,G01,test,step4_dorso_dedos,3,17,255,17.0
252,HandWash_007_A_05_G_01,7,G01,test,step4_dorso_dedos,3,18,270,18.0
1581,HandWash_008_A_05_G_01,8,G01,train,step4_dorso_dedos,3,0,0,0.0
1582,HandWash_008_A_05_G_01,8,G01,train,step4_dorso_dedos,3,1,8,0.5333
1583,HandWash_008_A_05_G_01,8,G01,train,step4_dorso_dedos,3,2,16,1.0667
1584,HandWash_008_A_05_G_01,8,G01,train,step4_dorso_dedos,3,3,24,1.6
1585,HandWash_008_A_05_G_01,8,G01,train,step4_dorso_dedos,3,4,32,2.1333
1586,HandWash_008_A_05_G_01,8,G01,train,step4_dorso_dedos,3,5,40,2.6667
1587,HandWash_008_A_05_G_01,8,G01,train,step4_dorso_dedos,3,6,48,3.2
1588,HandWash_008_A_05_G_01,8,G01,train,step4_dorso_dedos,3,7,56,3.7333
1589,HandWash_008_A_05_G_01,8,G01,train,step4_dorso_dedos,3,8,64,4.2667
1590,HandWash_008_A_05_G_01,8,G01,train,step4_dorso_dedos,3,9,72,4.8
1591,HandWash_008_A_05_G_01,8,G01,train,step4_dorso_dedos,3,10,80,5.3333
1592,HandWash_008_A_05_G_01,8,G01,train,step4_dorso_dedos,3,11,88,5.8667
1593,HandWash_008_A_05_G_01,8,G01,train,step4_dorso_dedos,3,12,96,6.4
1594,HandWash_008_A_05_G_01,8,G01,train,step4_dorso_dedos,3,13,104,6.9333
1595,HandWash_008_A_05_G_01,8,G01,train,step4_dorso_dedos,3,14,112,7.4667
1596,HandWash_008_A_05_G_01,8,G01,train,step4_dorso_dedos,3,15,120,8.0
1597,HandWash_008_A_05_G_01,8,G01,train,step4_dorso_dedos,3,16,128,8.5333
1598,HandWash_008_A_05_G_01,8,G01,train,step4_dorso_dedos,3,17,136,9.0667
1599,HandWash_008_A_05_G_01,8,G01,train,step4_dorso_dedos,3,18,144,9.6
1600,HandWash_008_A_05_G_01,8,G01,train,step4_dorso_dedos,3,19,152,10.1333
1601,HandWash_008_A_05_G_01,8,G01,train,step4_dorso_dedos,3,20,160,10.6667
1602,HandWash_008_A_05_G_01,8,G01,train,step4_dorso_dedos,3,21,168,11.2
1603,HandWash_008_A_05_G_01,8,G01,train,step4_dorso_dedos,3,22,176,11.7333
1604,HandWash_008_A_05_G_01,8,G01,train,step4_dorso_dedos,3,23,184,12.2667
1605,HandWash_008_A_05_G_01,8,G01,train,step4_dorso_dedos,3,24,192,12.8
1606,HandWash_008_A_05_G_01,8,G01,train,step4_dorso_dedos,3,25,200,13.3333
1607,HandWash_008_A_05_G_01,8,G01,train,step4_dorso_dedos,3,26,208,13.8667
1608,HandWash_008_A_05_G_01,8,G01,train,step4_dorso_dedos,3,27,216,14.4
1609,HandWash_008_A_05_G_01,8,G01,train,step4_dorso_dedos,3,28,224,14.9333
1610,HandWash_008_A_05_G_01,8,G01,train,step4_dorso_dedos,3,29,232,15.4667
1611,HandWash_008_A_05_G_01,8,G01,train,step4_dorso_dedos,3,30,240,16.0
1612,HandWash_008_A_05_G_01,8,G01,train,step4_dorso_dedos,3,31,248,16.5333
1613,HandWash_008_A_05_G_01,8,G01,train,step4_dorso_dedos,3,32,256,17.0667
1614,HandWash_008_A_05_G_01,8,G01,train,step4_dorso_dedos,3,33,264,17.6
1615,HandWash_008_A_05_G_01,8,G01,train,step4_dorso_dedos,3,34,272,18.1333
1616,HandWash_008_A_05_G_01,8,G01,train,step4_dorso_dedos,3,35,280,18.6667
1617,HandWash_008_A_05_G_01,8,G01,train,step4_dorso_dedos,3,36,288,19.2
1618,HandWash_008_A_05_G_01,8,G01,train,step4_dorso_dedos,3,37,296,19.7333
1619,HandWash_008_A_05_G_01,8,G01,train,step4_dorso_dedos,3,38,304,20.2667
1620,HandWash_008_A_05_G_01,8,G01,train,step4_dorso_dedos,3,39,312,20.8
1621,HandWash_008_A_05_G_01,8,G01,train,step4_dorso_dedos,3,40,320,21.3333
1622,HandWash_008_A_05_G_01,8,G01,train,step4_dorso_dedos,3,41,328,21.8667
1623,HandWash_008_A_05_G_01,8,G01,train,step4_dorso_dedos,3,42,336,22.4
1624,HandWash_008_A_05_G_01,8,G01,train,step4_dorso_dedos,3,43,344,22.9333
1625,HandWash_008_A_05_G_01,8,G01,train,step4_dorso_dedos,3,44,352,23.4667
1626,HandWash_008_A_05_G_01,8,G01,train,step4_dorso_dedos,3,45,360,24.0
1627,HandWash_008_A_05_G_01,8,G01,train,step4_dorso_dedos,3,46,368,24.5333
1628,HandWash_009_A_05_G_02,9,G02,train,step4_dorso_dedos,3,0,0,0.0
1629,HandWash_009_A_05_G_02,9,G02,train,step4_dorso_dedos,3,1,8,0.5333
1630,HandWash_009_A_05_G_02,9,G02,train,step4_dorso_dedos,3,2,16,1.0667
1631,HandWash_009_A_05_G_02,9,G02,train,step4_dorso_dedos,3,3,24,1.6
1632,HandWash_009_A_05_G_02,9,G02,train,step4_dorso_dedos,3,4,32,2.1333
1633,HandWash_009_A_05_G_02,9,G02,train,step4_dorso_dedos,3,5,40,2.6667
1634,HandWash_009_A_05_G_02,9,G02,train,step4_dorso_dedos,3,6,48,3.2
1635,HandWash_009_A_05_G_02,9,G02,train,step4_dorso_dedos,3,7,56,3.7333
1636,HandWash_009_A_05_G_02,9,G02,train,step4_dorso_dedos,3,8,64,4.2667
1637,HandWash_009_A_05_G_02,9,G02,train,step4_dorso_dedos,3,9,72,4.8
1638,HandWash_009_A_05_G_02,9,G02,train,step4_dorso_dedos,3,10,80,5.3333
1639,HandWash_009_A_05_G_02,9,G02,train,step4_dorso_dedos,3,11,88,5.8667
1640,HandWash_009_A_05_G_02,9,G02,train,step4_dorso_dedos,3,12,96,6.4
1641,HandWash_009_A_05_G_02,9,G02,train,step4_dorso_dedos,3,13,104,6.9333
1642,HandWash_009_A_05_G_02,9,G02,train,step4_dorso_dedos,3,14,112,7.4667
1643,HandWash_009_A_05_G_02,9,G02,train,step4_dorso_dedos,3,15,120,8.0
1644,HandWash_009_A_05_G_02,9,G02,train,step4_dorso_dedos,3,16,128,8.5333
1645,HandWash_009_A_05_G_02,9,G02,train,step4_dorso_dedos,3,17,136,9.0667
1646,HandWash_009_A_05_G_02,9,G02,train,step4_dorso_dedos,3,18,144,9.6
1647,HandWash_009_A_05_G_02,9,G02,train,step4_dorso_dedos,3,19,152,10.1333
1648,HandWash_009_A_05_G_02,9,G02,train,step4_dorso_dedos,3,20,160,10.6667
1649,HandWash_009_A_05_G_02,9,G02,train,step4_dorso_dedos,3,21,168,11.2
1650,HandWash_009_A_05_G_02,9,G02,train,step4_dorso_dedos,3,22,176,11.7333
1651,HandWash_009_A_05_G_02,9,G02,train,step4_dorso_dedos,3,23,184,12.2667
1652,HandWash_009_A_05_G_02,9,G02,train,step4_dorso_dedos,3,24,192,12.8
1653,HandWash_009_A_05_G_02,9,G02,train,step4_dorso_dedos,3,25,200,13.3333
1654,HandWash_009_A_05_G_02,9,G02,train,step4_dorso_dedos,3,26,208,13.8667
1655,HandWash_009_A_05_G_02,9,G02,train,step4_dorso_dedos,3,27,216,14.4
1656,HandWash_009_A_05_G_02,9,G02,train,step4_dorso_dedos,3,28,224,14.9333
1657,HandWash_009_A_05_G_02,9,G02,train,step4_dorso_dedos,3,29,232,15.4667
1658,HandWash_010_A_05_G_02,10,G02,train,step4_dorso_dedos,3,0,0,0.0
1659,HandWash_010_A_05_G_02,10,G02,train,step4_dorso_dedos,3,1,8,0.5333
1660,HandWash_010_A_05_G_02,10,G02,train,step4_dorso_dedos,3,2,16,1.0667
1661,HandWash_010_A_05_G_02,10,G02,train,step4_dorso_dedos,3,3,24,1.6
1662,HandWash_010_A_05_G_02,10,G02,train,step4_dorso_dedos,3,4,32,2.1333
1663,HandWash_010_A_05_G_02,10,G02,train,step4_dorso_dedos,3,5,40,2.6667
1664,HandWash_010_A_05_G_02,10,G02,train,step4_dorso_dedos,3,6,48,3.2
1665,HandWash_010_A_05_G_02,10,G02,train,step4_dorso_dedos,3,7,56,3.7333
1666,HandWash_010_A_05_G_02,10,G02,train,step4_dorso_dedos,3,8,64,4.2667
1667,HandWash_010_A_05_G_02,10,G02,train,step4_dorso_dedos,3,9,72,4.8
1668,HandWash_010_A_05_G_02,10,G02,train,step4_dorso_dedos,3,10,80,5.3333
1669,HandWash_010_A_05_G_02,10,G02,train,step4_dorso_dedos,3,11,88,5.8667
1670,HandWash_010_A_05_G_02,10,G02,train,step4_dorso_dedos,3,12,96,6.4
1671,HandWash_010_A_05_G_02,10,G02,train,step4_dorso_dedos,3,13,104,6.9333
1672,HandWash_010_A_05_G_02,10,G02,train,step4_dorso_dedos,3,14,112,7.4667
1673,HandWash_010_A_05_G_02,10,G02,train,step4_dorso_dedos,3,15,120,8.0
1674,HandWash_010_A_05_G_02,10,G02,train,step4_dorso_dedos,3,16,128,8.5333
1675,HandWash_010_A_05_G_02,10,G02,train,step4_dorso_dedos,3,17,136,9.0667
1676,HandWash_010_A_05_G_02,10,G02,train,step4_dorso_dedos,3,18,144,9.6
1677,HandWash_010_A_05_G_02,10,G02,train,step4_dorso_dedos,3,19,152,10.1333
1678,HandWash_010_A_05_G_02,10,G02,train,step4_dorso_dedos,3,20,160,10.6667
1679,HandWash_010_A_05_G_02,10,G02,train,step4_dorso_dedos,3,21,168,11.2
1680,HandWash_010_A_05_G_02,10,G02,train,step4_dorso_dedos,3,22,176,11.7333
1681,HandWash_010_A_05_G_02,10,G02,train,step4_dorso_dedos,3,23,184,12.2667
1682,HandWash_010_A_05_G_02,10,G02,train,step4_dorso_dedos,3,24,192,12.8
1683,HandWash_010_A_05_G_02,10,G02,train,step4_dorso_dedos,3,25,200,13.3333
1684,HandWash_010_A_05_G_02,10,G02,train,step4_dorso_dedos,3,26,208,13.8667
1685,HandWash_010_A_05_G_02,10,G02,train,step4_dorso_dedos,3,27,216,14.4
1686,HandWash_010_A_05_G_02,10,G02,train,step4_dorso_dedos,3,28,224,14.9333
1687,HandWash_010_A_05_G_02,10,G02,train,step4_dorso_dedos,3,29,232,15.4667
1688,HandWash_011_A_05_G_02,11,G02,train,step4_dorso_dedos,3,0,0,0.0
1689,HandWash_011_A_05_G_02,11,G02,train,step4_dorso_dedos,3,1,8,0.5333
1690,HandWash_011_A_05_G_02,11,G02,train,step4_dorso_dedos,3,2,16,1.0667
1691,HandWash_011_A_05_G_02,11,G02,train,step4_dorso_dedos,3,3,24,1.6
1692,HandWash_011_A_05_G_02,11,G02,train,step4_dorso_dedos,3,4,32,2.1333
1693,HandWash_011_A_05_G_02,11,G02,train,step4_dorso_dedos,3,5,40,2.6667
1694,HandWash_011_A_05_G_02,11,G02,train,step4_dorso_dedos,3,6,48,3.2
1695,HandWash_011_A_05_G_02,11,G02,train,step4_dorso_dedos,3,7,56,3.7333
1696,HandWash_011_A_05_G_02,11,G02,train,step4_dorso_dedos,3,8,64,4.2667
1697,HandWash_011_A_05_G_02,11,G02,train,step4_dorso_dedos,3,9,72,4.8
1698,HandWash_011_A_05_G_02,11,G02,train,step4_dorso_dedos,3,10,80,5.3333
1699,HandWash_011_A_05_G_02,11,G02,train,step4_dorso_dedos,3,11,88,5.8667
1700,HandWash_011_A_05_G_02,11,G02,train,step4_dorso_dedos,3,12,96,6.4
1701,HandWash_011_A_05_G_02,11,G02,train,step4_dorso_dedos,3,13,104,6.9333
1702,HandWash_011_A_05_G_02,11,G02,train,step4_dorso_dedos,3,14,112,7.4667
1703,HandWash_011_A_05_G_02,11,G02,train,step4_dorso_dedos,3,15,120,8.0
1704,HandWash_011_A_05_G_02,11,G02,train,step4_dorso_dedos,3,16,128,8.5333
1705,HandWash_011_A_05_G_02,11,G02,train,step4_dorso_dedos,3,17,136,9.0667
1706,HandWash_011_A_05_G_02,11,G02,train,step4_dorso_dedos,3,18,144,9.6
1707,HandWash_011_A_05_G_02,11,G02,train,step4_dorso_dedos,3,19,152,10.1333
1708,HandWash_011_A_05_G_02,11,G02,train,step4_dorso_dedos,3,20,160,10.6667
1709,HandWash_011_A_05_G_02,11,G02,train,step4_dorso_dedos,3,21,168,11.2
1710,HandWash_011_A_05_G_02,11,G02,train,step4_dorso_dedos,3,22,176,11.7333
1711,HandWash_011_A_05_G_02,11,G02,train,step4_dorso_dedos,3,23,184,12.2667
1712,HandWash_011_A_05_G_02,11,G02,train,step4_dorso_dedos,3,24,192,12.8
1713,HandWash_011_A_05_G_02,11,G02,train,step4_dorso_dedos,3,25,200,13.3333
1714,HandWash_011_A_05_G_02,11,G02,train,step4_dorso_dedos,3,26,208,13.8667
1715,HandWash_011_A_05_G_02,11,G02,train,step4_dorso_dedos,3,27,216,14.4
1716,HandWash_011_A_05_G_02,11,G02,train,step4_dorso_dedos,3,28,224,14.9333
1717,HandWash_011_A_05_G_02,11,G02,train,step4_dorso_dedos,3,29,232,15.4667
1718,HandWash_011_A_05_G_02,11,G02,train,step4_dorso_dedos,3,30,240,16.0
1719,HandWash_011_A_05_G_02,11,G02,train,step4_dorso_dedos,3,31,248,16.5333
1720,HandWash_011_A_05_G_02,11,G02,train,step4_dorso_dedos,3,32,256,17.0667
1721,HandWash_011_A_05_G_02,11,G02,train,step4_dorso_dedos,3,33,264,17.6
1722,HandWash_011_A_05_G_02,11,G02,train,step4_dorso_dedos,3,34,272,18.1333
1723,HandWash_011_A_05_G_02,11,G02,train,step4_dorso_dedos,3,35,280,18.6667
1724,HandWash_011_A_05_G_02,11,G02,train,step4_dorso_dedos,3,36,288,19.2
1725,HandWash_011_A_05_G_02,11,G02,train,step4_dorso_dedos,3,37,296,19.7333
1726,HandWash_011_A_05_G_02,11,G02,train,step4_dorso_dedos,3,38,304,20.2667
1727,HandWash_012_A_05_G_03,12,G03,train,step4_dorso_dedos,3,0,0,0.0
1728,HandWash_012_A_05_G_03,12,G03,train,step4_dorso_dedos,3,1,8,0.5333
1729,HandWash_012_A_05_G_03,12,G03,train,step4_dorso_dedos,3,2,16,1.0667
1730,HandWash_012_A_05_G_03,12,G03,train,step4_dorso_dedos,3,3,24,1.6
1731,HandWash_012_A_05_G_03,12,G03,train,step4_dorso_dedos,3,4,32,2.1333
1732,HandWash_012_A_05_G_03,12,G03,train,step4_dorso_dedos,3,5,40,2.6667
1733,HandWash_012_A_05_G_03,12,G03,train,step4_dorso_dedos,3,6,48,3.2
1734,HandWash_012_A_05_G_03,12,G03,train,step4_dorso_dedos,3,7,56,3.7333
1735,HandWash_012_A_05_G_03,12,G03,train,step4_dorso_dedos,3,8,64,4.2667
1736,HandWash_012_A_05_G_03,12,G03,train,step4_dorso_dedos,3,9,72,4.8
1737,HandWash_012_A_05_G_03,12,G03,train,step4_dorso_dedos,3,10,80,5.3333
1738,HandWash_012_A_05_G_03,12,G03,train,step4_dorso_dedos,3,11,88,5.8667
1739,HandWash_012_A_05_G_03,12,G03,train,step4_dorso_dedos,3,12,96,6.4
1740,HandWash_012_A_05_G_03,12,G03,train,step4_dorso_dedos,3,13,104,6.9333
1741,HandWash_012_A_05_G_03,12,G03,train,step4_dorso_dedos,3,14,112,7.4667
1742,HandWash_012_A_05_G_03,12,G03,train,step4_dorso_dedos,3,15,120,8.0
1743,HandWash_012_A_05_G_03,12,G03,train,step4_dorso_dedos,3,16,128,8.5333
1744,HandWash_012_A_05_G_03,12,G03,train,step4_dorso_dedos,3,17,136,9.0667
1745,HandWash_012_A_05_G_03,12,G03,train,step4_dorso_dedos,3,18,144,9.6
1746,HandWash_012_A_05_G_03,12,G03,train,step4_dorso_dedos,3,19,152,10.1333
1747,HandWash_012_A_05_G_03,12,G03,train,step4_dorso_dedos,3,20,160,10.6667
1748,HandWash_012_A_05_G_03,12,G03,train,step4_dorso_dedos,3,21,168,11.2
253,HandWash_013_A_05_G_03,13,G03,test,step4_dorso_dedos,3,0,0,0.0
254,HandWash_013_A_05_G_03,13,G03,test,step4_dorso_dedos,3,1,15,1.0
255,HandWash_013_A_05_G_03,13,G03,test,step4_dorso_dedos,3,2,30,2.0
256,HandWash_013_A_05_G_03,13,G03,test,step4_dorso_dedos,3,3,45,3.0
257,HandWash_013_A_05_G_03,13,G03,test,step4_dorso_dedos,3,4,60,4.0
258,HandWash_013_A_05_G_03,13,G03,test,step4_dorso_dedos,3,5,75,5.0
259,HandWash_013_A_05_G_03,13,G03,test,step4_dorso_dedos,3,6,90,6.0
260,HandWash_013_A_05_G_03,13,G03,test,step4_dorso_dedos,3,7,105,7.0
1749,HandWash_014_A_05_G_03,14,G03,train,step4_dorso_dedos,3,0,0,0.0
1750,HandWash_014_A_05_G_03,14,G03,train,step4_dorso_dedos,3,1,8,0.5333
1751,HandWash_014_A_05_G_03,14,G03,train,step4_dorso_dedos,3,2,16,1.0667
1752,HandWash_014_A_05_G_03,14,G03,train,step4_dorso_dedos,3,3,24,1.6
1753,HandWash_014_A_05_G_03,14,G03,train,step4_dorso_dedos,3,4,32,2.1333
1754,HandWash_014_A_05_G_03,14,G03,train,step4_dorso_dedos,3,5,40,2.6667
1755,HandWash_014_A_05_G_03,14,G03,train,step4_dorso_dedos,3,6,48,3.2
1756,HandWash_014_A_05_G_03,14,G03,train,step4_dorso_dedos,3,7,56,3.7333
1757,HandWash_014_A_05_G_03,14,G03,train,step4_dorso_dedos,3,8,64,4.2667
1758,HandWash_014_A_05_G_03,14,G03,train,step4_dorso_dedos,3,9,72,4.8
1759,HandWash_014_A_05_G_03,14,G03,train,step4_dorso_dedos,3,10,80,5.3333
1760,HandWash_014_A_05_G_03,14,G03,train,step4_dorso_dedos,3,11,88,5.8667
1761,HandWash_014_A_05_G_03,14,G03,train,step4_dorso_dedos,3,12,96,6.4
1762,HandWash_014_A_05_G_03,14,G03,train,step4_dorso_dedos,3,13,104,6.9333
1763,HandWash_014_A_05_G_03,14,G03,train,step4_dorso_dedos,3,14,112,7.4667
1764,HandWash_014_A_05_G_03,14,G03,train,step4_dorso_dedos,3,15,120,8.0
1765,HandWash_014_A_05_G_03,14,G03,train,step4_dorso_dedos,3,16,128,8.5333
1766,HandWash_014_A_05_G_03,14,G03,train,step4_dorso_dedos,3,17,136,9.0667
1767,HandWash_014_A_05_G_03,14,G03,train,step4_dorso_dedos,3,18,144,9.6
1768,HandWash_014_A_05_G_03,14,G03,train,step4_dorso_dedos,3,19,152,10.1333
1769,HandWash_014_A_05_G_03,14,G03,train,step4_dorso_dedos,3,20,160,10.6667
1770,HandWash_014_A_05_G_03,14,G03,train,step4_dorso_dedos,3,21,168,11.2
1771,HandWash_015_A_05_G_04,15,G04,train,step4_dorso_dedos,3,0,0,0.0
1772,HandWash_015_A_05_G_04,15,G04,train,step4_dorso_dedos,3,1,8,0.5333
1773,HandWash_015_A_05_G_04,15,G04,train,step4_dorso_dedos,3,2,16,1.0667
1774,HandWash_015_A_05_G_04,15,G04,train,step4_dorso_dedos,3,3,24,1.6
1775,HandWash_015_A_05_G_04,15,G04,train,step4_dorso_dedos,3,4,32,2.1333
1776,HandWash_015_A_05_G_04,15,G04,train,step4_dorso_dedos,3,5,40,2.6667
1777,HandWash_015_A_05_G_04,15,G04,train,step4_dorso_dedos,3,6,48,3.2
1778,HandWash_015_A_05_G_04,15,G04,train,step4_dorso_dedos,3,7,56,3.7333
1779,HandWash_015_A_05_G_04,15,G04,train,step4_dorso_dedos,3,8,64,4.2667
1780,HandWash_015_A_05_G_04,15,G04,train,step4_dorso_dedos,3,9,72,4.8
1781,HandWash_015_A_05_G_04,15,G04,train,step4_dorso_dedos,3,10,80,5.3333
1782,HandWash_015_A_05_G_04,15,G04,train,step4_dorso_dedos,3,11,88,5.8667
1783,HandWash_015_A_05_G_04,15,G04,train,step4_dorso_dedos,3,12,96,6.4
1784,HandWash_015_A_05_G_04,15,G04,train,step4_dorso_dedos,3,13,104,6.9333
1785,HandWash_015_A_05_G_04,15,G04,train,step4_dorso_dedos,3,14,112,7.4667
1786,HandWash_015_A_05_G_04,15,G04,train,step4_dorso_dedos,3,15,120,8.0
1787,HandWash_015_A_05_G_04,15,G04,train,step4_dorso_dedos,3,16,128,8.5333
1788,HandWash_015_A_05_G_04,15,G04,train,step4_dorso_dedos,3,17,136,9.0667
1789,HandWash_015_A_05_G_04,15,G04,train,step4_dorso_dedos,3,18,144,9.6
1790,HandWash_015_A_05_G_04,15,G04,train,step4_dorso_dedos,3,19,152,10.1333
1791,HandWash_015_A_05_G_04,15,G04,train,step4_dorso_dedos,3,20,160,10.6667
1792,HandWash_015_A_05_G_04,15,G04,train,step4_dorso_dedos,3,21,168,11.2
210,HandWash_016_A_05_G_04,16,G04,val,step4_dorso_dedos,3,0,0,0.0
211,HandWash_016_A_05_G_04,16,G04,val,step4_dorso_dedos,3,1,15,1.0
212,HandWash_016_A_05_G_04,16,G04,val,step4_dorso_dedos,3,2,30,2.0
213,HandWash_016_A_05_G_04,16,G04,val,step4_dorso_dedos,3,3,45,3.0
214,HandWash_016_A_05_G_04,16,G04,val,step4_dorso_dedos,3,4,60,4.0
215,HandWash_016_A_05_G_04,16,G04,val,step4_dorso_dedos,3,5,75,5.0
216,HandWash_016_A_05_G_04,16,G04,val,step4_dorso_dedos,3,6,90,6.0
217,HandWash_016_A_05_G_04,16,G04,val,step4_dorso_dedos,3,7,105,7.0
218,HandWash_016_A_05_G_04,16,G04,val,step4_dorso_dedos,3,8,120,8.0
219,HandWash_016_A_05_G_04,16,G04,val,step4_dorso_dedos,3,9,135,9.0
220,HandWash_016_A_05_G_04,16,G04,val,step4_dorso_dedos,3,10,150,10.0
221,HandWash_016_A_05_G_04,16,G04,val,step4_dorso_dedos,3,11,165,11.0
1793,HandWash_017_A_05_G_04,17,G04,train,step4_dorso_dedos,3,0,0,0.0
1794,HandWash_017_A_05_G_04,17,G04,train,step4_dorso_dedos,3,1,8,0.5333
1795,HandWash_017_A_05_G_04,17,G04,train,step4_dorso_dedos,3,2,16,1.0667
1796,HandWash_017_A_05_G_04,17,G04,train,step4_dorso_dedos,3,3,24,1.6
1797,HandWash_017_A_05_G_04,17,G04,train,step4_dorso_dedos,3,4,32,2.1333
1798,HandWash_017_A_05_G_04,17,G04,train,step4_dorso_dedos,3,5,40,2.6667
1799,HandWash_017_A_05_G_04,17,G04,train,step4_dorso_dedos,3,6,48,3.2
1800,HandWash_017_A_05_G_04,17,G04,train,step4_dorso_dedos,3,7,56,3.7333
1801,HandWash_017_A_05_G_04,17,G04,train,step4_dorso_dedos,3,8,64,4.2667
1802,HandWash_017_A_05_G_04,17,G04,train,step4_dorso_dedos,3,9,72,4.8
1803,HandWash_017_A_05_G_04,17,G04,train,step4_dorso_dedos,3,10,80,5.3333
1804,HandWash_017_A_05_G_04,17,G04,train,step4_dorso_dedos,3,11,88,5.8667
1805,HandWash_017_A_05_G_04,17,G04,train,step4_dorso_dedos,3,12,96,6.4
1806,HandWash_017_A_05_G_04,17,G04,train,step4_dorso_dedos,3,13,104,6.9333
1807,HandWash_017_A_05_G_04,17,G04,train,step4_dorso_dedos,3,14,112,7.4667
1808,HandWash_017_A_05_G_04,17,G04,train,step4_dorso_dedos,3,15,120,8.0
1809,HandWash_017_A_05_G_04,17,G04,train,step4_dorso_dedos,3,16,128,8.5333
1810,HandWash_017_A_05_G_04,17,G04,train,step4_dorso_dedos,3,17,136,9.0667
1811,HandWash_017_A_05_G_04,17,G04,train,step4_dorso_dedos,3,18,144,9.6
1812,HandWash_017_A_05_G_04,17,G04,train,step4_dorso_dedos,3,19,152,10.1333
1813,HandWash_017_A_05_G_04,17,G04,train,step4_dorso_dedos,3,20,160,10.6667
1814,HandWash_017_A_05_G_04,17,G04,train,step4_dorso_dedos,3,21,168,11.2
1815,HandWash_018_A_05_G_05,18,G05,train,step4_dorso_dedos,3,0,0,0.0
1816,HandWash_018_A_05_G_05,18,G05,train,step4_dorso_dedos,3,1,8,0.5333
1817,HandWash_018_A_05_G_05,18,G05,train,step4_dorso_dedos,3,2,16,1.0667
1818,HandWash_018_A_05_G_05,18,G05,train,step4_dorso_dedos,3,3,24,1.6
1819,HandWash_018_A_05_G_05,18,G05,train,step4_dorso_dedos,3,4,32,2.1333
1820,HandWash_018_A_05_G_05,18,G05,train,step4_dorso_dedos,3,5,40,2.6667
1821,HandWash_018_A_05_G_05,18,G05,train,step4_dorso_dedos,3,6,48,3.2
1822,HandWash_018_A_05_G_05,18,G05,train,step4_dorso_dedos,3,7,56,3.7333
1823,HandWash_018_A_05_G_05,18,G05,train,step4_dorso_dedos,3,8,64,4.2667
1824,HandWash_018_A_05_G_05,18,G05,train,step4_dorso_dedos,3,9,72,4.8
1825,HandWash_018_A_05_G_05,18,G05,train,step4_dorso_dedos,3,10,80,5.3333
1826,HandWash_018_A_05_G_05,18,G05,train,step4_dorso_dedos,3,11,88,5.8667
1827,HandWash_018_A_05_G_05,18,G05,train,step4_dorso_dedos,3,12,96,6.4
1828,HandWash_018_A_05_G_05,18,G05,train,step4_dorso_dedos,3,13,104,6.9333
1829,HandWash_018_A_05_G_05,18,G05,train,step4_dorso_dedos,3,14,112,7.4667
1830,HandWash_018_A_05_G_05,18,G05,train,step4_dorso_dedos,3,15,120,8.0
1831,HandWash_018_A_05_G_05,18,G05,train,step4_dorso_dedos,3,16,128,8.5333
1832,HandWash_018_A_05_G_05,18,G05,train,step4_dorso_dedos,3,17,136,9.0667
1833,HandWash_018_A_05_G_05,18,G05,train,step4_dorso_dedos,3,18,144,9.6
261,HandWash_019_A_05_G_05,19,G05,test,step4_dorso_dedos,3,0,0,0.0
262,HandWash_019_A_05_G_05,19,G05,test,step4_dorso_dedos,3,1,15,1.0
263,HandWash_019_A_05_G_05,19,G05,test,step4_dorso_dedos,3,2,30,2.0
264,HandWash_019_A_05_G_05,19,G05,test,step4_dorso_dedos,3,3,45,3.0
265,HandWash_019_A_05_G_05,19,G05,test,step4_dorso_dedos,3,4,60,4.0
266,HandWash_019_A_05_G_05,19,G05,test,step4_dorso_dedos,3,5,75,5.0
267,HandWash_019_A_05_G_05,19,G05,test,step4_dorso_dedos,3,6,90,6.0
1834,HandWash_020_A_05_G_05,20,G05,train,step4_dorso_dedos,3,0,0,0.0
1835,HandWash_020_A_05_G_05,20,G05,train,step4_dorso_dedos,3,1,8,0.5333
1836,HandWash_020_A_05_G_05,20,G05,train,step4_dorso_dedos,3,2,16,1.0667
1837,HandWash_020_A_05_G_05,20,G05,train,step4_dorso_dedos,3,3,24,1.6
1838,HandWash_020_A_05_G_05,20,G05,train,step4_dorso_dedos,3,4,32,2.1333
1839,HandWash_020_A_05_G_05,20,G05,train,step4_dorso_dedos,3,5,40,2.6667
1840,HandWash_020_A_05_G_05,20,G05,train,step4_dorso_dedos,3,6,48,3.2
1841,HandWash_020_A_05_G_05,20,G05,train,step4_dorso_dedos,3,7,56,3.7333
1842,HandWash_020_A_05_G_05,20,G05,train,step4_dorso_dedos,3,8,64,4.2667
1843,HandWash_020_A_05_G_05,20,G05,train,step4_dorso_dedos,3,9,72,4.8
1844,HandWash_020_A_05_G_05,20,G05,train,step4_dorso_dedos,3,10,80,5.3333
1845,HandWash_020_A_05_G_05,20,G05,train,step4_dorso_dedos,3,11,88,5.8667
1846,HandWash_020_A_05_G_05,20,G05,train,step4_dorso_dedos,3,12,96,6.4
1847,HandWash_020_A_05_G_05,20,G05,train,step4_dorso_dedos,3,13,104,6.9333
1848,HandWash_020_A_05_G_05,20,G05,train,step4_dorso_dedos,3,14,112,7.4667
1849,HandWash_020_A_05_G_05,20,G05,train,step4_dorso_dedos,3,15,120,8.0
1850,HandWash_020_A_05_G_05,20,G05,train,step4_dorso_dedos,3,16,128,8.5333
1851,HandWash_020_A_05_G_05,20,G05,train,step4_dorso_dedos,3,17,136,9.0667
1852,HandWash_020_A_05_G_05,20,G05,train,step4_dorso_dedos,3,18,144,9.6
1853,HandWash_020_A_05_G_05,20,G05,train,step4_dorso_dedos,3,19,152,10.1333
1854,HandWash_020_A_05_G_05,20,G05,train,step4_dorso_dedos,3,20,160,10.6667
1855,HandWash_020_A_05_G_05,20,G05,train,step4_dorso_dedos,3,21,168,11.2
1856,HandWash_020_A_05_G_05,20,G05,train,step4_dorso_dedos,3,22,176,11.7333
1857,HandWash_020_A_05_G_05,20,G05,train,step4_dorso_dedos,3,23,184,12.2667
1858,HandWash_020_A_05_G_05,20,G05,train,step4_dorso_dedos,3,24,192,12.8
1859,HandWash_020_A_05_G_05,20,G05,train,step4_dorso_dedos,3,25,200,13.3333
1860,HandWash_020_A_05_G_05,20,G05,train,step4_dorso_dedos,3,26,208,13.8667
1861,HandWash_020_A_05_G_05,20,G05,train,step4_dorso_dedos,3,27,216,14.4
1862,HandWash_020_A_05_G_05,20,G05,train,step4_dorso_dedos,3,28,224,14.9333
1863,HandWash_020_A_05_G_05,20,G05,train,step4_dorso_dedos,3,29,232,15.4667
1864,HandWash_020_A_05_G_05,20,G05,train,step4_dorso_dedos,3,30,240,16.0
1865,HandWash_020_A_05_G_05,20,G05,train,step4_dorso_dedos,3,31,248,16.5333
1866,HandWash_020_A_05_G_05,20,G05,train,step4_dorso_dedos,3,32,256,17.0667
222,HandWash_021_A_05_G_05,21,G05,val,step4_dorso_dedos,3,0,0,0.0
223,HandWash_021_A_05_G_05,21,G05,val,step4_dorso_dedos,3,1,15,1.0
224,HandWash_021_A_05_G_05,21,G05,val,step4_dorso_dedos,3,2,30,2.0
225,HandWash_021_A_05_G_05,21,G05,val,step4_dorso_dedos,3,3,45,3.0
226,HandWash_021_A_05_G_05,21,G05,val,step4_dorso_dedos,3,4,60,4.0
227,HandWash_021_A_05_G_05,21,G05,val,step4_dorso_dedos,3,5,75,5.0
228,HandWash_021_A_05_G_05,21,G05,val,step4_dorso_dedos,3,6,90,6.0
229,HandWash_021_A_05_G_05,21,G05,val,step4_dorso_dedos,3,7,105,7.0
230,HandWash_021_A_05_G_05,21,G05,val,step4_dorso_dedos,3,8,120,8.0
231,HandWash_022_A_05_G_05,22,G05,val,step4_dorso_dedos,3,0,0,0.0
232,HandWash_022_A_05_G_05,22,G05,val,step4_dorso_dedos,3,1,15,1.0
233,HandWash_022_A_05_G_05,22,G05,val,step4_dorso_dedos,3,2,30,2.0
234,HandWash_022_A_05_G_05,22,G05,val,step4_dorso_dedos,3,3,45,3.0
235,HandWash_022_A_05_G_05,22,G05,val,step4_dorso_dedos,3,4,60,4.0
236,HandWash_022_A_05_G_05,22,G05,val,step4_dorso_dedos,3,5,75,5.0
237,HandWash_022_A_05_G_05,22,G05,val,step4_dorso_dedos,3,6,90,6.0
238,HandWash_022_A_05_G_05,22,G05,val,step4_dorso_dedos,3,7,105,7.0
239,HandWash_022_A_05_G_05,22,G05,val,step4_dorso_dedos,3,8,120,8.0
240,HandWash_022_A_05_G_05,22,G05,val,step4_dorso_dedos,3,9,135,9.0
241,HandWash_022_A_05_G_05,22,G05,val,step4_dorso_dedos,3,10,150,10.0
242,HandWash_022_A_05_G_05,22,G05,val,step4_dorso_dedos,3,11,165,11.0
1867,HandWash_023_A_05_G_05,23,G05,train,step4_dorso_dedos,3,0,0,0.0
1868,HandWash_023_A_05_G_05,23,G05,train,step4_dorso_dedos,3,1,8,0.5333
1869,HandWash_023_A_05_G_05,23,G05,train,step4_dorso_dedos,3,2,16,1.0667
1870,HandWash_023_A_05_G_05,23,G05,train,step4_dorso_dedos,3,3,24,1.6
1871,HandWash_023_A_05_G_05,23,G05,train,step4_dorso_dedos,3,4,32,2.1333
1872,HandWash_023_A_05_G_05,23,G05,train,step4_dorso_dedos,3,5,40,2.6667
1873,HandWash_023_A_05_G_05,23,G05,train,step4_dorso_dedos,3,6,48,3.2
1874,HandWash_023_A_05_G_05,23,G05,train,step4_dorso_dedos,3,7,56,3.7333
1875,HandWash_023_A_05_G_05,23,G05,train,step4_dorso_dedos,3,8,64,4.2667
1876,HandWash_023_A_05_G_05,23,G05,train,step4_dorso_dedos,3,9,72,4.8
1877,HandWash_023_A_05_G_05,23,G05,train,step4_dorso_dedos,3,10,80,5.3333
1878,HandWash_023_A_05_G_05,23,G05,train,step4_dorso_dedos,3,11,88,5.8667
1879,HandWash_023_A_05_G_05,23,G05,train,step4_dorso_dedos,3,12,96,6.4
1880,HandWash_023_A_05_G_05,23,G05,train,step4_dorso_dedos,3,13,104,6.9333
1881,HandWash_023_A_05_G_05,23,G05,train,step4_dorso_dedos,3,14,112,7.4667
1882,HandWash_023_A_05_G_05,23,G05,train,step4_dorso_dedos,3,15,120,8.0
1883,HandWash_023_A_05_G_05,23,G05,train,step4_dorso_dedos,3,16,128,8.5333
1884,HandWash_023_A_05_G_05,23,G05,train,step4_dorso_dedos,3,17,136,9.0667
1885,HandWash_023_A_05_G_05,23,G05,train,step4_dorso_dedos,3,18,144,9.6
268,HandWash_024_A_05_G_05,24,G05,test,step4_dorso_dedos,3,0,0,0.0
269,HandWash_024_A_05_G_05,24,G05,test,step4_dorso_dedos,3,1,15,1.0
270,HandWash_024_A_05_G_05,24,G05,test,step4_dorso_dedos,3,2,30,2.0
271,HandWash_024_A_05_G_05,24,G05,test,step4_dorso_dedos,3,3,45,3.0
272,HandWash_024_A_05_G_05,24,G05,test,step4_dorso_dedos,3,4,60,4.0
273,HandWash_024_A_05_G_05,24,G05,test,step4_dorso_dedos,3,5,75,5.0
274,HandWash_024_A_05_G_05,24,G05,test,step4_dorso_dedos,3,6,90,6.0
275,HandWash_024_A_05_G_05,24,G05,test,step4_dorso_dedos,3,7,105,7.0
276,HandWash_024_A_05_G_05,24,G05,test,step4_dorso_dedos,3,8,120,8.0
277,HandWash_024_A_05_G_05,24,G05,test,step4_dorso_dedos,3,9,135,9.0
278,HandWash_024_A_05_G_05,24,G05,test,step4_dorso_dedos,3,10,150,10.0
1886,HandWash_025_A_05_G_05,25,G05,train,step4_dorso_dedos,3,0,0,0.0
1887,HandWash_025_A_05_G_05,25,G05,train,step4_dorso_dedos,3,1,8,0.5333
1888,HandWash_025_A_05_G_05,25,G05,train,step4_dorso_dedos,3,2,16,1.0667
1889,HandWash_025_A_05_G_05,25,G05,train,step4_dorso_dedos,3,3,24,1.6
1890,HandWash_025_A_05_G_05,25,G05,train,step4_dorso_dedos,3,4,32,2.1333
1891,HandWash_025_A_05_G_05,25,G05,train,step4_dorso_dedos,3,5,40,2.6667
1892,HandWash_025_A_05_G_05,25,G05,train,step4_dorso_dedos,3,6,48,3.2
1893,HandWash_025_A_05_G_05,25,G05,train,step4_dorso_dedos,3,7,56,3.7333
1894,HandWash_025_A_05_G_05,25,G05,train,step4_dorso_dedos,3,8,64,4.2667
1895,HandWash_025_A_05_G_05,25,G05,train,step4_dorso_dedos,3,9,72,4.8
1896,HandWash_025_A_05_G_05,25,G05,train,step4_dorso_dedos,3,10,80,5.3333
1897,HandWash_025_A_05_G_05,25,G05,train,step4_dorso_dedos,3,11,88,5.8667
1898,HandWash_025_A_05_G_05,25,G05,train,step4_dorso_dedos,3,12,96,6.4
1899,HandWash_025_A_05_G_05,25,G05,train,step4_dorso_dedos,3,13,104,6.9333
1900,HandWash_001_A_06_G_01,1,G01,train,step4_dorso_dedos,3,0,0,0.0
1901,HandWash_001_A_06_G_01,1,G01,train,step4_dorso_dedos,3,1,8,0.5333
1902,HandWash_001_A_06_G_01,1,G01,train,step4_dorso_dedos,3,2,16,1.0667
1903,HandWash_001_A_06_G_01,1,G01,train,step4_dorso_dedos,3,3,24,1.6
1904,HandWash_001_A_06_G_01,1,G01,train,step4_dorso_dedos,3,4,32,2.1333
1905,HandWash_001_A_06_G_01,1,G01,train,step4_dorso_dedos,3,5,40,2.6667
1906,HandWash_001_A_06_G_01,1,G01,train,step4_dorso_dedos,3,6,48,3.2
1907,HandWash_001_A_06_G_01,1,G01,train,step4_dorso_dedos,3,7,56,3.7333
1908,HandWash_001_A_06_G_01,1,G01,train,step4_dorso_dedos,3,8,64,4.2667
1909,HandWash_001_A_06_G_01,1,G01,train,step4_dorso_dedos,3,9,72,4.8
1910,HandWash_001_A_06_G_01,1,G01,train,step4_dorso_dedos,3,10,80,5.3333
1911,HandWash_001_A_06_G_01,1,G01,train,step4_dorso_dedos,3,11,88,5.8667
1912,HandWash_001_A_06_G_01,1,G01,train,step4_dorso_dedos,3,12,96,6.4
1913,HandWash_001_A_06_G_01,1,G01,train,step4_dorso_dedos,3,13,104,6.9333
1914,HandWash_001_A_06_G_01,1,G01,train,step4_dorso_dedos,3,14,112,7.4667
1915,HandWash_001_A_06_G_01,1,G01,train,step4_dorso_dedos,3,15,120,8.0
1916,HandWash_001_A_06_G_01,1,G01,train,step4_dorso_dedos,3,16,128,8.5333
1917,HandWash_001_A_06_G_01,1,G01,train,step4_dorso_dedos,3,17,136,9.0667
1918,HandWash_001_A_06_G_01,1,G01,train,step4_dorso_dedos,3,18,144,9.6
1919,HandWash_001_A_06_G_01,1,G01,train,step4_dorso_dedos,3,19,152,10.1333
1920,HandWash_001_A_06_G_01,1,G01,train,step4_dorso_dedos,3,20,160,10.6667
1921,HandWash_001_A_06_G_01,1,G01,train,step4_dorso_dedos,3,21,168,11.2
279,HandWash_002_A_06_G_01,2,G01,test,step4_dorso_dedos,3,0,0,0.0
280,HandWash_002_A_06_G_01,2,G01,test,step4_dorso_dedos,3,1,15,1.0
281,HandWash_002_A_06_G_01,2,G01,test,step4_dorso_dedos,3,2,30,2.0
282,HandWash_002_A_06_G_01,2,G01,test,step4_dorso_dedos,3,3,45,3.0
283,HandWash_002_A_06_G_01,2,G01,test,step4_dorso_dedos,3,4,60,4.0
284,HandWash_002_A_06_G_01,2,G01,test,step4_dorso_dedos,3,5,75,5.0
285,HandWash_002_A_06_G_01,2,G01,test,step4_dorso_dedos,3,6,90,6.0
286,HandWash_002_A_06_G_01,2,G01,test,step4_dorso_dedos,3,7,105,7.0
287,HandWash_002_A_06_G_01,2,G01,test,step4_dorso_dedos,3,8,120,8.0
288,HandWash_002_A_06_G_01,2,G01,test,step4_dorso_dedos,3,9,135,9.0
1922,HandWash_003_A_06_G_01,3,G01,train,step4_dorso_dedos,3,0,0,0.0
1923,HandWash_003_A_06_G_01,3,G01,train,step4_dorso_dedos,3,1,8,0.5333
1924,HandWash_003_A_06_G_01,3,G01,train,step4_dorso_dedos,3,2,16,1.0667
1925,HandWash_003_A_06_G_01,3,G01,train,step4_dorso_dedos,3,3,24,1.6
1926,HandWash_003_A_06_G_01,3,G01,train,step4_dorso_dedos,3,4,32,2.1333
1927,HandWash_003_A_06_G_01,3,G01,train,step4_dorso_dedos,3,5,40,2.6667
1928,HandWash_003_A_06_G_01,3,G01,train,step4_dorso_dedos,3,6,48,3.2
1929,HandWash_003_A_06_G_01,3,G01,train,step4_dorso_dedos,3,7,56,3.7333
1930,HandWash_003_A_06_G_01,3,G01,train,step4_dorso_dedos,3,8,64,4.2667
1931,HandWash_003_A_06_G_01,3,G01,train,step4_dorso_dedos,3,9,72,4.8
1932,HandWash_003_A_06_G_01,3,G01,train,step4_dorso_dedos,3,10,80,5.3333
1933,HandWash_003_A_06_G_01,3,G01,train,step4_dorso_dedos,3,11,88,5.8667
1934,HandWash_003_A_06_G_01,3,G01,train,step4_dorso_dedos,3,12,96,6.4
1935,HandWash_003_A_06_G_01,3,G01,train,step4_dorso_dedos,3,13,104,6.9333
1936,HandWash_003_A_06_G_01,3,G01,train,step4_dorso_dedos,3,14,112,7.4667
1937,HandWash_003_A_06_G_01,3,G01,train,step4_dorso_dedos,3,15,120,8.0
1938,HandWash_003_A_06_G_01,3,G01,train,step4_dorso_dedos,3,16,128,8.5333
1939,HandWash_003_A_06_G_01,3,G01,train,step4_dorso_dedos,3,17,136,9.0667
1940,HandWash_003_A_06_G_01,3,G01,train,step4_dorso_dedos,3,18,144,9.6
1941,HandWash_003_A_06_G_01,3,G01,train,step4_dorso_dedos,3,19,152,10.1333
1942,HandWash_003_A_06_G_01,3,G01,train,step4_dorso_dedos,3,20,160,10.6667
1943,HandWash_003_A_06_G_01,3,G01,train,step4_dorso_dedos,3,21,168,11.2
243,HandWash_004_A_06_G_01,4,G01,val,step4_dorso_dedos,3,0,0,0.0
244,HandWash_004_A_06_G_01,4,G01,val,step4_dorso_dedos,3,1,15,1.0
245,HandWash_004_A_06_G_01,4,G01,val,step4_dorso_dedos,3,2,30,2.0
246,HandWash_004_A_06_G_01,4,G01,val,step4_dorso_dedos,3,3,45,3.0
247,HandWash_004_A_06_G_01,4,G01,val,step4_dorso_dedos,3,4,60,4.0
248,HandWash_004_A_06_G_01,4,G01,val,step4_dorso_dedos,3,5,75,5.0
249,HandWash_004_A_06_G_01,4,G01,val,step4_dorso_dedos,3,6,90,6.0
250,HandWash_004_A_06_G_01,4,G01,val,step4_dorso_dedos,3,7,105,7.0
251,HandWash_004_A_06_G_01,4,G01,val,step4_dorso_dedos,3,8,120,8.0
1944,HandWash_005_A_06_G_01,5,G01,train,step4_dorso_dedos,3,0,0,0.0
1945,HandWash_005_A_06_G_01,5,G01,train,step4_dorso_dedos,3,1,8,0.5333
1946,HandWash_005_A_06_G_01,5,G01,train,step4_dorso_dedos,3,2,16,1.0667
1947,HandWash_005_A_06_G_01,5,G01,train,step4_dorso_dedos,3,3,24,1.6
1948,HandWash_005_A_06_G_01,5,G01,train,step4_dorso_dedos,3,4,32,2.1333
1949,HandWash_005_A_06_G_01,5,G01,train,step4_dorso_dedos,3,5,40,2.6667
1950,HandWash_005_A_06_G_01,5,G01,train,step4_dorso_dedos,3,6,48,3.2
1951,HandWash_005_A_06_G_01,5,G01,train,step4_dorso_dedos,3,7,56,3.7333
1952,HandWash_005_A_06_G_01,5,G01,train,step4_dorso_dedos,3,8,64,4.2667
1953,HandWash_005_A_06_G_01,5,G01,train,step4_dorso_dedos,3,9,72,4.8
1954,HandWash_005_A_06_G_01,5,G01,train,step4_dorso_dedos,3,10,80,5.3333
1955,HandWash_005_A_06_G_01,5,G01,train,step4_dorso_dedos,3,11,88,5.8667
1956,HandWash_005_A_06_G_01,5,G01,train,step4_dorso_dedos,3,12,96,6.4
1957,HandWash_005_A_06_G_01,5,G01,train,step4_dorso_dedos,3,13,104,6.9333
1958,HandWash_005_A_06_G_01,5,G01,train,step4_dorso_dedos,3,14,112,7.4667
1959,HandWash_005_A_06_G_01,5,G01,train,step4_dorso_dedos,3,15,120,8.0
1960,HandWash_005_A_06_G_01,5,G01,train,step4_dorso_dedos,3,16,128,8.5333
1961,HandWash_005_A_06_G_01,5,G01,train,step4_dorso_dedos,3,17,136,9.0667
1962,HandWash_005_A_06_G_01,5,G01,train,step4_dorso_dedos,3,18,144,9.6
1963,HandWash_005_A_06_G_01,5,G01,train,step4_dorso_dedos,3,19,152,10.1333
1964,HandWash_005_A_06_G_01,5,G01,train,step4_dorso_dedos,3,20,160,10.6667
1965,HandWash_005_A_06_G_01,5,G01,train,step4_dorso_dedos,3,21,168,11.2
1966,HandWash_005_A_06_G_01,5,G01,train,step4_dorso_dedos,3,22,176,11.7333
1967,HandWash_005_A_06_G_01,5,G01,train,step4_dorso_dedos,3,23,184,12.2667
1968,HandWash_005_A_06_G_01,5,G01,train,step4_dorso_dedos,3,24,192,12.8
1969,HandWash_005_A_06_G_01,5,G01,train,step4_dorso_dedos,3,25,200,13.3333
1970,HandWash_006_A_06_G_01,6,G01,train,step4_dorso_dedos,3,0,0,0.0
1971,HandWash_006_A_06_G_01,6,G01,train,step4_dorso_dedos,3,1,8,0.5333
1972,HandWash_006_A_06_G_01,6,G01,train,step4_dorso_dedos,3,2,16,1.0667
1973,HandWash_006_A_06_G_01,6,G01,train,step4_dorso_dedos,3,3,24,1.6
1974,HandWash_006_A_06_G_01,6,G01,train,step4_dorso_dedos,3,4,32,2.1333
1975,HandWash_006_A_06_G_01,6,G01,train,step4_dorso_dedos,3,5,40,2.6667
1976,HandWash_006_A_06_G_01,6,G01,train,step4_dorso_dedos,3,6,48,3.2
1977,HandWash_006_A_06_G_01,6,G01,train,step4_dorso_dedos,3,7,56,3.7333
1978,HandWash_006_A_06_G_01,6,G01,train,step4_dorso_dedos,3,8,64,4.2667
1979,HandWash_006_A_06_G_01,6,G01,train,step4_dorso_dedos,3,9,72,4.8
1980,HandWash_006_A_06_G_01,6,G01,train,step4_dorso_dedos,3,10,80,5.3333
1981,HandWash_006_A_06_G_01,6,G01,train,step4_dorso_dedos,3,11,88,5.8667
1982,HandWash_006_A_06_G_01,6,G01,train,step4_dorso_dedos,3,12,96,6.4
1983,HandWash_006_A_06_G_01,6,G01,train,step4_dorso_dedos,3,13,104,6.9333
1984,HandWash_006_A_06_G_01,6,G01,train,step4_dorso_dedos,3,14,112,7.4667
1985,HandWash_006_A_06_G_01,6,G01,train,step4_dorso_dedos,3,15,120,8.0
1986,HandWash_006_A_06_G_01,6,G01,train,step4_dorso_dedos,3,16,128,8.5333
1987,HandWash_006_A_06_G_01,6,G01,train,step4_dorso_dedos,3,17,136,9.0667
1988,HandWash_006_A_06_G_01,6,G01,train,step4_dorso_dedos,3,18,144,9.6
1989,HandWash_006_A_06_G_01,6,G01,train,step4_dorso_dedos,3,19,152,10.1333
1990,HandWash_006_A_06_G_01,6,G01,train,step4_dorso_dedos,3,20,160,10.6667
1991,HandWash_006_A_06_G_01,6,G01,train,step4_dorso_dedos,3,21,168,11.2
289,HandWash_007_A_06_G_01,7,G01,test,step4_dorso_dedos,3,0,0,0.0
290,HandWash_007_A_06_G_01,7,G01,test,step4_dorso_dedos,3,1,15,1.0
291,HandWash_007_A_06_G_01,7,G01,test,step4_dorso_dedos,3,2,30,2.0
292,HandWash_007_A_06_G_01,7,G01,test,step4_dorso_dedos,3,3,45,3.0
293,HandWash_007_A_06_G_01,7,G01,test,step4_dorso_dedos,3,4,60,4.0
294,HandWash_007_A_06_G_01,7,G01,test,step4_dorso_dedos,3,5,75,5.0
295,HandWash_007_A_06_G_01,7,G01,test,step4_dorso_dedos,3,6,90,6.0
296,HandWash_007_A_06_G_01,7,G01,test,step4_dorso_dedos,3,7,105,7.0
297,HandWash_007_A_06_G_01,7,G01,test,step4_dorso_dedos,3,8,120,8.0
298,HandWash_007_A_06_G_01,7,G01,test,step4_dorso_dedos,3,9,135,9.0
299,HandWash_007_A_06_G_01,7,G01,test,step4_dorso_dedos,3,10,150,10.0
300,HandWash_007_A_06_G_01,7,G01,test,step4_dorso_dedos,3,11,165,11.0
301,HandWash_007_A_06_G_01,7,G01,test,step4_dorso_dedos,3,12,180,12.0
302,HandWash_007_A_06_G_01,7,G01,test,step4_dorso_dedos,3,13,195,13.0
303,HandWash_007_A_06_G_01,7,G01,test,step4_dorso_dedos,3,14,210,14.0
304,HandWash_007_A_06_G_01,7,G01,test,step4_dorso_dedos,3,15,225,15.0
305,HandWash_007_A_06_G_01,7,G01,test,step4_dorso_dedos,3,16,240,16.0
306,HandWash_007_A_06_G_01,7,G01,test,step4_dorso_dedos,3,17,255,17.0
307,HandWash_007_A_06_G_01,7,G01,test,step4_dorso_dedos,3,18,270,18.0
308,HandWash_007_A_06_G_01,7,G01,test,step4_dorso_dedos,3,19,285,19.0
309,HandWash_007_A_06_G_01,7,G01,test,step4_dorso_dedos,3,20,300,20.0
1992,HandWash_008_A_06_G_01,8,G01,train,step4_dorso_dedos,3,0,0,0.0
1993,HandWash_008_A_06_G_01,8,G01,train,step4_dorso_dedos,3,1,8,0.5333
1994,HandWash_008_A_06_G_01,8,G01,train,step4_dorso_dedos,3,2,16,1.0667
1995,HandWash_008_A_06_G_01,8,G01,train,step4_dorso_dedos,3,3,24,1.6
1996,HandWash_008_A_06_G_01,8,G01,train,step4_dorso_dedos,3,4,32,2.1333
1997,HandWash_008_A_06_G_01,8,G01,train,step4_dorso_dedos,3,5,40,2.6667
1998,HandWash_008_A_06_G_01,8,G01,train,step4_dorso_dedos,3,6,48,3.2
1999,HandWash_008_A_06_G_01,8,G01,train,step4_dorso_dedos,3,7,56,3.7333
2000,HandWash_008_A_06_G_01,8,G01,train,step4_dorso_dedos,3,8,64,4.2667
2001,HandWash_008_A_06_G_01,8,G01,train,step4_dorso_dedos,3,9,72,4.8
2002,HandWash_008_A_06_G_01,8,G01,train,step4_dorso_dedos,3,10,80,5.3333
2003,HandWash_008_A_06_G_01,8,G01,train,step4_dorso_dedos,3,11,88,5.8667
2004,HandWash_008_A_06_G_01,8,G01,train,step4_dorso_dedos,3,12,96,6.4
2005,HandWash_008_A_06_G_01,8,G01,train,step4_dorso_dedos,3,13,104,6.9333
2006,HandWash_008_A_06_G_01,8,G01,train,step4_dorso_dedos,3,14,112,7.4667
2007,HandWash_008_A_06_G_01,8,G01,train,step4_dorso_dedos,3,15,120,8.0
2008,HandWash_008_A_06_G_01,8,G01,train,step4_dorso_dedos,3,16,128,8.5333
2009,HandWash_008_A_06_G_01,8,G01,train,step4_dorso_dedos,3,17,136,9.0667
2010,HandWash_008_A_06_G_01,8,G01,train,step4_dorso_dedos,3,18,144,9.6
2011,HandWash_008_A_06_G_01,8,G01,train,step4_dorso_dedos,3,19,152,10.1333
2012,HandWash_008_A_06_G_01,8,G01,train,step4_dorso_dedos,3,20,160,10.6667
2013,HandWash_008_A_06_G_01,8,G01,train,step4_dorso_dedos,3,21,168,11.2
2014,HandWash_009_A_06_G_02,9,G02,train,step4_dorso_dedos,3,0,0,0.0
2015,HandWash_009_A_06_G_02,9,G02,train,step4_dorso_dedos,3,1,8,0.5333
2016,HandWash_009_A_06_G_02,9,G02,train,step4_dorso_dedos,3,2,16,1.0667
2017,HandWash_009_A_06_G_02,9,G02,train,step4_dorso_dedos,3,3,24,1.6
2018,HandWash_009_A_06_G_02,9,G02,train,step4_dorso_dedos,3,4,32,2.1333
2019,HandWash_009_A_06_G_02,9,G02,train,step4_dorso_dedos,3,5,40,2.6667
2020,HandWash_009_A_06_G_02,9,G02,train,step4_dorso_dedos,3,6,48,3.2
2021,HandWash_009_A_06_G_02,9,G02,train,step4_dorso_dedos,3,7,56,3.7333
2022,HandWash_009_A_06_G_02,9,G02,train,step4_dorso_dedos,3,8,64,4.2667
2023,HandWash_009_A_06_G_02,9,G02,train,step4_dorso_dedos,3,9,72,4.8
2024,HandWash_009_A_06_G_02,9,G02,train,step4_dorso_dedos,3,10,80,5.3333
2025,HandWash_009_A_06_G_02,9,G02,train,step4_dorso_dedos,3,11,88,5.8667
2026,HandWash_009_A_06_G_02,9,G02,train,step4_dorso_dedos,3,12,96,6.4
2027,HandWash_009_A_06_G_02,9,G02,train,step4_dorso_dedos,3,13,104,6.9333
2028,HandWash_009_A_06_G_02,9,G02,train,step4_dorso_dedos,3,14,112,7.4667
2029,HandWash_009_A_06_G_02,9,G02,train,step4_dorso_dedos,3,15,120,8.0
2030,HandWash_009_A_06_G_02,9,G02,train,step4_dorso_dedos,3,16,128,8.5333
2031,HandWash_009_A_06_G_02,9,G02,train,step4_dorso_dedos,3,17,136,9.0667
2032,HandWash_009_A_06_G_02,9,G02,train,step4_dorso_dedos,3,18,144,9.6
2033,HandWash_009_A_06_G_02,9,G02,train,step4_dorso_dedos,3,19,152,10.1333
2034,HandWash_009_A_06_G_02,9,G02,train,step4_dorso_dedos,3,20,160,10.6667
2035,HandWash_009_A_06_G_02,9,G02,train,step4_dorso_dedos,3,21,168,11.2
2036,HandWash_009_A_06_G_02,9,G02,train,step4_dorso_dedos,3,22,176,11.7333
2037,HandWash_009_A_06_G_02,9,G02,train,step4_dorso_dedos,3,23,184,12.2667
2038,HandWash_009_A_06_G_02,9,G02,train,step4_dorso_dedos,3,24,192,12.8
2039,HandWash_009_A_06_G_02,9,G02,train,step4_dorso_dedos,3,25,200,13.3333
2040,HandWash_009_A_06_G_02,9,G02,train,step4_dorso_dedos,3,26,208,13.8667
2041,HandWash_009_A_06_G_02,9,G02,train,step4_dorso_dedos,3,27,216,14.4
2042,HandWash_009_A_06_G_02,9,G02,train,step4_dorso_dedos,3,28,224,14.9333
2043,HandWash_009_A_06_G_02,9,G02,train,step4_dorso_dedos,3,29,232,15.4667
2044,HandWash_009_A_06_G_02,9,G02,train,step4_dorso_dedos,3,30,240,16.0
2045,HandWash_009_A_06_G_02,9,G02,train,step4_dorso_dedos,3,31,248,16.5333
2046,HandWash_009_A_06_G_02,9,G02,train,step4_dorso_dedos,3,32,256,17.0667
2047,HandWash_009_A_06_G_02,9,G02,train,step4_dorso_dedos,3,33,264,17.6
2048,HandWash_009_A_06_G_02,9,G02,train,step4_dorso_dedos,3,34,272,18.1333
2049,HandWash_010_A_06_G_02,10,G02,train,step4_dorso_dedos,3,0,0,0.0
2050,HandWash_010_A_06_G_02,10,G02,train,step4_dorso_dedos,3,1,8,0.5333
2051,HandWash_010_A_06_G_02,10,G02,train,step4_dorso_dedos,3,2,16,1.0667
2052,HandWash_010_A_06_G_02,10,G02,train,step4_dorso_dedos,3,3,24,1.6
2053,HandWash_010_A_06_G_02,10,G02,train,step4_dorso_dedos,3,4,32,2.1333
2054,HandWash_010_A_06_G_02,10,G02,train,step4_dorso_dedos,3,5,40,2.6667
2055,HandWash_010_A_06_G_02,10,G02,train,step4_dorso_dedos,3,6,48,3.2
2056,HandWash_010_A_06_G_02,10,G02,train,step4_dorso_dedos,3,7,56,3.7333
2057,HandWash_010_A_06_G_02,10,G02,train,step4_dorso_dedos,3,8,64,4.2667
2058,HandWash_010_A_06_G_02,10,G02,train,step4_dorso_dedos,3,9,72,4.8
2059,HandWash_010_A_06_G_02,10,G02,train,step4_dorso_dedos,3,10,80,5.3333
2060,HandWash_010_A_06_G_02,10,G02,train,step4_dorso_dedos,3,11,88,5.8667
2061,HandWash_010_A_06_G_02,10,G02,train,step4_dorso_dedos,3,12,96,6.4
2062,HandWash_010_A_06_G_02,10,G02,train,step4_dorso_dedos,3,13,104,6.9333
2063,HandWash_010_A_06_G_02,10,G02,train,step4_dorso_dedos,3,14,112,7.4667
2064,HandWash_010_A_06_G_02,10,G02,train,step4_dorso_dedos,3,15,120,8.0
2065,HandWash_010_A_06_G_02,10,G02,train,step4_dorso_dedos,3,16,128,8.5333
2066,HandWash_010_A_06_G_02,10,G02,train,step4_dorso_dedos,3,17,136,9.0667
2067,HandWash_010_A_06_G_02,10,G02,train,step4_dorso_dedos,3,18,144,9.6
2068,HandWash_010_A_06_G_02,10,G02,train,step4_dorso_dedos,3,19,152,10.1333
2069,HandWash_010_A_06_G_02,10,G02,train,step4_dorso_dedos,3,20,160,10.6667
2070,HandWash_010_A_06_G_02,10,G02,train,step4_dorso_dedos,3,21,168,11.2
2071,HandWash_010_A_06_G_02,10,G02,train,step4_dorso_dedos,3,22,176,11.7333
2072,HandWash_010_A_06_G_02,10,G02,train,step4_dorso_dedos,3,23,184,12.2667
2073,HandWash_010_A_06_G_02,10,G02,train,step4_dorso_dedos,3,24,192,12.8
2074,HandWash_010_A_06_G_02,10,G02,train,step4_dorso_dedos,3,25,200,13.3333
2075,HandWash_010_A_06_G_02,10,G02,train,step4_dorso_dedos,3,26,208,13.8667
2076,HandWash_010_A_06_G_02,10,G02,train,step4_dorso_dedos,3,27,216,14.4
2077,HandWash_010_A_06_G_02,10,G02,train,step4_dorso_dedos,3,28,224,14.9333
2078,HandWash_010_A_06_G_02,10,G02,train,step4_dorso_dedos,3,29,232,15.4667
2079,HandWash_010_A_06_G_02,10,G02,train,step4_dorso_dedos,3,30,240,16.0
2080,HandWash_011_A_06_G_02,11,G02,train,step4_dorso_dedos,3,0,0,0.0
2081,HandWash_011_A_06_G_02,11,G02,train,step4_dorso_dedos,3,1,8,0.5333
2082,HandWash_011_A_06_G_02,11,G02,train,step4_dorso_dedos,3,2,16,1.0667
2083,HandWash_011_A_06_G_02,11,G02,train,step4_dorso_dedos,3,3,24,1.6
2084,HandWash_011_A_06_G_02,11,G02,train,step4_dorso_dedos,3,4,32,2.1333
2085,HandWash_011_A_06_G_02,11,G02,train,step4_dorso_dedos,3,5,40,2.6667
2086,HandWash_011_A_06_G_02,11,G02,train,step4_dorso_dedos,3,6,48,3.2
2087,HandWash_011_A_06_G_02,11,G02,train,step4_dorso_dedos,3,7,56,3.7333
2088,HandWash_011_A_06_G_02,11,G02,train,step4_dorso_dedos,3,8,64,4.2667
2089,HandWash_011_A_06_G_02,11,G02,train,step4_dorso_dedos,3,9,72,4.8
2090,HandWash_011_A_06_G_02,11,G02,train,step4_dorso_dedos,3,10,80,5.3333
2091,HandWash_011_A_06_G_02,11,G02,train,step4_dorso_dedos,3,11,88,5.8667
2092,HandWash_011_A_06_G_02,11,G02,train,step4_dorso_dedos,3,12,96,6.4
2093,HandWash_011_A_06_G_02,11,G02,train,step4_dorso_dedos,3,13,104,6.9333
2094,HandWash_011_A_06_G_02,11,G02,train,step4_dorso_dedos,3,14,112,7.4667
2095,HandWash_011_A_06_G_02,11,G02,train,step4_dorso_dedos,3,15,120,8.0
2096,HandWash_011_A_06_G_02,11,G02,train,step4_dorso_dedos,3,16,128,8.5333
2097,HandWash_011_A_06_G_02,11,G02,train,step4_dorso_dedos,3,17,136,9.0667
2098,HandWash_011_A_06_G_02,11,G02,train,step4_dorso_dedos,3,18,144,9.6
2099,HandWash_011_A_06_G_02,11,G02,train,step4_dorso_dedos,3,19,152,10.1333
2100,HandWash_011_A_06_G_02,11,G02,train,step4_dorso_dedos,3,20,160,10.6667
2101,HandWash_011_A_06_G_02,11,G02,train,step4_dorso_dedos,3,21,168,11.2
2102,HandWash_011_A_06_G_02,11,G02,train,step4_dorso_dedos,3,22,176,11.7333
2103,HandWash_011_A_06_G_02,11,G02,train,step4_dorso_dedos,3,23,184,12.2667
2104,HandWash_011_A_06_G_02,11,G02,train,step4_dorso_dedos,3,24,192,12.8
2105,HandWash_011_A_06_G_02,11,G02,train,step4_dorso_dedos,3,25,200,13.3333
2106,HandWash_011_A_06_G_02,11,G02,train,step4_dorso_dedos,3,26,208,13.8667
2107,HandWash_011_A_06_G_02,11,G02,train,step4_dorso_dedos,3,27,216,14.4
2108,HandWash_011_A_06_G_02,11,G02,train,step4_dorso_dedos,3,28,224,14.9333
2109,HandWash_011_A_06_G_02,11,G02,train,step4_dorso_dedos,3,29,232,15.4667
2110,HandWash_011_A_06_G_02,11,G02,train,step4_dorso_dedos,3,30,240,16.0
2111,HandWash_012_A_06_G_03,12,G03,train,step4_dorso_dedos,3,0,0,0.0
2112,HandWash_012_A_06_G_03,12,G03,train,step4_dorso_dedos,3,1,8,0.5333
2113,HandWash_012_A_06_G_03,12,G03,train,step4_dorso_dedos,3,2,16,1.0667
2114,HandWash_012_A_06_G_03,12,G03,train,step4_dorso_dedos,3,3,24,1.6
2115,HandWash_012_A_06_G_03,12,G03,train,step4_dorso_dedos,3,4,32,2.1333
2116,HandWash_012_A_06_G_03,12,G03,train,step4_dorso_dedos,3,5,40,2.6667
2117,HandWash_012_A_06_G_03,12,G03,train,step4_dorso_dedos,3,6,48,3.2
2118,HandWash_012_A_06_G_03,12,G03,train,step4_dorso_dedos,3,7,56,3.7333
2119,HandWash_012_A_06_G_03,12,G03,train,step4_dorso_dedos,3,8,64,4.2667
2120,HandWash_012_A_06_G_03,12,G03,train,step4_dorso_dedos,3,9,72,4.8
2121,HandWash_012_A_06_G_03,12,G03,train,step4_dorso_dedos,3,10,80,5.3333
2122,HandWash_012_A_06_G_03,12,G03,train,step4_dorso_dedos,3,11,88,5.8667
2123,HandWash_012_A_06_G_03,12,G03,train,step4_dorso_dedos,3,12,96,6.4
2124,HandWash_012_A_06_G_03,12,G03,train,step4_dorso_dedos,3,13,104,6.9333
2125,HandWash_012_A_06_G_03,12,G03,train,step4_dorso_dedos,3,14,112,7.4667
2126,HandWash_012_A_06_G_03,12,G03,train,step4_dorso_dedos,3,15,120,8.0
2127,HandWash_012_A_06_G_03,12,G03,train,step4_dorso_dedos,3,16,128,8.5333
2128,HandWash_012_A_06_G_03,12,G03,train,step4_dorso_dedos,3,17,136,9.0667
2129,HandWash_012_A_06_G_03,12,G03,train,step4_dorso_dedos,3,18,144,9.6
2130,HandWash_012_A_06_G_03,12,G03,train,step4_dorso_dedos,3,19,152,10.1333
2131,HandWash_012_A_06_G_03,12,G03,train,step4_dorso_dedos,3,20,160,10.6667
2132,HandWash_012_A_06_G_03,12,G03,train,step4_dorso_dedos,3,21,168,11.2
310,HandWash_013_A_06_G_03,13,G03,test,step4_dorso_dedos,3,0,0,0.0
311,HandWash_013_A_06_G_03,13,G03,test,step4_dorso_dedos,3,1,15,1.0
312,HandWash_013_A_06_G_03,13,G03,test,step4_dorso_dedos,3,2,30,2.0
313,HandWash_013_A_06_G_03,13,G03,test,step4_dorso_dedos,3,3,45,3.0
314,HandWash_013_A_06_G_03,13,G03,test,step4_dorso_dedos,3,4,60,4.0
315,HandWash_013_A_06_G_03,13,G03,test,step4_dorso_dedos,3,5,75,5.0
316,HandWash_013_A_06_G_03,13,G03,test,step4_dorso_dedos,3,6,90,6.0
317,HandWash_013_A_06_G_03,13,G03,test,step4_dorso_dedos,3,7,105,7.0
318,HandWash_013_A_06_G_03,13,G03,test,step4_dorso_dedos,3,8,120,8.0
319,HandWash_013_A_06_G_03,13,G03,test,step4_dorso_dedos,3,9,135,9.0
2133,HandWash_014_A_06_G_03,14,G03,train,step4_dorso_dedos,3,0,0,0.0
2134,HandWash_014_A_06_G_03,14,G03,train,step4_dorso_dedos,3,1,8,0.5333
2135,HandWash_014_A_06_G_03,14,G03,train,step4_dorso_dedos,3,2,16,1.0667
2136,HandWash_014_A_06_G_03,14,G03,train,step4_dorso_dedos,3,3,24,1.6
2137,HandWash_014_A_06_G_03,14,G03,train,step4_dorso_dedos,3,4,32,2.1333
2138,HandWash_014_A_06_G_03,14,G03,train,step4_dorso_dedos,3,5,40,2.6667
2139,HandWash_014_A_06_G_03,14,G03,train,step4_dorso_dedos,3,6,48,3.2
2140,HandWash_014_A_06_G_03,14,G03,train,step4_dorso_dedos,3,7,56,3.7333
2141,HandWash_014_A_06_G_03,14,G03,train,step4_dorso_dedos,3,8,64,4.2667
2142,HandWash_014_A_06_G_03,14,G03,train,step4_dorso_dedos,3,9,72,4.8
2143,HandWash_014_A_06_G_03,14,G03,train,step4_dorso_dedos,3,10,80,5.3333
2144,HandWash_014_A_06_G_03,14,G03,train,step4_dorso_dedos,3,11,88,5.8667
2145,HandWash_014_A_06_G_03,14,G03,train,step4_dorso_dedos,3,12,96,6.4
2146,HandWash_014_A_06_G_03,14,G03,train,step4_dorso_dedos,3,13,104,6.9333
2147,HandWash_014_A_06_G_03,14,G03,train,step4_dorso_dedos,3,14,112,7.4667
2148,HandWash_014_A_06_G_03,14,G03,train,step4_dorso_dedos,3,15,120,8.0
2149,HandWash_014_A_06_G_03,14,G03,train,step4_dorso_dedos,3,16,128,8.5333
2150,HandWash_014_A_06_G_03,14,G03,train,step4_dorso_dedos,3,17,136,9.0667
2151,HandWash_015_A_06_G_04,15,G04,train,step4_dorso_dedos,3,0,0,0.0
2152,HandWash_015_A_06_G_04,15,G04,train,step4_dorso_dedos,3,1,8,0.5333
2153,HandWash_015_A_06_G_04,15,G04,train,step4_dorso_dedos,3,2,16,1.0667
2154,HandWash_015_A_06_G_04,15,G04,train,step4_dorso_dedos,3,3,24,1.6
2155,HandWash_015_A_06_G_04,15,G04,train,step4_dorso_dedos,3,4,32,2.1333
2156,HandWash_015_A_06_G_04,15,G04,train,step4_dorso_dedos,3,5,40,2.6667
2157,HandWash_015_A_06_G_04,15,G04,train,step4_dorso_dedos,3,6,48,3.2
2158,HandWash_015_A_06_G_04,15,G04,train,step4_dorso_dedos,3,7,56,3.7333
2159,HandWash_015_A_06_G_04,15,G04,train,step4_dorso_dedos,3,8,64,4.2667
2160,HandWash_015_A_06_G_04,15,G04,train,step4_dorso_dedos,3,9,72,4.8
2161,HandWash_015_A_06_G_04,15,G04,train,step4_dorso_dedos,3,10,80,5.3333
2162,HandWash_015_A_06_G_04,15,G04,train,step4_dorso_dedos,3,11,88,5.8667
2163,HandWash_015_A_06_G_04,15,G04,train,step4_dorso_dedos,3,12,96,6.4
2164,HandWash_015_A_06_G_04,15,G04,train,step4_dorso_dedos,3,13,104,6.9333
2165,HandWash_015_A_06_G_04,15,G04,train,step4_dorso_dedos,3,14,112,7.4667
2166,HandWash_015_A_06_G_04,15,G04,train,step4_dorso_dedos,3,15,120,8.0
2167,HandWash_015_A_06_G_04,15,G04,train,step4_dorso_dedos,3,16,128,8.5333
2168,HandWash_015_A_06_G_04,15,G04,train,step4_dorso_dedos,3,17,136,9.0667
2169,HandWash_015_A_06_G_04,15,G04,train,step4_dorso_dedos,3,18,144,9.6
2170,HandWash_015_A_06_G_04,15,G04,train,step4_dorso_dedos,3,19,152,10.1333
2171,HandWash_015_A_06_G_04,15,G04,train,step4_dorso_dedos,3,20,160,10.6667
2172,HandWash_015_A_06_G_04,15,G04,train,step4_dorso_dedos,3,21,168,11.2
252,HandWash_016_A_06_G_04,16,G04,val,step4_dorso_dedos,3,0,0,0.0
253,HandWash_016_A_06_G_04,16,G04,val,step4_dorso_dedos,3,1,15,1.0
254,HandWash_016_A_06_G_04,16,G04,val,step4_dorso_dedos,3,2,30,2.0
255,HandWash_016_A_06_G_04,16,G04,val,step4_dorso_dedos,3,3,45,3.0
256,HandWash_016_A_06_G_04,16,G04,val,step4_dorso_dedos,3,4,60,4.0
257,HandWash_016_A_06_G_04,16,G04,val,step4_dorso_dedos,3,5,75,5.0
258,HandWash_016_A_06_G_04,16,G04,val,step4_dorso_dedos,3,6,90,6.0
259,HandWash_016_A_06_G_04,16,G04,val,step4_dorso_dedos,3,7,105,7.0
260,HandWash_016_A_06_G_04,16,G04,val,step4_dorso_dedos,3,8,120,8.0
261,HandWash_016_A_06_G_04,16,G04,val,step4_dorso_dedos,3,9,135,9.0
2173,HandWash_017_A_06_G_04,17,G04,train,step4_dorso_dedos,3,0,0,0.0
2174,HandWash_017_A_06_G_04,17,G04,train,step4_dorso_dedos,3,1,8,0.5333
2175,HandWash_017_A_06_G_04,17,G04,train,step4_dorso_dedos,3,2,16,1.0667
2176,HandWash_017_A_06_G_04,17,G04,train,step4_dorso_dedos,3,3,24,1.6
2177,HandWash_017_A_06_G_04,17,G04,train,step4_dorso_dedos,3,4,32,2.1333
2178,HandWash_017_A_06_G_04,17,G04,train,step4_dorso_dedos,3,5,40,2.6667
2179,HandWash_017_A_06_G_04,17,G04,train,step4_dorso_dedos,3,6,48,3.2
2180,HandWash_017_A_06_G_04,17,G04,train,step4_dorso_dedos,3,7,56,3.7333
2181,HandWash_017_A_06_G_04,17,G04,train,step4_dorso_dedos,3,8,64,4.2667
2182,HandWash_017_A_06_G_04,17,G04,train,step4_dorso_dedos,3,9,72,4.8
2183,HandWash_017_A_06_G_04,17,G04,train,step4_dorso_dedos,3,10,80,5.3333
2184,HandWash_017_A_06_G_04,17,G04,train,step4_dorso_dedos,3,11,88,5.8667
2185,HandWash_017_A_06_G_04,17,G04,train,step4_dorso_dedos,3,12,96,6.4
2186,HandWash_017_A_06_G_04,17,G04,train,step4_dorso_dedos,3,13,104,6.9333
2187,HandWash_017_A_06_G_04,17,G04,train,step4_dorso_dedos,3,14,112,7.4667
2188,HandWash_017_A_06_G_04,17,G04,train,step4_dorso_dedos,3,15,120,8.0
2189,HandWash_017_A_06_G_04,17,G04,train,step4_dorso_dedos,3,16,128,8.5333
2190,HandWash_017_A_06_G_04,17,G04,train,step4_dorso_dedos,3,17,136,9.0667
2191,HandWash_018_A_06_G_05,18,G05,train,step4_dorso_dedos,3,0,0,0.0
2192,HandWash_018_A_06_G_05,18,G05,train,step4_dorso_dedos,3,1,8,0.5333
2193,HandWash_018_A_06_G_05,18,G05,train,step4_dorso_dedos,3,2,16,1.0667
2194,HandWash_018_A_06_G_05,18,G05,train,step4_dorso_dedos,3,3,24,1.6
2195,HandWash_018_A_06_G_05,18,G05,train,step4_dorso_dedos,3,4,32,2.1333
2196,HandWash_018_A_06_G_05,18,G05,train,step4_dorso_dedos,3,5,40,2.6667
2197,HandWash_018_A_06_G_05,18,G05,train,step4_dorso_dedos,3,6,48,3.2
2198,HandWash_018_A_06_G_05,18,G05,train,step4_dorso_dedos,3,7,56,3.7333
2199,HandWash_018_A_06_G_05,18,G05,train,step4_dorso_dedos,3,8,64,4.2667
2200,HandWash_018_A_06_G_05,18,G05,train,step4_dorso_dedos,3,9,72,4.8
2201,HandWash_018_A_06_G_05,18,G05,train,step4_dorso_dedos,3,10,80,5.3333
2202,HandWash_018_A_06_G_05,18,G05,train,step4_dorso_dedos,3,11,88,5.8667
2203,HandWash_018_A_06_G_05,18,G05,train,step4_dorso_dedos,3,12,96,6.4
2204,HandWash_018_A_06_G_05,18,G05,train,step4_dorso_dedos,3,13,104,6.9333
2205,HandWash_018_A_06_G_05,18,G05,train,step4_dorso_dedos,3,14,112,7.4667
2206,HandWash_018_A_06_G_05,18,G05,train,step4_dorso_dedos,3,15,120,8.0
2207,HandWash_018_A_06_G_05,18,G05,train,step4_dorso_dedos,3,16,128,8.5333
2208,HandWash_018_A_06_G_05,18,G05,train,step4_dorso_dedos,3,17,136,9.0667
320,HandWash_019_A_06_G_05,19,G05,test,step4_dorso_dedos,3,0,0,0.0
321,HandWash_019_A_06_G_05,19,G05,test,step4_dorso_dedos,3,1,15,1.0
322,HandWash_019_A_06_G_05,19,G05,test,step4_dorso_dedos,3,2,30,2.0
323,HandWash_019_A_06_G_05,19,G05,test,step4_dorso_dedos,3,3,45,3.0
324,HandWash_019_A_06_G_05,19,G05,test,step4_dorso_dedos,3,4,60,4.0
325,HandWash_019_A_06_G_05,19,G05,test,step4_dorso_dedos,3,5,75,5.0
326,HandWash_019_A_06_G_05,19,G05,test,step4_dorso_dedos,3,6,90,6.0
2209,HandWash_020_A_06_G_05,20,G05,train,step4_dorso_dedos,3,0,0,0.0
2210,HandWash_020_A_06_G_05,20,G05,train,step4_dorso_dedos,3,1,8,0.5333
2211,HandWash_020_A_06_G_05,20,G05,train,step4_dorso_dedos,3,2,16,1.0667
2212,HandWash_020_A_06_G_05,20,G05,train,step4_dorso_dedos,3,3,24,1.6
2213,HandWash_020_A_06_G_05,20,G05,train,step4_dorso_dedos,3,4,32,2.1333
2214,HandWash_020_A_06_G_05,20,G05,train,step4_dorso_dedos,3,5,40,2.6667
2215,HandWash_020_A_06_G_05,20,G05,train,step4_dorso_dedos,3,6,48,3.2
2216,HandWash_020_A_06_G_05,20,G05,train,step4_dorso_dedos,3,7,56,3.7333
2217,HandWash_020_A_06_G_05,20,G05,train,step4_dorso_dedos,3,8,64,4.2667
2218,HandWash_020_A_06_G_05,20,G05,train,step4_dorso_dedos,3,9,72,4.8
2219,HandWash_020_A_06_G_05,20,G05,train,step4_dorso_dedos,3,10,80,5.3333
2220,HandWash_020_A_06_G_05,20,G05,train,step4_dorso_dedos,3,11,88,5.8667
2221,HandWash_020_A_06_G_05,20,G05,train,step4_dorso_dedos,3,12,96,6.4
2222,HandWash_020_A_06_G_05,20,G05,train,step4_dorso_dedos,3,13,104,6.9333
2223,HandWash_020_A_06_G_05,20,G05,train,step4_dorso_dedos,3,14,112,7.4667
2224,HandWash_020_A_06_G_05,20,G05,train,step4_dorso_dedos,3,15,120,8.0
2225,HandWash_020_A_06_G_05,20,G05,train,step4_dorso_dedos,3,16,128,8.5333
2226,HandWash_020_A_06_G_05,20,G05,train,step4_dorso_dedos,3,17,136,9.0667
2227,HandWash_020_A_06_G_05,20,G05,train,step4_dorso_dedos,3,18,144,9.6
2228,HandWash_020_A_06_G_05,20,G05,train,step4_dorso_dedos,3,19,152,10.1333
2229,HandWash_020_A_06_G_05,20,G05,train,step4_dorso_dedos,3,20,160,10.6667
2230,HandWash_020_A_06_G_05,20,G05,train,step4_dorso_dedos,3,21,168,11.2
2231,HandWash_020_A_06_G_05,20,G05,train,step4_dorso_dedos,3,22,176,11.7333
2232,HandWash_020_A_06_G_05,20,G05,train,step4_dorso_dedos,3,23,184,12.2667
262,HandWash_021_A_06_G_05,21,G05,val,step4_dorso_dedos,3,0,0,0.0
263,HandWash_021_A_06_G_05,21,G05,val,step4_dorso_dedos,3,1,15,1.0
264,HandWash_021_A_06_G_05,21,G05,val,step4_dorso_dedos,3,2,30,2.0
265,HandWash_021_A_06_G_05,21,G05,val,step4_dorso_dedos,3,3,45,3.0
266,HandWash_021_A_06_G_05,21,G05,val,step4_dorso_dedos,3,4,60,4.0
267,HandWash_021_A_06_G_05,21,G05,val,step4_dorso_dedos,3,5,75,5.0
268,HandWash_021_A_06_G_05,21,G05,val,step4_dorso_dedos,3,6,90,6.0
269,HandWash_021_A_06_G_05,21,G05,val,step4_dorso_dedos,3,7,105,7.0
270,HandWash_021_A_06_G_05,21,G05,val,step4_dorso_dedos,3,8,120,8.0
271,HandWash_021_A_06_G_05,21,G05,val,step4_dorso_dedos,3,9,135,9.0
272,HandWash_022_A_06_G_05,22,G05,val,step4_dorso_dedos,3,0,0,0.0
273,HandWash_022_A_06_G_05,22,G05,val,step4_dorso_dedos,3,1,15,1.0
274,HandWash_022_A_06_G_05,22,G05,val,step4_dorso_dedos,3,2,30,2.0
275,HandWash_022_A_06_G_05,22,G05,val,step4_dorso_dedos,3,3,45,3.0
276,HandWash_022_A_06_G_05,22,G05,val,step4_dorso_dedos,3,4,60,4.0
277,HandWash_022_A_06_G_05,22,G05,val,step4_dorso_dedos,3,5,75,5.0
278,HandWash_022_A_06_G_05,22,G05,val,step4_dorso_dedos,3,6,90,6.0
279,HandWash_022_A_06_G_05,22,G05,val,step4_dorso_dedos,3,7,105,7.0
280,HandWash_022_A_06_G_05,22,G05,val,step4_dorso_dedos,3,8,120,8.0
2233,HandWash_023_A_06_G_05,23,G05,train,step4_dorso_dedos,3,0,0,0.0
2234,HandWash_023_A_06_G_05,23,G05,train,step4_dorso_dedos,3,1,8,0.5333
2235,HandWash_023_A_06_G_05,23,G05,train,step4_dorso_dedos,3,2,16,1.0667
2236,HandWash_023_A_06_G_05,23,G05,train,step4_dorso_dedos,3,3,24,1.6
2237,HandWash_023_A_06_G_05,23,G05,train,step4_dorso_dedos,3,4,32,2.1333
2238,HandWash_023_A_06_G_05,23,G05,train,step4_dorso_dedos,3,5,40,2.6667
2239,HandWash_023_A_06_G_05,23,G05,train,step4_dorso_dedos,3,6,48,3.2
2240,HandWash_023_A_06_G_05,23,G05,train,step4_dorso_dedos,3,7,56,3.7333
2241,HandWash_023_A_06_G_05,23,G05,train,step4_dorso_dedos,3,8,64,4.2667
2242,HandWash_023_A_06_G_05,23,G05,train,step4_dorso_dedos,3,9,72,4.8
2243,HandWash_023_A_06_G_05,23,G05,train,step4_dorso_dedos,3,10,80,5.3333
2244,HandWash_023_A_06_G_05,23,G05,train,step4_dorso_dedos,3,11,88,5.8667
2245,HandWash_023_A_06_G_05,23,G05,train,step4_dorso_dedos,3,12,96,6.4
2246,HandWash_023_A_06_G_05,23,G05,train,step4_dorso_dedos,3,13,104,6.9333
2247,HandWash_023_A_06_G_05,23,G05,train,step4_dorso_dedos,3,14,112,7.4667
2248,HandWash_023_A_06_G_05,23,G05,train,step4_dorso_dedos,3,15,120,8.0
327,HandWash_024_A_06_G_05,24,G05,test,step4_dorso_dedos,3,0,0,0.0
328,HandWash_024_A_06_G_05,24,G05,test,step4_dorso_dedos,3,1,15,1.0
329,HandWash_024_A_06_G_05,24,G05,test,step4_dorso_dedos,3,2,30,2.0
330,HandWash_024_A_06_G_05,24,G05,test,step4_dorso_dedos,3,3,45,3.0
331,HandWash_024_A_06_G_05,24,G05,test,step4_dorso_dedos,3,4,60,4.0
332,HandWash_024_A_06_G_05,24,G05,test,step4_dorso_dedos,3,5,75,5.0
333,HandWash_024_A_06_G_05,24,G05,test,step4_dorso_dedos,3,6,90,6.0
334,HandWash_024_A_06_G_05,24,G05,test,step4_dorso_dedos,3,7,105,7.0
2249,HandWash_025_A_06_G_05,25,G05,train,step4_dorso_dedos,3,0,0,0.0
2250,HandWash_025_A_06_G_05,25,G05,train,step4_dorso_dedos,3,1,8,0.5333
2251,HandWash_025_A_06_G_05,25,G05,train,step4_dorso_dedos,3,2,16,1.0667
2252,HandWash_025_A_06_G_05,25,G05,train,step4_dorso_dedos,3,3,24,1.6
2253,HandWash_025_A_06_G_05,25,G05,train,step4_dorso_dedos,3,4,32,2.1333
2254,HandWash_025_A_06_G_05,25,G05,train,step4_dorso_dedos,3,5,40,2.6667
2255,HandWash_025_A_06_G_05,25,G05,train,step4_dorso_dedos,3,6,48,3.2
2256,HandWash_025_A_06_G_05,25,G05,train,step4_dorso_dedos,3,7,56,3.7333
2257,HandWash_025_A_06_G_05,25,G05,train,step4_dorso_dedos,3,8,64,4.2667
2258,HandWash_025_A_06_G_05,25,G05,train,step4_dorso_dedos,3,9,72,4.8
2259,HandWash_001_A_07_G_01,1,G01,train,step5_polegar,4,0,0,0.0
2260,HandWash_001_A_07_G_01,1,G01,train,step5_polegar,4,1,8,0.5333
2261,HandWash_001_A_07_G_01,1,G01,train,step5_polegar,4,2,16,1.0667
2262,HandWash_001_A_07_G_01,1,G01,train,step5_polegar,4,3,24,1.6
2263,HandWash_001_A_07_G_01,1,G01,train,step5_polegar,4,4,32,2.1333
2264,HandWash_001_A_07_G_01,1,G01,train,step5_polegar,4,5,40,2.6667
2265,HandWash_001_A_07_G_01,1,G01,train,step5_polegar,4,6,48,3.2
2266,HandWash_001_A_07_G_01,1,G01,train,step5_polegar,4,7,56,3.7333
2267,HandWash_001_A_07_G_01,1,G01,train,step5_polegar,4,8,64,4.2667
2268,HandWash_001_A_07_G_01,1,G01,train,step5_polegar,4,9,72,4.8
2269,HandWash_001_A_07_G_01,1,G01,train,step5_polegar,4,10,80,5.3333
2270,HandWash_001_A_07_G_01,1,G01,train,step5_polegar,4,11,88,5.8667
2271,HandWash_001_A_07_G_01,1,G01,train,step5_polegar,4,12,96,6.4
2272,HandWash_001_A_07_G_01,1,G01,train,step5_polegar,4,13,104,6.9333
2273,HandWash_001_A_07_G_01,1,G01,train,step5_polegar,4,14,112,7.4667
2274,HandWash_001_A_07_G_01,1,G01,train,step5_polegar,4,15,120,8.0
2275,HandWash_001_A_07_G_01,1,G01,train,step5_polegar,4,16,128,8.5333
2276,HandWash_001_A_07_G_01,1,G01,train,step5_polegar,4,17,136,9.0667
335,HandWash_002_A_07_G_01,2,G01,test,step5_polegar,4,0,0,0.0
336,HandWash_002_A_07_G_01,2,G01,test,step5_polegar,4,1,15,1.0
337,HandWash_002_A_07_G_01,2,G01,test,step5_polegar,4,2,30,2.0
338,HandWash_002_A_07_G_01,2,G01,test,step5_polegar,4,3,45,3.0
339,HandWash_002_A_07_G_01,2,G01,test,step5_polegar,4,4,60,4.0
340,HandWash_002_A_07_G_01,2,G01,test,step5_polegar,4,5,75,5.0
341,HandWash_002_A_07_G_01,2,G01,test,step5_polegar,4,6,90,6.0
342,HandWash_002_A_07_G_01,2,G01,test,step5_polegar,4,7,105,7.0
2277,HandWash_003_A_07_G_01,3,G01,train,step5_polegar,4,0,0,0.0
2278,HandWash_003_A_07_G_01,3,G01,train,step5_polegar,4,1,8,0.5333
2279,HandWash_003_A_07_G_01,3,G01,train,step5_polegar,4,2,16,1.0667
2280,HandWash_003_A_07_G_01,3,G01,train,step5_polegar,4,3,24,1.6
2281,HandWash_003_A_07_G_01,3,G01,train,step5_polegar,4,4,32,2.1333
2282,HandWash_003_A_07_G_01,3,G01,train,step5_polegar,4,5,40,2.6667
2283,HandWash_003_A_07_G_01,3,G01,train,step5_polegar,4,6,48,3.2
2284,HandWash_003_A_07_G_01,3,G01,train,step5_polegar,4,7,56,3.7333
2285,HandWash_003_A_07_G_01,3,G01,train,step5_polegar,4,8,64,4.2667
2286,HandWash_003_A_07_G_01,3,G01,train,step5_polegar,4,9,72,4.8
2287,HandWash_003_A_07_G_01,3,G01,train,step5_polegar,4,10,80,5.3333
2288,HandWash_003_A_07_G_01,3,G01,train,step5_polegar,4,11,88,5.8667
281,HandWash_004_A_07_G_01,4,G01,val,step5_polegar,4,0,0,0.0
282,HandWash_004_A_07_G_01,4,G01,val,step5_polegar,4,1,15,1.0
283,HandWash_004_A_07_G_01,4,G01,val,step5_polegar,4,2,30,2.0
284,HandWash_004_A_07_G_01,4,G01,val,step5_polegar,4,3,45,3.0
285,HandWash_004_A_07_G_01,4,G01,val,step5_polegar,4,4,60,4.0
286,HandWash_004_A_07_G_01,4,G01,val,step5_polegar,4,5,75,5.0
287,HandWash_004_A_07_G_01,4,G01,val,step5_polegar,4,6,90,6.0
2289,HandWash_005_A_07_G_01,5,G01,train,step5_polegar,4,0,0,0.0
2290,HandWash_005_A_07_G_01,5,G01,train,step5_polegar,4,1,8,0.5333
2291,HandWash_005_A_07_G_01,5,G01,train,step5_polegar,4,2,16,1.0667
2292,HandWash_005_A_07_G_01,5,G01,train,step5_polegar,4,3,24,1.6
2293,HandWash_005_A_07_G_01,5,G01,train,step5_polegar,4,4,32,2.1333
2294,HandWash_005_A_07_G_01,5,G01,train,step5_polegar,4,5,40,2.6667
2295,HandWash_005_A_07_G_01,5,G01,train,step5_polegar,4,6,48,3.2
2296,HandWash_005_A_07_G_01,5,G01,train,step5_polegar,4,7,56,3.7333
2297,HandWash_005_A_07_G_01,5,G01,train,step5_polegar,4,8,64,4.2667
2298,HandWash_005_A_07_G_01,5,G01,train,step5_polegar,4,9,72,4.8
2299,HandWash_005_A_07_G_01,5,G01,train,step5_polegar,4,10,80,5.3333
2300,HandWash_005_A_07_G_01,5,G01,train,step5_polegar,4,11,88,5.8667
2301,HandWash_006_A_07_G_01,6,G01,train,step5_polegar,4,0,0,0.0
2302,HandWash_006_A_07_G_01,6,G01,train,step5_polegar,4,1,8,0.5333
2303,HandWash_006_A_07_G_01,6,G01,train,step5_polegar,4,2,16,1.0667
2304,HandWash_006_A_07_G_01,6,G01,train,step5_polegar,4,3,24,1.6
2305,HandWash_006_A_07_G_01,6,G01,train,step5_polegar,4,4,32,2.1333
2306,HandWash_006_A_07_G_01,6,G01,train,step5_polegar,4,5,40,2.6667
2307,HandWash_006_A_07_G_01,6,G01,train,step5_polegar,4,6,48,3.2
2308,HandWash_006_A_07_G_01,6,G01,train,step5_polegar,4,7,56,3.7333
2309,HandWash_006_A_07_G_01,6,G01,train,step5_polegar,4,8,64,4.2667
2310,HandWash_006_A_07_G_01,6,G01,train,step5_polegar,4,9,72,4.8
2311,HandWash_006_A_07_G_01,6,G01,train,step5_polegar,4,10,80,5.3333
2312,HandWash_006_A_07_G_01,6,G01,train,step5_polegar,4,11,88,5.8667
2313,HandWash_006_A_07_G_01,6,G01,train,step5_polegar,4,12,96,6.4
2314,HandWash_006_A_07_G_01,6,G01,train,step5_polegar,4,13,104,6.9333
2315,HandWash_006_A_07_G_01,6,G01,train,step5_polegar,4,14,112,7.4667
2316,HandWash_006_A_07_G_01,6,G01,train,step5_polegar,4,15,120,8.0
2317,HandWash_006_A_07_G_01,6,G01,train,step5_polegar,4,16,128,8.5333
2318,HandWash_006_A_07_G_01,6,G01,train,step5_polegar,4,17,136,9.0667
2319,HandWash_006_A_07_G_01,6,G01,train,step5_polegar,4,18,144,9.6
2320,HandWash_006_A_07_G_01,6,G01,train,step5_polegar,4,19,152,10.1333
2321,HandWash_006_A_07_G_01,6,G01,train,step5_polegar,4,20,160,10.6667
2322,HandWash_006_A_07_G_01,6,G01,train,step5_polegar,4,21,168,11.2
2323,HandWash_006_A_07_G_01,6,G01,train,step5_polegar,4,22,176,11.7333
2324,HandWash_006_A_07_G_01,6,G01,train,step5_polegar,4,23,184,12.2667
2325,HandWash_006_A_07_G_01,6,G01,train,step5_polegar,4,24,192,12.8
2326,HandWash_006_A_07_G_01,6,G01,train,step5_polegar,4,25,200,13.3333
343,HandWash_007_A_07_G_01,7,G01,test,step5_polegar,4,0,0,0.0
344,HandWash_007_A_07_G_01,7,G01,test,step5_polegar,4,1,15,1.0
345,HandWash_007_A_07_G_01,7,G01,test,step5_polegar,4,2,30,2.0
346,HandWash_007_A_07_G_01,7,G01,test,step5_polegar,4,3,45,3.0
347,HandWash_007_A_07_G_01,7,G01,test,step5_polegar,4,4,60,4.0
348,HandWash_007_A_07_G_01,7,G01,test,step5_polegar,4,5,75,5.0
349,HandWash_007_A_07_G_01,7,G01,test,step5_polegar,4,6,90,6.0
350,HandWash_007_A_07_G_01,7,G01,test,step5_polegar,4,7,105,7.0
351,HandWash_007_A_07_G_01,7,G01,test,step5_polegar,4,8,120,8.0
352,HandWash_007_A_07_G_01,7,G01,test,step5_polegar,4,9,135,9.0
353,HandWash_007_A_07_G_01,7,G01,test,step5_polegar,4,10,150,10.0
354,HandWash_007_A_07_G_01,7,G01,test,step5_polegar,4,11,165,11.0
355,HandWash_007_A_07_G_01,7,G01,test,step5_polegar,4,12,180,12.0
356,HandWash_007_A_07_G_01,7,G01,test,step5_polegar,4,13,195,13.0
357,HandWash_007_A_07_G_01,7,G01,test,step5_polegar,4,14,210,14.0
358,HandWash_007_A_07_G_01,7,G01,test,step5_polegar,4,15,225,15.0
359,HandWash_007_A_07_G_01,7,G01,test,step5_polegar,4,16,240,16.0
2327,HandWash_008_A_07_G_01,8,G01,train,step5_polegar,4,0,0,0.0
2328,HandWash_008_A_07_G_01,8,G01,train,step5_polegar,4,1,8,0.5333
2329,HandWash_008_A_07_G_01,8,G01,train,step5_polegar,4,2,16,1.0667
2330,HandWash_008_A_07_G_01,8,G01,train,step5_polegar,4,3,24,1.6
2331,HandWash_008_A_07_G_01,8,G01,train,step5_polegar,4,4,32,2.1333
2332,HandWash_008_A_07_G_01,8,G01,train,step5_polegar,4,5,40,2.6667
2333,HandWash_008_A_07_G_01,8,G01,train,step5_polegar,4,6,48,3.2
2334,HandWash_008_A_07_G_01,8,G01,train,step5_polegar,4,7,56,3.7333
2335,HandWash_008_A_07_G_01,8,G01,train,step5_polegar,4,8,64,4.2667
2336,HandWash_008_A_07_G_01,8,G01,train,step5_polegar,4,9,72,4.8
2337,HandWash_008_A_07_G_01,8,G01,train,step5_polegar,4,10,80,5.3333
2338,HandWash_008_A_07_G_01,8,G01,train,step5_polegar,4,11,88,5.8667
2339,HandWash_008_A_07_G_01,8,G01,train,step5_polegar,4,12,96,6.4
2340,HandWash_008_A_07_G_01,8,G01,train,step5_polegar,4,13,104,6.9333
2341,HandWash_008_A_07_G_01,8,G01,train,step5_polegar,4,14,112,7.4667
2342,HandWash_008_A_07_G_01,8,G01,train,step5_polegar,4,15,120,8.0
2343,HandWash_008_A_07_G_01,8,G01,train,step5_polegar,4,16,128,8.5333
2344,HandWash_008_A_07_G_01,8,G01,train,step5_polegar,4,17,136,9.0667
2345,HandWash_008_A_07_G_01,8,G01,train,step5_polegar,4,18,144,9.6
2346,HandWash_008_A_07_G_01,8,G01,train,step5_polegar,4,19,152,10.1333
2347,HandWash_008_A_07_G_01,8,G01,train,step5_polegar,4,20,160,10.6667
2348,HandWash_008_A_07_G_01,8,G01,train,step5_polegar,4,21,168,11.2
2349,HandWash_008_A_07_G_01,8,G01,train,step5_polegar,4,22,176,11.7333
2350,HandWash_008_A_07_G_01,8,G01,train,step5_polegar,4,23,184,12.2667
2351,HandWash_008_A_07_G_01,8,G01,train,step5_polegar,4,24,192,12.8
2352,HandWash_008_A_07_G_01,8,G01,train,step5_polegar,4,25,200,13.3333
2353,HandWash_008_A_07_G_01,8,G01,train,step5_polegar,4,26,208,13.8667
2354,HandWash_008_A_07_G_01,8,G01,train,step5_polegar,4,27,216,14.4
2355,HandWash_008_A_07_G_01,8,G01,train,step5_polegar,4,28,224,14.9333
2356,HandWash_008_A_07_G_01,8,G01,train,step5_polegar,4,29,232,15.4667
2357,HandWash_008_A_07_G_01,8,G01,train,step5_polegar,4,30,240,16.0
2358,HandWash_008_A_07_G_01,8,G01,train,step5_polegar,4,31,248,16.5333
2359,HandWash_008_A_07_G_01,8,G01,train,step5_polegar,4,32,256,17.0667
2360,HandWash_008_A_07_G_01,8,G01,train,step5_polegar,4,33,264,17.6
2361,HandWash_008_A_07_G_01,8,G01,train,step5_polegar,4,34,272,18.1333
2362,HandWash_008_A_07_G_01,8,G01,train,step5_polegar,4,35,280,18.6667
2363,HandWash_008_A_07_G_01,8,G01,train,step5_polegar,4,36,288,19.2
2364,HandWash_008_A_07_G_01,8,G01,train,step5_polegar,4,37,296,19.7333
2365,HandWash_008_A_07_G_01,8,G01,train,step5_polegar,4,38,304,20.2667
2366,HandWash_008_A_07_G_01,8,G01,train,step5_polegar,4,39,312,20.8
2367,HandWash_008_A_07_G_01,8,G01,train,step5_polegar,4,40,320,21.3333
2368,HandWash_008_A_07_G_01,8,G01,train,step5_polegar,4,41,328,21.8667
2369,HandWash_008_A_07_G_01,8,G01,train,step5_polegar,4,42,336,22.4
2370,HandWash_008_A_07_G_01,8,G01,train,step5_polegar,4,43,344,22.9333
2371,HandWash_008_A_07_G_01,8,G01,train,step5_polegar,4,44,352,23.4667
2372,HandWash_008_A_07_G_01,8,G01,train,step5_polegar,4,45,360,24.0
2373,HandWash_008_A_07_G_01,8,G01,train,step5_polegar,4,46,368,24.5333
2374,HandWash_009_A_07_G_02,9,G02,train,step5_polegar,4,0,0,0.0
2375,HandWash_009_A_07_G_02,9,G02,train,step5_polegar,4,1,8,0.5333
2376,HandWash_009_A_07_G_02,9,G02,train,step5_polegar,4,2,16,1.0667
2377,HandWash_009_A_07_G_02,9,G02,train,step5_polegar,4,3,24,1.6
2378,HandWash_009_A_07_G_02,9,G02,train,step5_polegar,4,4,32,2.1333
2379,HandWash_009_A_07_G_02,9,G02,train,step5_polegar,4,5,40,2.6667
2380,HandWash_009_A_07_G_02,9,G02,train,step5_polegar,4,6,48,3.2
2381,HandWash_009_A_07_G_02,9,G02,train,step5_polegar,4,7,56,3.7333
2382,HandWash_009_A_07_G_02,9,G02,train,step5_polegar,4,8,64,4.2667
2383,HandWash_009_A_07_G_02,9,G02,train,step5_polegar,4,9,72,4.8
2384,HandWash_009_A_07_G_02,9,G02,train,step5_polegar,4,10,80,5.3333
2385,HandWash_009_A_07_G_02,9,G02,train,step5_polegar,4,11,88,5.8667
2386,HandWash_009_A_07_G_02,9,G02,train,step5_polegar,4,12,96,6.4
2387,HandWash_009_A_07_G_02,9,G02,train,step5_polegar,4,13,104,6.9333
2388,HandWash_009_A_07_G_02,9,G02,train,step5_polegar,4,14,112,7.4667
2389,HandWash_009_A_07_G_02,9,G02,train,step5_polegar,4,15,120,8.0
2390,HandWash_009_A_07_G_02,9,G02,train,step5_polegar,4,16,128,8.5333
2391,HandWash_009_A_07_G_02,9,G02,train,step5_polegar,4,17,136,9.0667
2392,HandWash_009_A_07_G_02,9,G02,train,step5_polegar,4,18,144,9.6
2393,HandWash_009_A_07_G_02,9,G02,train,step5_polegar,4,19,152,10.1333
2394,HandWash_009_A_07_G_02,9,G02,train,step5_polegar,4,20,160,10.6667
2395,HandWash_009_A_07_G_02,9,G02,train,step5_polegar,4,21,168,11.2
2396,HandWash_009_A_07_G_02,9,G02,train,step5_polegar,4,22,176,11.7333
2397,HandWash_009_A_07_G_02,9,G02,train,step5_polegar,4,23,184,12.2667
2398,HandWash_009_A_07_G_02,9,G02,train,step5_polegar,4,24,192,12.8
2399,HandWash_009_A_07_G_02,9,G02,train,step5_polegar,4,25,200,13.3333
2400,HandWash_010_A_07_G_02,10,G02,train,step5_polegar,4,0,0,0.0
2401,HandWash_010_A_07_G_02,10,G02,train,step5_polegar,4,1,8,0.5333
2402,HandWash_010_A_07_G_02,10,G02,train,step5_polegar,4,2,16,1.0667
2403,HandWash_010_A_07_G_02,10,G02,train,step5_polegar,4,3,24,1.6
2404,HandWash_010_A_07_G_02,10,G02,train,step5_polegar,4,4,32,2.1333
2405,HandWash_010_A_07_G_02,10,G02,train,step5_polegar,4,5,40,2.6667
2406,HandWash_010_A_07_G_02,10,G02,train,step5_polegar,4,6,48,3.2
2407,HandWash_010_A_07_G_02,10,G02,train,step5_polegar,4,7,56,3.7333
2408,HandWash_010_A_07_G_02,10,G02,train,step5_polegar,4,8,64,4.2667
2409,HandWash_010_A_07_G_02,10,G02,train,step5_polegar,4,9,72,4.8
2410,HandWash_010_A_07_G_02,10,G02,train,step5_polegar,4,10,80,5.3333
2411,HandWash_010_A_07_G_02,10,G02,train,step5_polegar,4,11,88,5.8667
2412,HandWash_010_A_07_G_02,10,G02,train,step5_polegar,4,12,96,6.4
2413,HandWash_010_A_07_G_02,10,G02,train,step5_polegar,4,13,104,6.9333
2414,HandWash_010_A_07_G_02,10,G02,train,step5_polegar,4,14,112,7.4667
2415,HandWash_010_A_07_G_02,10,G02,train,step5_polegar,4,15,120,8.0
2416,HandWash_010_A_07_G_02,10,G02,train,step5_polegar,4,16,128,8.5333
2417,HandWash_010_A_07_G_02,10,G02,train,step5_polegar,4,17,136,9.0667
2418,HandWash_010_A_07_G_02,10,G02,train,step5_polegar,4,18,144,9.6
2419,HandWash_010_A_07_G_02,10,G02,train,step5_polegar,4,19,152,10.1333
2420,HandWash_010_A_07_G_02,10,G02,train,step5_polegar,4,20,160,10.6667
2421,HandWash_010_A_07_G_02,10,G02,train,step5_polegar,4,21,168,11.2
2422,HandWash_010_A_07_G_02,10,G02,train,step5_polegar,4,22,176,11.7333
2423,HandWash_010_A_07_G_02,10,G02,train,step5_polegar,4,23,184,12.2667
2424,HandWash_010_A_07_G_02,10,G02,train,step5_polegar,4,24,192,12.8
2425,HandWash_010_A_07_G_02,10,G02,train,step5_polegar,4,25,200,13.3333
2426,HandWash_010_A_07_G_02,10,G02,train,step5_polegar,4,26,208,13.8667
2427,HandWash_010_A_07_G_02,10,G02,train,step5_polegar,4,27,216,14.4
2428,HandWash_010_A_07_G_02,10,G02,train,step5_polegar,4,28,224,14.9333
2429,HandWash_010_A_07_G_02,10,G02,train,step5_polegar,4,29,232,15.4667
2430,HandWash_010_A_07_G_02,10,G02,train,step5_polegar,4,30,240,16.0
2431,HandWash_011_A_07_G_02,11,G02,train,step5_polegar,4,0,0,0.0
2432,HandWash_011_A_07_G_02,11,G02,train,step5_polegar,4,1,8,0.5333
2433,HandWash_011_A_07_G_02,11,G02,train,step5_polegar,4,2,16,1.0667
2434,HandWash_011_A_07_G_02,11,G02,train,step5_polegar,4,3,24,1.6
2435,HandWash_011_A_07_G_02,11,G02,train,step5_polegar,4,4,32,2.1333
2436,HandWash_011_A_07_G_02,11,G02,train,step5_polegar,4,5,40,2.6667
2437,HandWash_011_A_07_G_02,11,G02,train,step5_polegar,4,6,48,3.2
2438,HandWash_011_A_07_G_02,11,G02,train,step5_polegar,4,7,56,3.7333
2439,HandWash_011_A_07_G_02,11,G02,train,step5_polegar,4,8,64,4.2667
2440,HandWash_011_A_07_G_02,11,G02,train,step5_polegar,4,9,72,4.8
2441,HandWash_011_A_07_G_02,11,G02,train,step5_polegar,4,10,80,5.3333
2442,HandWash_011_A_07_G_02,11,G02,train,step5_polegar,4,11,88,5.8667
2443,HandWash_011_A_07_G_02,11,G02,train,step5_polegar,4,12,96,6.4
2444,HandWash_011_A_07_G_02,11,G02,train,step5_polegar,4,13,104,6.9333
2445,HandWash_011_A_07_G_02,11,G02,train,step5_polegar,4,14,112,7.4667
2446,HandWash_011_A_07_G_02,11,G02,train,step5_polegar,4,15,120,8.0
2447,HandWash_011_A_07_G_02,11,G02,train,step5_polegar,4,16,128,8.5333
2448,HandWash_011_A_07_G_02,11,G02,train,step5_polegar,4,17,136,9.0667
2449,HandWash_011_A_07_G_02,11,G02,train,step5_polegar,4,18,144,9.6
2450,HandWash_011_A_07_G_02,11,G02,train,step5_polegar,4,19,152,10.1333
2451,HandWash_011_A_07_G_02,11,G02,train,step5_polegar,4,20,160,10.6667
2452,HandWash_011_A_07_G_02,11,G02,train,step5_polegar,4,21,168,11.2
2453,HandWash_011_A_07_G_02,11,G02,train,step5_polegar,4,22,176,11.7333
2454,HandWash_011_A_07_G_02,11,G02,train,step5_polegar,4,23,184,12.2667
2455,HandWash_011_A_07_G_02,11,G02,train,step5_polegar,4,24,192,12.8
2456,HandWash_011_A_07_G_02,11,G02,train,step5_polegar,4,25,200,13.3333
2457,HandWash_011_A_07_G_02,11,G02,train,step5_polegar,4,26,208,13.8667
2458,HandWash_011_A_07_G_02,11,G02,train,step5_polegar,4,27,216,14.4
2459,HandWash_011_A_07_G_02,11,G02,train,step5_polegar,4,28,224,14.9333
2460,HandWash_011_A_07_G_02,11,G02,train,step5_polegar,4,29,232,15.4667
2461,HandWash_011_A_07_G_02,11,G02,train,step5_polegar,4,30,240,16.0
2462,HandWash_012_A_07_G_03,12,G03,train,step5_polegar,4,0,0,0.0
2463,HandWash_012_A_07_G_03,12,G03,train,step5_polegar,4,1,8,0.5333
2464,HandWash_012_A_07_G_03,12,G03,train,step5_polegar,4,2,16,1.0667
2465,HandWash_012_A_07_G_03,12,G03,train,step5_polegar,4,3,24,1.6
2466,HandWash_012_A_07_G_03,12,G03,train,step5_polegar,4,4,32,2.1333
2467,HandWash_012_A_07_G_03,12,G03,train,step5_polegar,4,5,40,2.6667
2468,HandWash_012_A_07_G_03,12,G03,train,step5_polegar,4,6,48,3.2
2469,HandWash_012_A_07_G_03,12,G03,train,step5_polegar,4,7,56,3.7333
2470,HandWash_012_A_07_G_03,12,G03,train,step5_polegar,4,8,64,4.2667
2471,HandWash_012_A_07_G_03,12,G03,train,step5_polegar,4,9,72,4.8
2472,HandWash_012_A_07_G_03,12,G03,train,step5_polegar,4,10,80,5.3333
2473,HandWash_012_A_07_G_03,12,G03,train,step5_polegar,4,11,88,5.8667
2474,HandWash_012_A_07_G_03,12,G03,train,step5_polegar,4,12,96,6.4
2475,HandWash_012_A_07_G_03,12,G03,train,step5_polegar,4,13,104,6.9333
2476,HandWash_012_A_07_G_03,12,G03,train,step5_polegar,4,14,112,7.4667
2477,HandWash_012_A_07_G_03,12,G03,train,step5_polegar,4,15,120,8.0
2478,HandWash_012_A_07_G_03,12,G03,train,step5_polegar,4,16,128,8.5333
2479,HandWash_012_A_07_G_03,12,G03,train,step5_polegar,4,17,136,9.0667
360,HandWash_013_A_07_G_03,13,G03,test,step5_polegar,4,0,0,0.0
361,HandWash_013_A_07_G_03,13,G03,test,step5_polegar,4,1,15,1.0
362,HandWash_013_A_07_G_03,13,G03,test,step5_polegar,4,2,30,2.0
363,HandWash_013_A_07_G_03,13,G03,test,step5_polegar,4,3,45,3.0
364,HandWash_013_A_07_G_03,13,G03,test,step5_polegar,4,4,60,4.0
365,HandWash_013_A_07_G_03,13,G03,test,step5_polegar,4,5,75,5.0
366,HandWash_013_A_07_G_03,13,G03,test,step5_polegar,4,6,90,6.0
367,HandWash_013_A_07_G_03,13,G03,test,step5_polegar,4,7,105,7.0
368,HandWash_013_A_07_G_03,13,G03,test,step5_polegar,4,8,120,8.0
369,HandWash_013_A_07_G_03,13,G03,test,step5_polegar,4,9,135,9.0
370,HandWash_013_A_07_G_03,13,G03,test,step5_polegar,4,10,150,10.0
371,HandWash_013_A_07_G_03,13,G03,test,step5_polegar,4,11,165,11.0
2480,HandWash_014_A_07_G_03,14,G03,train,step5_polegar,4,0,0,0.0
2481,HandWash_014_A_07_G_03,14,G03,train,step5_polegar,4,1,8,0.5333
2482,HandWash_014_A_07_G_03,14,G03,train,step5_polegar,4,2,16,1.0667
2483,HandWash_014_A_07_G_03,14,G03,train,step5_polegar,4,3,24,1.6
2484,HandWash_014_A_07_G_03,14,G03,train,step5_polegar,4,4,32,2.1333
2485,HandWash_014_A_07_G_03,14,G03,train,step5_polegar,4,5,40,2.6667
2486,HandWash_014_A_07_G_03,14,G03,train,step5_polegar,4,6,48,3.2
2487,HandWash_014_A_07_G_03,14,G03,train,step5_polegar,4,7,56,3.7333
2488,HandWash_014_A_07_G_03,14,G03,train,step5_polegar,4,8,64,4.2667
2489,HandWash_014_A_07_G_03,14,G03,train,step5_polegar,4,9,72,4.8
2490,HandWash_014_A_07_G_03,14,G03,train,step5_polegar,4,10,80,5.3333
2491,HandWash_014_A_07_G_03,14,G03,train,step5_polegar,4,11,88,5.8667
2492,HandWash_014_A_07_G_03,14,G03,train,step5_polegar,4,12,96,6.4
2493,HandWash_014_A_07_G_03,14,G03,train,step5_polegar,4,13,104,6.9333
2494,HandWash_014_A_07_G_03,14,G03,train,step5_polegar,4,14,112,7.4667
2495,HandWash_014_A_07_G_03,14,G03,train,step5_polegar,4,15,120,8.0
2496,HandWash_014_A_07_G_03,14,G03,train,step5_polegar,4,16,128,8.5333
2497,HandWash_014_A_07_G_03,14,G03,train,step5_polegar,4,17,136,9.0667
2498,HandWash_014_A_07_G_03,14,G03,train,step5_polegar,4,18,144,9.6
2499,HandWash_014_A_07_G_03,14,G03,train,step5_polegar,4,19,152,10.1333
2500,HandWash_014_A_07_G_03,14,G03,train,step5_polegar,4,20,160,10.6667
2501,HandWash_014_A_07_G_03,14,G03,train,step5_polegar,4,21,168,11.2
2502,HandWash_015_A_07_G_04,15,G04,train,step5_polegar,4,0,0,0.0
2503,HandWash_015_A_07_G_04,15,G04,train,step5_polegar,4,1,8,0.5333
2504,HandWash_015_A_07_G_04,15,G04,train,step5_polegar,4,2,16,1.0667
2505,HandWash_015_A_07_G_04,15,G04,train,step5_polegar,4,3,24,1.6
2506,HandWash_015_A_07_G_04,15,G04,train,step5_polegar,4,4,32,2.1333
2507,HandWash_015_A_07_G_04,15,G04,train,step5_polegar,4,5,40,2.6667
2508,HandWash_015_A_07_G_04,15,G04,train,step5_polegar,4,6,48,3.2
2509,HandWash_015_A_07_G_04,15,G04,train,step5_polegar,4,7,56,3.7333
2510,HandWash_015_A_07_G_04,15,G04,train,step5_polegar,4,8,64,4.2667
2511,HandWash_015_A_07_G_04,15,G04,train,step5_polegar,4,9,72,4.8
2512,HandWash_015_A_07_G_04,15,G04,train,step5_polegar,4,10,80,5.3333
2513,HandWash_015_A_07_G_04,15,G04,train,step5_polegar,4,11,88,5.8667
2514,HandWash_015_A_07_G_04,15,G04,train,step5_polegar,4,12,96,6.4
2515,HandWash_015_A_07_G_04,15,G04,train,step5_polegar,4,13,104,6.9333
2516,HandWash_015_A_07_G_04,15,G04,train,step5_polegar,4,14,112,7.4667
2517,HandWash_015_A_07_G_04,15,G04,train,step5_polegar,4,15,120,8.0
2518,HandWash_015_A_07_G_04,15,G04,train,step5_polegar,4,16,128,8.5333
2519,HandWash_015_A_07_G_04,15,G04,train,step5_polegar,4,17,136,9.0667
288,HandWash_016_A_07_G_04,16,G04,val,step5_polegar,4,0,0,0.0
289,HandWash_016_A_07_G_04,16,G04,val,step5_polegar,4,1,15,1.0
290,HandWash_016_A_07_G_04,16,G04,val,step5_polegar,4,2,30,2.0
291,HandWash_016_A_07_G_04,16,G04,val,step5_polegar,4,3,45,3.0
292,HandWash_016_A_07_G_04,16,G04,val,step5_polegar,4,4,60,4.0
293,HandWash_016_A_07_G_04,16,G04,val,step5_polegar,4,5,75,5.0
294,HandWash_016_A_07_G_04,16,G04,val,step5_polegar,4,6,90,6.0
295,HandWash_016_A_07_G_04,16,G04,val,step5_polegar,4,7,105,7.0
296,HandWash_016_A_07_G_04,16,G04,val,step5_polegar,4,8,120,8.0
297,HandWash_016_A_07_G_04,16,G04,val,step5_polegar,4,9,135,9.0
298,HandWash_016_A_07_G_04,16,G04,val,step5_polegar,4,10,150,10.0
299,HandWash_016_A_07_G_04,16,G04,val,step5_polegar,4,11,165,11.0
2520,HandWash_017_A_07_G_04,17,G04,train,step5_polegar,4,0,0,0.0
2521,HandWash_017_A_07_G_04,17,G04,train,step5_polegar,4,1,8,0.5333
2522,HandWash_017_A_07_G_04,17,G04,train,step5_polegar,4,2,16,1.0667
2523,HandWash_017_A_07_G_04,17,G04,train,step5_polegar,4,3,24,1.6
2524,HandWash_017_A_07_G_04,17,G04,train,step5_polegar,4,4,32,2.1333
2525,HandWash_017_A_07_G_04,17,G04,train,step5_polegar,4,5,40,2.6667
2526,HandWash_017_A_07_G_04,17,G04,train,step5_polegar,4,6,48,3.2
2527,HandWash_017_A_07_G_04,17,G04,train,step5_polegar,4,7,56,3.7333
2528,HandWash_017_A_07_G_04,17,G04,train,step5_polegar,4,8,64,4.2667
2529,HandWash_017_A_07_G_04,17,G04,train,step5_polegar,4,9,72,4.8
2530,HandWash_017_A_07_G_04,17,G04,train,step5_polegar,4,10,80,5.3333
2531,HandWash_017_A_07_G_04,17,G04,train,step5_polegar,4,11,88,5.8667
2532,HandWash_017_A_07_G_04,17,G04,train,step5_polegar,4,12,96,6.4
2533,HandWash_017_A_07_G_04,17,G04,train,step5_polegar,4,13,104,6.9333
2534,HandWash_017_A_07_G_04,17,G04,train,step5_polegar,4,14,112,7.4667
2535,HandWash_017_A_07_G_04,17,G04,train,step5_polegar,4,15,120,8.0
2536,HandWash_017_A_07_G_04,17,G04,train,step5_polegar,4,16,128,8.5333
2537,HandWash_017_A_07_G_04,17,G04,train,step5_polegar,4,17,136,9.0667
2538,HandWash_017_A_07_G_04,17,G04,train,step5_polegar,4,18,144,9.6
2539,HandWash_017_A_07_G_04,17,G04,train,step5_polegar,4,19,152,10.1333
2540,HandWash_017_A_07_G_04,17,G04,train,step5_polegar,4,20,160,10.6667
2541,HandWash_017_A_07_G_04,17,G04,train,step5_polegar,4,21,168,11.2
2542,HandWash_018_A_07_G_05,18,G05,train,step5_polegar,4,0,0,0.0
2543,HandWash_018_A_07_G_05,18,G05,train,step5_polegar,4,1,8,0.5333
2544,HandWash_018_A_07_G_05,18,G05,train,step5_polegar,4,2,16,1.0667
2545,HandWash_018_A_07_G_05,18,G05,train,step5_polegar,4,3,24,1.6
2546,HandWash_018_A_07_G_05,18,G05,train,step5_polegar,4,4,32,2.1333
2547,HandWash_018_A_07_G_05,18,G05,train,step5_polegar,4,5,40,2.6667
2548,HandWash_018_A_07_G_05,18,G05,train,step5_polegar,4,6,48,3.2
2549,HandWash_018_A_07_G_05,18,G05,train,step5_polegar,4,7,56,3.7333
2550,HandWash_018_A_07_G_05,18,G05,train,step5_polegar,4,8,64,4.2667
2551,HandWash_018_A_07_G_05,18,G05,train,step5_polegar,4,9,72,4.8
2552,HandWash_018_A_07_G_05,18,G05,train,step5_polegar,4,10,80,5.3333
2553,HandWash_018_A_07_G_05,18,G05,train,step5_polegar,4,11,88,5.8667
2554,HandWash_018_A_07_G_05,18,G05,train,step5_polegar,4,12,96,6.4
2555,HandWash_018_A_07_G_05,18,G05,train,step5_polegar,4,13,104,6.9333
2556,HandWash_018_A_07_G_05,18,G05,train,step5_polegar,4,14,112,7.4667
2557,HandWash_018_A_07_G_05,18,G05,train,step5_polegar,4,15,120,8.0
2558,HandWash_018_A_07_G_05,18,G05,train,step5_polegar,4,16,128,8.5333
2559,HandWash_018_A_07_G_05,18,G05,train,step5_polegar,4,17,136,9.0667
2560,HandWash_018_A_07_G_05,18,G05,train,step5_polegar,4,18,144,9.6
2561,HandWash_018_A_07_G_05,18,G05,train,step5_polegar,4,19,152,10.1333
2562,HandWash_018_A_07_G_05,18,G05,train,step5_polegar,4,20,160,10.6667
372,HandWash_019_A_07_G_05,19,G05,test,step5_polegar,4,0,0,0.0
373,HandWash_019_A_07_G_05,19,G05,test,step5_polegar,4,1,15,1.0
374,HandWash_019_A_07_G_05,19,G05,test,step5_polegar,4,2,30,2.0
375,HandWash_019_A_07_G_05,19,G05,test,step5_polegar,4,3,45,3.0
376,HandWash_019_A_07_G_05,19,G05,test,step5_polegar,4,4,60,4.0
377,HandWash_019_A_07_G_05,19,G05,test,step5_polegar,4,5,75,5.0
378,HandWash_019_A_07_G_05,19,G05,test,step5_polegar,4,6,90,6.0
379,HandWash_019_A_07_G_05,19,G05,test,step5_polegar,4,7,105,7.0
2563,HandWash_020_A_07_G_05,20,G05,train,step5_polegar,4,0,0,0.0
2564,HandWash_020_A_07_G_05,20,G05,train,step5_polegar,4,1,8,0.5333
2565,HandWash_020_A_07_G_05,20,G05,train,step5_polegar,4,2,16,1.0667
2566,HandWash_020_A_07_G_05,20,G05,train,step5_polegar,4,3,24,1.6
2567,HandWash_020_A_07_G_05,20,G05,train,step5_polegar,4,4,32,2.1333
2568,HandWash_020_A_07_G_05,20,G05,train,step5_polegar,4,5,40,2.6667
2569,HandWash_020_A_07_G_05,20,G05,train,step5_polegar,4,6,48,3.2
2570,HandWash_020_A_07_G_05,20,G05,train,step5_polegar,4,7,56,3.7333
2571,HandWash_020_A_07_G_05,20,G05,train,step5_polegar,4,8,64,4.2667
2572,HandWash_020_A_07_G_05,20,G05,train,step5_polegar,4,9,72,4.8
2573,HandWash_020_A_07_G_05,20,G05,train,step5_polegar,4,10,80,5.3333
2574,HandWash_020_A_07_G_05,20,G05,train,step5_polegar,4,11,88,5.8667
2575,HandWash_020_A_07_G_05,20,G05,train,step5_polegar,4,12,96,6.4
2576,HandWash_020_A_07_G_05,20,G05,train,step5_polegar,4,13,104,6.9333
2577,HandWash_020_A_07_G_05,20,G05,train,step5_polegar,4,14,112,7.4667
2578,HandWash_020_A_07_G_05,20,G05,train,step5_polegar,4,15,120,8.0
2579,HandWash_020_A_07_G_05,20,G05,train,step5_polegar,4,16,128,8.5333
300,HandWash_021_A_07_G_05,21,G05,val,step5_polegar,4,0,0,0.0
301,HandWash_021_A_07_G_05,21,G05,val,step5_polegar,4,1,15,1.0
302,HandWash_021_A_07_G_05,21,G05,val,step5_polegar,4,2,30,2.0
303,HandWash_021_A_07_G_05,21,G05,val,step5_polegar,4,3,45,3.0
304,HandWash_021_A_07_G_05,21,G05,val,step5_polegar,4,4,60,4.0
305,HandWash_021_A_07_G_05,21,G05,val,step5_polegar,4,5,75,5.0
306,HandWash_021_A_07_G_05,21,G05,val,step5_polegar,4,6,90,6.0
307,HandWash_021_A_07_G_05,21,G05,val,step5_polegar,4,7,105,7.0
308,HandWash_021_A_07_G_05,21,G05,val,step5_polegar,4,8,120,8.0
309,HandWash_021_A_07_G_05,21,G05,val,step5_polegar,4,9,135,9.0
310,HandWash_021_A_07_G_05,21,G05,val,step5_polegar,4,10,150,10.0
311,HandWash_021_A_07_G_05,21,G05,val,step5_polegar,4,11,165,11.0
312,HandWash_021_A_07_G_05,21,G05,val,step5_polegar,4,12,180,12.0
313,HandWash_021_A_07_G_05,21,G05,val,step5_polegar,4,13,195,13.0
314,HandWash_021_A_07_G_05,21,G05,val,step5_polegar,4,14,210,14.0
315,HandWash_021_A_07_G_05,21,G05,val,step5_polegar,4,15,225,15.0
316,HandWash_021_A_07_G_05,21,G05,val,step5_polegar,4,16,240,16.0
317,HandWash_021_A_07_G_05,21,G05,val,step5_polegar,4,17,255,17.0
318,HandWash_021_A_07_G_05,21,G05,val,step5_polegar,4,18,270,18.0
319,HandWash_022_A_07_G_05,22,G05,val,step5_polegar,4,0,0,0.0
320,HandWash_022_A_07_G_05,22,G05,val,step5_polegar,4,1,15,1.0
321,HandWash_022_A_07_G_05,22,G05,val,step5_polegar,4,2,30,2.0
322,HandWash_022_A_07_G_05,22,G05,val,step5_polegar,4,3,45,3.0
323,HandWash_022_A_07_G_05,22,G05,val,step5_polegar,4,4,60,4.0
324,HandWash_022_A_07_G_05,22,G05,val,step5_polegar,4,5,75,5.0
325,HandWash_022_A_07_G_05,22,G05,val,step5_polegar,4,6,90,6.0
326,HandWash_022_A_07_G_05,22,G05,val,step5_polegar,4,7,105,7.0
327,HandWash_022_A_07_G_05,22,G05,val,step5_polegar,4,8,120,8.0
328,HandWash_022_A_07_G_05,22,G05,val,step5_polegar,4,9,135,9.0
329,HandWash_022_A_07_G_05,22,G05,val,step5_polegar,4,10,150,10.0
2580,HandWash_023_A_07_G_05,23,G05,train,step5_polegar,4,0,0,0.0
2581,HandWash_023_A_07_G_05,23,G05,train,step5_polegar,4,1,8,0.5333
2582,HandWash_023_A_07_G_05,23,G05,train,step5_polegar,4,2,16,1.0667
2583,HandWash_023_A_07_G_05,23,G05,train,step5_polegar,4,3,24,1.6
2584,HandWash_023_A_07_G_05,23,G05,train,step5_polegar,4,4,32,2.1333
2585,HandWash_023_A_07_G_05,23,G05,train,step5_polegar,4,5,40,2.6667
2586,HandWash_023_A_07_G_05,23,G05,train,step5_polegar,4,6,48,3.2
2587,HandWash_023_A_07_G_05,23,G05,train,step5_polegar,4,7,56,3.7333
2588,HandWash_023_A_07_G_05,23,G05,train,step5_polegar,4,8,64,4.2667
2589,HandWash_023_A_07_G_05,23,G05,train,step5_polegar,4,9,72,4.8
2590,HandWash_023_A_07_G_05,23,G05,train,step5_polegar,4,10,80,5.3333
2591,HandWash_023_A_07_G_05,23,G05,train,step5_polegar,4,11,88,5.8667
2592,HandWash_023_A_07_G_05,23,G05,train,step5_polegar,4,12,96,6.4
2593,HandWash_023_A_07_G_05,23,G05,train,step5_polegar,4,13,104,6.9333
2594,HandWash_023_A_07_G_05,23,G05,train,step5_polegar,4,14,112,7.4667
2595,HandWash_023_A_07_G_05,23,G05,train,step5_polegar,4,15,120,8.0
2596,HandWash_023_A_07_G_05,23,G05,train,step5_polegar,4,16,128,8.5333
2597,HandWash_023_A_07_G_05,23,G05,train,step5_polegar,4,17,136,9.0667
2598,HandWash_023_A_07_G_05,23,G05,train,step5_polegar,4,18,144,9.6
2599,HandWash_023_A_07_G_05,23,G05,train,step5_polegar,4,19,152,10.1333
2600,HandWash_023_A_07_G_05,23,G05,train,step5_polegar,4,20,160,10.6667
2601,HandWash_023_A_07_G_05,23,G05,train,step5_polegar,4,21,168,11.2
2602,HandWash_023_A_07_G_05,23,G05,train,step5_polegar,4,22,176,11.7333
2603,HandWash_023_A_07_G_05,23,G05,train,step5_polegar,4,23,184,12.2667
2604,HandWash_023_A_07_G_05,23,G05,train,step5_polegar,4,24,192,12.8
380,HandWash_024_A_07_G_05,24,G05,test,step5_polegar,4,0,0,0.0
381,HandWash_024_A_07_G_05,24,G05,test,step5_polegar,4,1,15,1.0
382,HandWash_024_A_07_G_05,24,G05,test,step5_polegar,4,2,30,2.0
383,HandWash_024_A_07_G_05,24,G05,test,step5_polegar,4,3,45,3.0
384,HandWash_024_A_07_G_05,24,G05,test,step5_polegar,4,4,60,4.0
385,HandWash_024_A_07_G_05,24,G05,test,step5_polegar,4,5,75,5.0
386,HandWash_024_A_07_G_05,24,G05,test,step5_polegar,4,6,90,6.0
387,HandWash_024_A_07_G_05,24,G05,test,step5_polegar,4,7,105,7.0
388,HandWash_024_A_07_G_05,24,G05,test,step5_polegar,4,8,120,8.0
389,HandWash_024_A_07_G_05,24,G05,test,step5_polegar,4,9,135,9.0
2605,HandWash_025_A_07_G_05,25,G05,train,step5_polegar,4,0,0,0.0
2606,HandWash_025_A_07_G_05,25,G05,train,step5_polegar,4,1,8,0.5333
2607,HandWash_025_A_07_G_05,25,G05,train,step5_polegar,4,2,16,1.0667
2608,HandWash_025_A_07_G_05,25,G05,train,step5_polegar,4,3,24,1.6
2609,HandWash_025_A_07_G_05,25,G05,train,step5_polegar,4,4,32,2.1333
2610,HandWash_025_A_07_G_05,25,G05,train,step5_polegar,4,5,40,2.6667
2611,HandWash_025_A_07_G_05,25,G05,train,step5_polegar,4,6,48,3.2
2612,HandWash_025_A_07_G_05,25,G05,train,step5_polegar,4,7,56,3.7333
2613,HandWash_025_A_07_G_05,25,G05,train,step5_polegar,4,8,64,4.2667
2614,HandWash_025_A_07_G_05,25,G05,train,step5_polegar,4,9,72,4.8
2615,HandWash_025_A_07_G_05,25,G05,train,step5_polegar,4,10,80,5.3333
2616,HandWash_025_A_07_G_05,25,G05,train,step5_polegar,4,11,88,5.8667
2617,HandWash_025_A_07_G_05,25,G05,train,step5_polegar,4,12,96,6.4
2618,HandWash_025_A_07_G_05,25,G05,train,step5_polegar,4,13,104,6.9333
2619,HandWash_025_A_07_G_05,25,G05,train,step5_polegar,4,14,112,7.4667
2620,HandWash_025_A_07_G_05,25,G05,train,step5_polegar,4,15,120,8.0
2621,HandWash_025_A_07_G_05,25,G05,train,step5_polegar,4,16,128,8.5333
2622,HandWash_025_A_07_G_05,25,G05,train,step5_polegar,4,17,136,9.0667
2623,HandWash_025_A_07_G_05,25,G05,train,step5_polegar,4,18,144,9.6
2624,HandWash_025_A_07_G_05,25,G05,train,step5_polegar,4,19,152,10.1333
2625,HandWash_025_A_07_G_05,25,G05,train,step5_polegar,4,20,160,10.6667
2626,HandWash_025_A_07_G_05,25,G05,train,step5_polegar,4,21,168,11.2
2627,HandWash_001_A_08_G_01,1,G01,train,step5_polegar,4,0,0,0.0
2628,HandWash_001_A_08_G_01,1,G01,train,step5_polegar,4,1,8,0.5333
2629,HandWash_001_A_08_G_01,1,G01,train,step5_polegar,4,2,16,1.0667
2630,HandWash_001_A_08_G_01,1,G01,train,step5_polegar,4,3,24,1.6
2631,HandWash_001_A_08_G_01,1,G01,train,step5_polegar,4,4,32,2.1333
2632,HandWash_001_A_08_G_01,1,G01,train,step5_polegar,4,5,40,2.6667
2633,HandWash_001_A_08_G_01,1,G01,train,step5_polegar,4,6,48,3.2
2634,HandWash_001_A_08_G_01,1,G01,train,step5_polegar,4,7,56,3.7333
2635,HandWash_001_A_08_G_01,1,G01,train,step5_polegar,4,8,64,4.2667
2636,HandWash_001_A_08_G_01,1,G01,train,step5_polegar,4,9,72,4.8
2637,HandWash_001_A_08_G_01,1,G01,train,step5_polegar,4,10,80,5.3333
2638,HandWash_001_A_08_G_01,1,G01,train,step5_polegar,4,11,88,5.8667
2639,HandWash_001_A_08_G_01,1,G01,train,step5_polegar,4,12,96,6.4
2640,HandWash_001_A_08_G_01,1,G01,train,step5_polegar,4,13,104,6.9333
2641,HandWash_001_A_08_G_01,1,G01,train,step5_polegar,4,14,112,7.4667
2642,HandWash_001_A_08_G_01,1,G01,train,step5_polegar,4,15,120,8.0
2643,HandWash_001_A_08_G_01,1,G01,train,step5_polegar,4,16,128,8.5333
2644,HandWash_001_A_08_G_01,1,G01,train,step5_polegar,4,17,136,9.0667
390,HandWash_002_A_08_G_01,2,G01,test,step5_polegar,4,0,0,0.0
391,HandWash_002_A_08_G_01,2,G01,test,step5_polegar,4,1,15,1.0
392,HandWash_002_A_08_G_01,2,G01,test,step5_polegar,4,2,30,2.0
393,HandWash_002_A_08_G_01,2,G01,test,step5_polegar,4,3,45,3.0
394,HandWash_002_A_08_G_01,2,G01,test,step5_polegar,4,4,60,4.0
395,HandWash_002_A_08_G_01,2,G01,test,step5_polegar,4,5,75,5.0
396,HandWash_002_A_08_G_01,2,G01,test,step5_polegar,4,6,90,6.0
397,HandWash_002_A_08_G_01,2,G01,test,step5_polegar,4,7,105,7.0
2645,HandWash_003_A_08_G_01,3,G01,train,step5_polegar,4,0,0,0.0
2646,HandWash_003_A_08_G_01,3,G01,train,step5_polegar,4,1,8,0.5333
2647,HandWash_003_A_08_G_01,3,G01,train,step5_polegar,4,2,16,1.0667
2648,HandWash_003_A_08_G_01,3,G01,train,step5_polegar,4,3,24,1.6
2649,HandWash_003_A_08_G_01,3,G01,train,step5_polegar,4,4,32,2.1333
2650,HandWash_003_A_08_G_01,3,G01,train,step5_polegar,4,5,40,2.6667
2651,HandWash_003_A_08_G_01,3,G01,train,step5_polegar,4,6,48,3.2
2652,HandWash_003_A_08_G_01,3,G01,train,step5_polegar,4,7,56,3.7333
2653,HandWash_003_A_08_G_01,3,G01,train,step5_polegar,4,8,64,4.2667
2654,HandWash_003_A_08_G_01,3,G01,train,step5_polegar,4,9,72,4.8
2655,HandWash_003_A_08_G_01,3,G01,train,step5_polegar,4,10,80,5.3333
2656,HandWash_003_A_08_G_01,3,G01,train,step5_polegar,4,11,88,5.8667
2657,HandWash_003_A_08_G_01,3,G01,train,step5_polegar,4,12,96,6.4
2658,HandWash_003_A_08_G_01,3,G01,train,step5_polegar,4,13,104,6.9333
2659,HandWash_003_A_08_G_01,3,G01,train,step5_polegar,4,14,112,7.4667
2660,HandWash_003_A_08_G_01,3,G01,train,step5_polegar,4,15,120,8.0
2661,HandWash_003_A_08_G_01,3,G01,train,step5_polegar,4,16,128,8.5333
330,HandWash_004_A_08_G_01,4,G01,val,step5_polegar,4,0,0,0.0
331,HandWash_004_A_08_G_01,4,G01,val,step5_polegar,4,1,15,1.0
332,HandWash_004_A_08_G_01,4,G01,val,step5_polegar,4,2,30,2.0
333,HandWash_004_A_08_G_01,4,G01,val,step5_polegar,4,3,45,3.0
334,HandWash_004_A_08_G_01,4,G01,val,step5_polegar,4,4,60,4.0
335,HandWash_004_A_08_G_01,4,G01,val,step5_polegar,4,5,75,5.0
336,HandWash_004_A_08_G_01,4,G01,val,step5_polegar,4,6,90,6.0
2662,HandWash_005_A_08_G_01,5,G01,train,step5_polegar,4,0,0,0.0
2663,HandWash_005_A_08_G_01,5,G01,train,step5_polegar,4,1,8,0.5333
2664,HandWash_005_A_08_G_01,5,G01,train,step5_polegar,4,2,16,1.0667
2665,HandWash_005_A_08_G_01,5,G01,train,step5_polegar,4,3,24,1.6
2666,HandWash_005_A_08_G_01,5,G01,train,step5_polegar,4,4,32,2.1333
2667,HandWash_005_A_08_G_01,5,G01,train,step5_polegar,4,5,40,2.6667
2668,HandWash_005_A_08_G_01,5,G01,train,step5_polegar,4,6,48,3.2
2669,HandWash_005_A_08_G_01,5,G01,train,step5_polegar,4,7,56,3.7333
2670,HandWash_006_A_08_G_01,6,G01,train,step5_polegar,4,0,0,0.0
2671,HandWash_006_A_08_G_01,6,G01,train,step5_polegar,4,1,8,0.5333
2672,HandWash_006_A_08_G_01,6,G01,train,step5_polegar,4,2,16,1.0667
2673,HandWash_006_A_08_G_01,6,G01,train,step5_polegar,4,3,24,1.6
2674,HandWash_006_A_08_G_01,6,G01,train,step5_polegar,4,4,32,2.1333
2675,HandWash_006_A_08_G_01,6,G01,train,step5_polegar,4,5,40,2.6667
2676,HandWash_006_A_08_G_01,6,G01,train,step5_polegar,4,6,48,3.2
2677,HandWash_006_A_08_G_01,6,G01,train,step5_polegar,4,7,56,3.7333
2678,HandWash_006_A_08_G_01,6,G01,train,step5_polegar,4,8,64,4.2667
2679,HandWash_006_A_08_G_01,6,G01,train,step5_polegar,4,9,72,4.8
2680,HandWash_006_A_08_G_01,6,G01,train,step5_polegar,4,10,80,5.3333
2681,HandWash_006_A_08_G_01,6,G01,train,step5_polegar,4,11,88,5.8667
2682,HandWash_006_A_08_G_01,6,G01,train,step5_polegar,4,12,96,6.4
2683,HandWash_006_A_08_G_01,6,G01,train,step5_polegar,4,13,104,6.9333
2684,HandWash_006_A_08_G_01,6,G01,train,step5_polegar,4,14,112,7.4667
2685,HandWash_006_A_08_G_01,6,G01,train,step5_polegar,4,15,120,8.0
2686,HandWash_006_A_08_G_01,6,G01,train,step5_polegar,4,16,128,8.5333
2687,HandWash_006_A_08_G_01,6,G01,train,step5_polegar,4,17,136,9.0667
2688,HandWash_006_A_08_G_01,6,G01,train,step5_polegar,4,18,144,9.6
2689,HandWash_006_A_08_G_01,6,G01,train,step5_polegar,4,19,152,10.1333
2690,HandWash_006_A_08_G_01,6,G01,train,step5_polegar,4,20,160,10.6667
2691,HandWash_006_A_08_G_01,6,G01,train,step5_polegar,4,21,168,11.2
2692,HandWash_006_A_08_G_01,6,G01,train,step5_polegar,4,22,176,11.7333
2693,HandWash_006_A_08_G_01,6,G01,train,step5_polegar,4,23,184,12.2667
2694,HandWash_006_A_08_G_01,6,G01,train,step5_polegar,4,24,192,12.8
2695,HandWash_006_A_08_G_01,6,G01,train,step5_polegar,4,25,200,13.3333
2696,HandWash_006_A_08_G_01,6,G01,train,step5_polegar,4,26,208,13.8667
2697,HandWash_006_A_08_G_01,6,G01,train,step5_polegar,4,27,216,14.4
2698,HandWash_006_A_08_G_01,6,G01,train,step5_polegar,4,28,224,14.9333
2699,HandWash_006_A_08_G_01,6,G01,train,step5_polegar,4,29,232,15.4667
398,HandWash_007_A_08_G_01,7,G01,test,step5_polegar,4,0,0,0.0
399,HandWash_007_A_08_G_01,7,G01,test,step5_polegar,4,1,15,1.0
400,HandWash_007_A_08_G_01,7,G01,test,step5_polegar,4,2,30,2.0
401,HandWash_007_A_08_G_01,7,G01,test,step5_polegar,4,3,45,3.0
402,HandWash_007_A_08_G_01,7,G01,test,step5_polegar,4,4,60,4.0
403,HandWash_007_A_08_G_01,7,G01,test,step5_polegar,4,5,75,5.0
404,HandWash_007_A_08_G_01,7,G01,test,step5_polegar,4,6,90,6.0
405,HandWash_007_A_08_G_01,7,G01,test,step5_polegar,4,7,105,7.0
406,HandWash_007_A_08_G_01,7,G01,test,step5_polegar,4,8,120,8.0
407,HandWash_007_A_08_G_01,7,G01,test,step5_polegar,4,9,135,9.0
408,HandWash_007_A_08_G_01,7,G01,test,step5_polegar,4,10,150,10.0
409,HandWash_007_A_08_G_01,7,G01,test,step5_polegar,4,11,165,11.0
2700,HandWash_008_A_08_G_01,8,G01,train,step5_polegar,4,0,0,0.0
2701,HandWash_008_A_08_G_01,8,G01,train,step5_polegar,4,1,8,0.5333
2702,HandWash_008_A_08_G_01,8,G01,train,step5_polegar,4,2,16,1.0667
2703,HandWash_008_A_08_G_01,8,G01,train,step5_polegar,4,3,24,1.6
2704,HandWash_008_A_08_G_01,8,G01,train,step5_polegar,4,4,32,2.1333
2705,HandWash_008_A_08_G_01,8,G01,train,step5_polegar,4,5,40,2.6667
2706,HandWash_008_A_08_G_01,8,G01,train,step5_polegar,4,6,48,3.2
2707,HandWash_008_A_08_G_01,8,G01,train,step5_polegar,4,7,56,3.7333
2708,HandWash_008_A_08_G_01,8,G01,train,step5_polegar,4,8,64,4.2667
2709,HandWash_008_A_08_G_01,8,G01,train,step5_polegar,4,9,72,4.8
2710,HandWash_008_A_08_G_01,8,G01,train,step5_polegar,4,10,80,5.3333
2711,HandWash_008_A_08_G_01,8,G01,train,step5_polegar,4,11,88,5.8667
2712,HandWash_008_A_08_G_01,8,G01,train,step5_polegar,4,12,96,6.4
2713,HandWash_008_A_08_G_01,8,G01,train,step5_polegar,4,13,104,6.9333
2714,HandWash_008_A_08_G_01,8,G01,train,step5_polegar,4,14,112,7.4667
2715,HandWash_008_A_08_G_01,8,G01,train,step5_polegar,4,15,120,8.0
2716,HandWash_008_A_08_G_01,8,G01,train,step5_polegar,4,16,128,8.5333
2717,HandWash_008_A_08_G_01,8,G01,train,step5_polegar,4,17,136,9.0667
2718,HandWash_008_A_08_G_01,8,G01,train,step5_polegar,4,18,144,9.6
2719,HandWash_008_A_08_G_01,8,G01,train,step5_polegar,4,19,152,10.1333
2720,HandWash_008_A_08_G_01,8,G01,train,step5_polegar,4,20,160,10.6667
2721,HandWash_008_A_08_G_01,8,G01,train,step5_polegar,4,21,168,11.2
2722,HandWash_008_A_08_G_01,8,G01,train,step5_polegar,4,22,176,11.7333
2723,HandWash_008_A_08_G_01,8,G01,train,step5_polegar,4,23,184,12.2667
2724,HandWash_008_A_08_G_01,8,G01,train,step5_polegar,4,24,192,12.8
2725,HandWash_008_A_08_G_01,8,G01,train,step5_polegar,4,25,200,13.3333
2726,HandWash_008_A_08_G_01,8,G01,train,step5_polegar,4,26,208,13.8667
2727,HandWash_008_A_08_G_01,8,G01,train,step5_polegar,4,27,216,14.4
2728,HandWash_008_A_08_G_01,8,G01,train,step5_polegar,4,28,224,14.9333
2729,HandWash_008_A_08_G_01,8,G01,train,step5_polegar,4,29,232,15.4667
2730,HandWash_008_A_08_G_01,8,G01,train,step5_polegar,4,30,240,16.0
2731,HandWash_008_A_08_G_01,8,G01,train,step5_polegar,4,31,248,16.5333
2732,HandWash_008_A_08_G_01,8,G01,train,step5_polegar,4,32,256,17.0667
2733,HandWash_008_A_08_G_01,8,G01,train,step5_polegar,4,33,264,17.6
2734,HandWash_008_A_08_G_01,8,G01,train,step5_polegar,4,34,272,18.1333
2735,HandWash_008_A_08_G_01,8,G01,train,step5_polegar,4,35,280,18.6667
2736,HandWash_008_A_08_G_01,8,G01,train,step5_polegar,4,36,288,19.2
2737,HandWash_008_A_08_G_01,8,G01,train,step5_polegar,4,37,296,19.7333
2738,HandWash_008_A_08_G_01,8,G01,train,step5_polegar,4,38,304,20.2667
2739,HandWash_008_A_08_G_01,8,G01,train,step5_polegar,4,39,312,20.8
2740,HandWash_008_A_08_G_01,8,G01,train,step5_polegar,4,40,320,21.3333
2741,HandWash_008_A_08_G_01,8,G01,train,step5_polegar,4,41,328,21.8667
2742,HandWash_008_A_08_G_01,8,G01,train,step5_polegar,4,42,336,22.4
2743,HandWash_009_A_08_G_02,9,G02,train,step5_polegar,4,0,0,0.0
2744,HandWash_009_A_08_G_02,9,G02,train,step5_polegar,4,1,8,0.5333
2745,HandWash_009_A_08_G_02,9,G02,train,step5_polegar,4,2,16,1.0667
2746,HandWash_009_A_08_G_02,9,G02,train,step5_polegar,4,3,24,1.6
2747,HandWash_009_A_08_G_02,9,G02,train,step5_polegar,4,4,32,2.1333
2748,HandWash_009_A_08_G_02,9,G02,train,step5_polegar,4,5,40,2.6667
2749,HandWash_009_A_08_G_02,9,G02,train,step5_polegar,4,6,48,3.2
2750,HandWash_009_A_08_G_02,9,G02,train,step5_polegar,4,7,56,3.7333
2751,HandWash_009_A_08_G_02,9,G02,train,step5_polegar,4,8,64,4.2667
2752,HandWash_009_A_08_G_02,9,G02,train,step5_polegar,4,9,72,4.8
2753,HandWash_009_A_08_G_02,9,G02,train,step5_polegar,4,10,80,5.3333
2754,HandWash_009_A_08_G_02,9,G02,train,step5_polegar,4,11,88,5.8667
2755,HandWash_009_A_08_G_02,9,G02,train,step5_polegar,4,12,96,6.4
2756,HandWash_009_A_08_G_02,9,G02,train,step5_polegar,4,13,104,6.9333
2757,HandWash_009_A_08_G_02,9,G02,train,step5_polegar,4,14,112,7.4667
2758,HandWash_009_A_08_G_02,9,G02,train,step5_polegar,4,15,120,8.0
2759,HandWash_009_A_08_G_02,9,G02,train,step5_polegar,4,16,128,8.5333
2760,HandWash_009_A_08_G_02,9,G02,train,step5_polegar,4,17,136,9.0667
2761,HandWash_009_A_08_G_02,9,G02,train,step5_polegar,4,18,144,9.6
2762,HandWash_009_A_08_G_02,9,G02,train,step5_polegar,4,19,152,10.1333
2763,HandWash_009_A_08_G_02,9,G02,train,step5_polegar,4,20,160,10.6667
2764,HandWash_009_A_08_G_02,9,G02,train,step5_polegar,4,21,168,11.2
2765,HandWash_009_A_08_G_02,9,G02,train,step5_polegar,4,22,176,11.7333
2766,HandWash_009_A_08_G_02,9,G02,train,step5_polegar,4,23,184,12.2667
2767,HandWash_009_A_08_G_02,9,G02,train,step5_polegar,4,24,192,12.8
2768,HandWash_009_A_08_G_02,9,G02,train,step5_polegar,4,25,200,13.3333
2769,HandWash_009_A_08_G_02,9,G02,train,step5_polegar,4,26,208,13.8667
2770,HandWash_009_A_08_G_02,9,G02,train,step5_polegar,4,27,216,14.4
2771,HandWash_009_A_08_G_02,9,G02,train,step5_polegar,4,28,224,14.9333
2772,HandWash_009_A_08_G_02,9,G02,train,step5_polegar,4,29,232,15.4667
2773,HandWash_009_A_08_G_02,9,G02,train,step5_polegar,4,30,240,16.0
2774,HandWash_010_A_08_G_02,10,G02,train,step5_polegar,4,0,0,0.0
2775,HandWash_010_A_08_G_02,10,G02,train,step5_polegar,4,1,8,0.5333
2776,HandWash_010_A_08_G_02,10,G02,train,step5_polegar,4,2,16,1.0667
2777,HandWash_010_A_08_G_02,10,G02,train,step5_polegar,4,3,24,1.6
2778,HandWash_010_A_08_G_02,10,G02,train,step5_polegar,4,4,32,2.1333
2779,HandWash_010_A_08_G_02,10,G02,train,step5_polegar,4,5,40,2.6667
2780,HandWash_010_A_08_G_02,10,G02,train,step5_polegar,4,6,48,3.2
2781,HandWash_010_A_08_G_02,10,G02,train,step5_polegar,4,7,56,3.7333
2782,HandWash_010_A_08_G_02,10,G02,train,step5_polegar,4,8,64,4.2667
2783,HandWash_010_A_08_G_02,10,G02,train,step5_polegar,4,9,72,4.8
2784,HandWash_010_A_08_G_02,10,G02,train,step5_polegar,4,10,80,5.3333
2785,HandWash_010_A_08_G_02,10,G02,train,step5_polegar,4,11,88,5.8667
2786,HandWash_010_A_08_G_02,10,G02,train,step5_polegar,4,12,96,6.4
2787,HandWash_010_A_08_G_02,10,G02,train,step5_polegar,4,13,104,6.9333
2788,HandWash_010_A_08_G_02,10,G02,train,step5_polegar,4,14,112,7.4667
2789,HandWash_010_A_08_G_02,10,G02,train,step5_polegar,4,15,120,8.0
2790,HandWash_010_A_08_G_02,10,G02,train,step5_polegar,4,16,128,8.5333
2791,HandWash_010_A_08_G_02,10,G02,train,step5_polegar,4,17,136,9.0667
2792,HandWash_010_A_08_G_02,10,G02,train,step5_polegar,4,18,144,9.6
2793,HandWash_010_A_08_G_02,10,G02,train,step5_polegar,4,19,152,10.1333
2794,HandWash_010_A_08_G_02,10,G02,train,step5_polegar,4,20,160,10.6667
2795,HandWash_010_A_08_G_02,10,G02,train,step5_polegar,4,21,168,11.2
2796,HandWash_010_A_08_G_02,10,G02,train,step5_polegar,4,22,176,11.7333
2797,HandWash_010_A_08_G_02,10,G02,train,step5_polegar,4,23,184,12.2667
2798,HandWash_010_A_08_G_02,10,G02,train,step5_polegar,4,24,192,12.8
2799,HandWash_010_A_08_G_02,10,G02,train,step5_polegar,4,25,200,13.3333
2800,HandWash_010_A_08_G_02,10,G02,train,step5_polegar,4,26,208,13.8667
2801,HandWash_010_A_08_G_02,10,G02,train,step5_polegar,4,27,216,14.4
2802,HandWash_010_A_08_G_02,10,G02,train,step5_polegar,4,28,224,14.9333
2803,HandWash_010_A_08_G_02,10,G02,train,step5_polegar,4,29,232,15.4667
2804,HandWash_010_A_08_G_02,10,G02,train,step5_polegar,4,30,240,16.0
2805,HandWash_010_A_08_G_02,10,G02,train,step5_polegar,4,31,248,16.5333
2806,HandWash_010_A_08_G_02,10,G02,train,step5_polegar,4,32,256,17.0667
2807,HandWash_010_A_08_G_02,10,G02,train,step5_polegar,4,33,264,17.6
2808,HandWash_010_A_08_G_02,10,G02,train,step5_polegar,4,34,272,18.1333
2809,HandWash_011_A_08_G_02,11,G02,train,step5_polegar,4,0,0,0.0
2810,HandWash_011_A_08_G_02,11,G02,train,step5_polegar,4,1,8,0.5333
2811,HandWash_011_A_08_G_02,11,G02,train,step5_polegar,4,2,16,1.0667
2812,HandWash_011_A_08_G_02,11,G02,train,step5_polegar,4,3,24,1.6
2813,HandWash_011_A_08_G_02,11,G02,train,step5_polegar,4,4,32,2.1333
2814,HandWash_011_A_08_G_02,11,G02,train,step5_polegar,4,5,40,2.6667
2815,HandWash_011_A_08_G_02,11,G02,train,step5_polegar,4,6,48,3.2
2816,HandWash_011_A_08_G_02,11,G02,train,step5_polegar,4,7,56,3.7333
2817,HandWash_011_A_08_G_02,11,G02,train,step5_polegar,4,8,64,4.2667
2818,HandWash_011_A_08_G_02,11,G02,train,step5_polegar,4,9,72,4.8
2819,HandWash_011_A_08_G_02,11,G02,train,step5_polegar,4,10,80,5.3333
2820,HandWash_011_A_08_G_02,11,G02,train,step5_polegar,4,11,88,5.8667
2821,HandWash_011_A_08_G_02,11,G02,train,step5_polegar,4,12,96,6.4
2822,HandWash_011_A_08_G_02,11,G02,train,step5_polegar,4,13,104,6.9333
2823,HandWash_011_A_08_G_02,11,G02,train,step5_polegar,4,14,112,7.4667
2824,HandWash_011_A_08_G_02,11,G02,train,step5_polegar,4,15,120,8.0
2825,HandWash_011_A_08_G_02,11,G02,train,step5_polegar,4,16,128,8.5333
2826,HandWash_011_A_08_G_02,11,G02,train,step5_polegar,4,17,136,9.0667
2827,HandWash_011_A_08_G_02,11,G02,train,step5_polegar,4,18,144,9.6
2828,HandWash_011_A_08_G_02,11,G02,train,step5_polegar,4,19,152,10.1333
2829,HandWash_011_A_08_G_02,11,G02,train,step5_polegar,4,20,160,10.6667
2830,HandWash_011_A_08_G_02,11,G02,train,step5_polegar,4,21,168,11.2
2831,HandWash_012_A_08_G_03,12,G03,train,step5_polegar,4,0,0,0.0
2832,HandWash_012_A_08_G_03,12,G03,train,step5_polegar,4,1,8,0.5333
2833,HandWash_012_A_08_G_03,12,G03,train,step5_polegar,4,2,16,1.0667
2834,HandWash_012_A_08_G_03,12,G03,train,step5_polegar,4,3,24,1.6
2835,HandWash_012_A_08_G_03,12,G03,train,step5_polegar,4,4,32,2.1333
2836,HandWash_012_A_08_G_03,12,G03,train,step5_polegar,4,5,40,2.6667
2837,HandWash_012_A_08_G_03,12,G03,train,step5_polegar,4,6,48,3.2
2838,HandWash_012_A_08_G_03,12,G03,train,step5_polegar,4,7,56,3.7333
2839,HandWash_012_A_08_G_03,12,G03,train,step5_polegar,4,8,64,4.2667
2840,HandWash_012_A_08_G_03,12,G03,train,step5_polegar,4,9,72,4.8
2841,HandWash_012_A_08_G_03,12,G03,train,step5_polegar,4,10,80,5.3333
2842,HandWash_012_A_08_G_03,12,G03,train,step5_polegar,4,11,88,5.8667
2843,HandWash_012_A_08_G_03,12,G03,train,step5_polegar,4,12,96,6.4
2844,HandWash_012_A_08_G_03,12,G03,train,step5_polegar,4,13,104,6.9333
2845,HandWash_012_A_08_G_03,12,G03,train,step5_polegar,4,14,112,7.4667
2846,HandWash_012_A_08_G_03,12,G03,train,step5_polegar,4,15,120,8.0
2847,HandWash_012_A_08_G_03,12,G03,train,step5_polegar,4,16,128,8.5333
2848,HandWash_012_A_08_G_03,12,G03,train,step5_polegar,4,17,136,9.0667
2849,HandWash_012_A_08_G_03,12,G03,train,step5_polegar,4,18,144,9.6
2850,HandWash_012_A_08_G_03,12,G03,train,step5_polegar,4,19,152,10.1333
2851,HandWash_012_A_08_G_03,12,G03,train,step5_polegar,4,20,160,10.6667
2852,HandWash_012_A_08_G_03,12,G03,train,step5_polegar,4,21,168,11.2
2853,HandWash_012_A_08_G_03,12,G03,train,step5_polegar,4,22,176,11.7333
2854,HandWash_012_A_08_G_03,12,G03,train,step5_polegar,4,23,184,12.2667
2855,HandWash_012_A_08_G_03,12,G03,train,step5_polegar,4,24,192,12.8
2856,HandWash_012_A_08_G_03,12,G03,train,step5_polegar,4,25,200,13.3333
410,HandWash_013_A_08_G_03,13,G03,test,step5_polegar,4,0,0,0.0
411,HandWash_013_A_08_G_03,13,G03,test,step5_polegar,4,1,15,1.0
412,HandWash_013_A_08_G_03,13,G03,test,step5_polegar,4,2,30,2.0
413,HandWash_013_A_08_G_03,13,G03,test,step5_polegar,4,3,45,3.0
414,HandWash_013_A_08_G_03,13,G03,test,step5_polegar,4,4,60,4.0
415,HandWash_013_A_08_G_03,13,G03,test,step5_polegar,4,5,75,5.0
416,HandWash_013_A_08_G_03,13,G03,test,step5_polegar,4,6,90,6.0
417,HandWash_013_A_08_G_03,13,G03,test,step5_polegar,4,7,105,7.0
418,HandWash_013_A_08_G_03,13,G03,test,step5_polegar,4,8,120,8.0
419,HandWash_013_A_08_G_03,13,G03,test,step5_polegar,4,9,135,9.0
420,HandWash_013_A_08_G_03,13,G03,test,step5_polegar,4,10,150,10.0
421,HandWash_013_A_08_G_03,13,G03,test,step5_polegar,4,11,165,11.0
2857,HandWash_014_A_08_G_03,14,G03,train,step5_polegar,4,0,0,0.0
2858,HandWash_014_A_08_G_03,14,G03,train,step5_polegar,4,1,8,0.5333
2859,HandWash_014_A_08_G_03,14,G03,train,step5_polegar,4,2,16,1.0667
2860,HandWash_014_A_08_G_03,14,G03,train,step5_polegar,4,3,24,1.6
2861,HandWash_014_A_08_G_03,14,G03,train,step5_polegar,4,4,32,2.1333
2862,HandWash_014_A_08_G_03,14,G03,train,step5_polegar,4,5,40,2.6667
2863,HandWash_014_A_08_G_03,14,G03,train,step5_polegar,4,6,48,3.2
2864,HandWash_014_A_08_G_03,14,G03,train,step5_polegar,4,7,56,3.7333
2865,HandWash_014_A_08_G_03,14,G03,train,step5_polegar,4,8,64,4.2667
2866,HandWash_014_A_08_G_03,14,G03,train,step5_polegar,4,9,72,4.8
2867,HandWash_014_A_08_G_03,14,G03,train,step5_polegar,4,10,80,5.3333
2868,HandWash_014_A_08_G_03,14,G03,train,step5_polegar,4,11,88,5.8667
2869,HandWash_014_A_08_G_03,14,G03,train,step5_polegar,4,12,96,6.4
2870,HandWash_014_A_08_G_03,14,G03,train,step5_polegar,4,13,104,6.9333
2871,HandWash_014_A_08_G_03,14,G03,train,step5_polegar,4,14,112,7.4667
2872,HandWash_014_A_08_G_03,14,G03,train,step5_polegar,4,15,120,8.0
2873,HandWash_014_A_08_G_03,14,G03,train,step5_polegar,4,16,128,8.5333
2874,HandWash_014_A_08_G_03,14,G03,train,step5_polegar,4,17,136,9.0667
2875,HandWash_014_A_08_G_03,14,G03,train,step5_polegar,4,18,144,9.6
2876,HandWash_014_A_08_G_03,14,G03,train,step5_polegar,4,19,152,10.1333
2877,HandWash_014_A_08_G_03,14,G03,train,step5_polegar,4,20,160,10.6667
2878,HandWash_014_A_08_G_03,14,G03,train,step5_polegar,4,21,168,11.2
2879,HandWash_014_A_08_G_03,14,G03,train,step5_polegar,4,22,176,11.7333
2880,HandWash_014_A_08_G_03,14,G03,train,step5_polegar,4,23,184,12.2667
2881,HandWash_014_A_08_G_03,14,G03,train,step5_polegar,4,24,192,12.8
2882,HandWash_014_A_08_G_03,14,G03,train,step5_polegar,4,25,200,13.3333
2883,HandWash_014_A_08_G_03,14,G03,train,step5_polegar,4,26,208,13.8667
2884,HandWash_014_A_08_G_03,14,G03,train,step5_polegar,4,27,216,14.4
2885,HandWash_014_A_08_G_03,14,G03,train,step5_polegar,4,28,224,14.9333
2886,HandWash_014_A_08_G_03,14,G03,train,step5_polegar,4,29,232,15.4667
2887,HandWash_015_A_08_G_04,15,G04,train,step5_polegar,4,0,0,0.0
2888,HandWash_015_A_08_G_04,15,G04,train,step5_polegar,4,1,8,0.5333
2889,HandWash_015_A_08_G_04,15,G04,train,step5_polegar,4,2,16,1.0667
2890,HandWash_015_A_08_G_04,15,G04,train,step5_polegar,4,3,24,1.6
2891,HandWash_015_A_08_G_04,15,G04,train,step5_polegar,4,4,32,2.1333
2892,HandWash_015_A_08_G_04,15,G04,train,step5_polegar,4,5,40,2.6667
2893,HandWash_015_A_08_G_04,15,G04,train,step5_polegar,4,6,48,3.2
2894,HandWash_015_A_08_G_04,15,G04,train,step5_polegar,4,7,56,3.7333
2895,HandWash_015_A_08_G_04,15,G04,train,step5_polegar,4,8,64,4.2667
2896,HandWash_015_A_08_G_04,15,G04,train,step5_polegar,4,9,72,4.8
2897,HandWash_015_A_08_G_04,15,G04,train,step5_polegar,4,10,80,5.3333
2898,HandWash_015_A_08_G_04,15,G04,train,step5_polegar,4,11,88,5.8667
2899,HandWash_015_A_08_G_04,15,G04,train,step5_polegar,4,12,96,6.4
2900,HandWash_015_A_08_G_04,15,G04,train,step5_polegar,4,13,104,6.9333
337,HandWash_016_A_08_G_04,16,G04,val,step5_polegar,4,0,0,0.0
338,HandWash_016_A_08_G_04,16,G04,val,step5_polegar,4,1,15,1.0
339,HandWash_016_A_08_G_04,16,G04,val,step5_polegar,4,2,30,2.0
340,HandWash_016_A_08_G_04,16,G04,val,step5_polegar,4,3,45,3.0
341,HandWash_016_A_08_G_04,16,G04,val,step5_polegar,4,4,60,4.0
342,HandWash_016_A_08_G_04,16,G04,val,step5_polegar,4,5,75,5.0
343,HandWash_016_A_08_G_04,16,G04,val,step5_polegar,4,6,90,6.0
344,HandWash_016_A_08_G_04,16,G04,val,step5_polegar,4,7,105,7.0
345,HandWash_016_A_08_G_04,16,G04,val,step5_polegar,4,8,120,8.0
346,HandWash_016_A_08_G_04,16,G04,val,step5_polegar,4,9,135,9.0
347,HandWash_016_A_08_G_04,16,G04,val,step5_polegar,4,10,150,10.0
348,HandWash_016_A_08_G_04,16,G04,val,step5_polegar,4,11,165,11.0
349,HandWash_016_A_08_G_04,16,G04,val,step5_polegar,4,12,180,12.0
350,HandWash_016_A_08_G_04,16,G04,val,step5_polegar,4,13,195,13.0
351,HandWash_016_A_08_G_04,16,G04,val,step5_polegar,4,14,210,14.0
352,HandWash_016_A_08_G_04,16,G04,val,step5_polegar,4,15,225,15.0
2901,HandWash_017_A_08_G_04,17,G04,train,step5_polegar,4,0,0,0.0
2902,HandWash_017_A_08_G_04,17,G04,train,step5_polegar,4,1,8,0.5333
2903,HandWash_017_A_08_G_04,17,G04,train,step5_polegar,4,2,16,1.0667
2904,HandWash_017_A_08_G_04,17,G04,train,step5_polegar,4,3,24,1.6
2905,HandWash_017_A_08_G_04,17,G04,train,step5_polegar,4,4,32,2.1333
2906,HandWash_017_A_08_G_04,17,G04,train,step5_polegar,4,5,40,2.6667
2907,HandWash_017_A_08_G_04,17,G04,train,step5_polegar,4,6,48,3.2
2908,HandWash_017_A_08_G_04,17,G04,train,step5_polegar,4,7,56,3.7333
2909,HandWash_017_A_08_G_04,17,G04,train,step5_polegar,4,8,64,4.2667
2910,HandWash_017_A_08_G_04,17,G04,train,step5_polegar,4,9,72,4.8
2911,HandWash_017_A_08_G_04,17,G04,train,step5_polegar,4,10,80,5.3333
2912,HandWash_017_A_08_G_04,17,G04,train,step5_polegar,4,11,88,5.8667
2913,HandWash_017_A_08_G_04,17,G04,train,step5_polegar,4,12,96,6.4
2914,HandWash_017_A_08_G_04,17,G04,train,step5_polegar,4,13,104,6.9333
2915,HandWash_017_A_08_G_04,17,G04,train,step5_polegar,4,14,112,7.4667
2916,HandWash_017_A_08_G_04,17,G04,train,step5_polegar,4,15,120,8.0
2917,HandWash_017_A_08_G_04,17,G04,train,step5_polegar,4,16,128,8.5333
2918,HandWash_017_A_08_G_04,17,G04,train,step5_polegar,4,17,136,9.0667
2919,HandWash_017_A_08_G_04,17,G04,train,step5_polegar,4,18,144,9.6
2920,HandWash_017_A_08_G_04,17,G04,train,step5_polegar,4,19,152,10.1333
2921,HandWash_017_A_08_G_04,17,G04,train,step5_polegar,4,20,160,10.6667
2922,HandWash_017_A_08_G_04,17,G04,train,step5_polegar,4,21,168,11.2
2923,HandWash_017_A_08_G_04,17,G04,train,step5_polegar,4,22,176,11.7333
2924,HandWash_017_A_08_G_04,17,G04,train,step5_polegar,4,23,184,12.2667
2925,HandWash_017_A_08_G_04,17,G04,train,step5_polegar,4,24,192,12.8
2926,HandWash_017_A_08_G_04,17,G04,train,step5_polegar,4,25,200,13.3333
2927,HandWash_018_A_08_G_05,18,G05,train,step5_polegar,4,0,0,0.0
2928,HandWash_018_A_08_G_05,18,G05,train,step5_polegar,4,1,8,0.5333
2929,HandWash_018_A_08_G_05,18,G05,train,step5_polegar,4,2,16,1.0667
2930,HandWash_018_A_08_G_05,18,G05,train,step5_polegar,4,3,24,1.6
2931,HandWash_018_A_08_G_05,18,G05,train,step5_polegar,4,4,32,2.1333
2932,HandWash_018_A_08_G_05,18,G05,train,step5_polegar,4,5,40,2.6667
2933,HandWash_018_A_08_G_05,18,G05,train,step5_polegar,4,6,48,3.2
2934,HandWash_018_A_08_G_05,18,G05,train,step5_polegar,4,7,56,3.7333
2935,HandWash_018_A_08_G_05,18,G05,train,step5_polegar,4,8,64,4.2667
2936,HandWash_018_A_08_G_05,18,G05,train,step5_polegar,4,9,72,4.8
2937,HandWash_018_A_08_G_05,18,G05,train,step5_polegar,4,10,80,5.3333
2938,HandWash_018_A_08_G_05,18,G05,train,step5_polegar,4,11,88,5.8667
2939,HandWash_018_A_08_G_05,18,G05,train,step5_polegar,4,12,96,6.4
2940,HandWash_018_A_08_G_05,18,G05,train,step5_polegar,4,13,104,6.9333
2941,HandWash_018_A_08_G_05,18,G05,train,step5_polegar,4,14,112,7.4667
2942,HandWash_018_A_08_G_05,18,G05,train,step5_polegar,4,15,120,8.0
2943,HandWash_018_A_08_G_05,18,G05,train,step5_polegar,4,16,128,8.5333
2944,HandWash_018_A_08_G_05,18,G05,train,step5_polegar,4,17,136,9.0667
2945,HandWash_018_A_08_G_05,18,G05,train,step5_polegar,4,18,144,9.6
422,HandWash_019_A_08_G_05,19,G05,test,step5_polegar,4,0,0,0.0
423,HandWash_019_A_08_G_05,19,G05,test,step5_polegar,4,1,15,1.0
424,HandWash_019_A_08_G_05,19,G05,test,step5_polegar,4,2,30,2.0
425,HandWash_019_A_08_G_05,19,G05,test,step5_polegar,4,3,45,3.0
426,HandWash_019_A_08_G_05,19,G05,test,step5_polegar,4,4,60,4.0
427,HandWash_019_A_08_G_05,19,G05,test,step5_polegar,4,5,75,5.0
428,HandWash_019_A_08_G_05,19,G05,test,step5_polegar,4,6,90,6.0
2946,HandWash_020_A_08_G_05,20,G05,train,step5_polegar,4,0,0,0.0
2947,HandWash_020_A_08_G_05,20,G05,train,step5_polegar,4,1,8,0.5333
2948,HandWash_020_A_08_G_05,20,G05,train,step5_polegar,4,2,16,1.0667
2949,HandWash_020_A_08_G_05,20,G05,train,step5_polegar,4,3,24,1.6
2950,HandWash_020_A_08_G_05,20,G05,train,step5_polegar,4,4,32,2.1333
2951,HandWash_020_A_08_G_05,20,G05,train,step5_polegar,4,5,40,2.6667
2952,HandWash_020_A_08_G_05,20,G05,train,step5_polegar,4,6,48,3.2
2953,HandWash_020_A_08_G_05,20,G05,train,step5_polegar,4,7,56,3.7333
2954,HandWash_020_A_08_G_05,20,G05,train,step5_polegar,4,8,64,4.2667
2955,HandWash_020_A_08_G_05,20,G05,train,step5_polegar,4,9,72,4.8
2956,HandWash_020_A_08_G_05,20,G05,train,step5_polegar,4,10,80,5.3333
2957,HandWash_020_A_08_G_05,20,G05,train,step5_polegar,4,11,88,5.8667
2958,HandWash_020_A_08_G_05,20,G05,train,step5_polegar,4,12,96,6.4
2959,HandWash_020_A_08_G_05,20,G05,train,step5_polegar,4,13,104,6.9333
2960,HandWash_020_A_08_G_05,20,G05,train,step5_polegar,4,14,112,7.4667
2961,HandWash_020_A_08_G_05,20,G05,train,step5_polegar,4,15,120,8.0
2962,HandWash_020_A_08_G_05,20,G05,train,step5_polegar,4,16,128,8.5333
2963,HandWash_020_A_08_G_05,20,G05,train,step5_polegar,4,17,136,9.0667
2964,HandWash_020_A_08_G_05,20,G05,train,step5_polegar,4,18,144,9.6
2965,HandWash_020_A_08_G_05,20,G05,train,step5_polegar,4,19,152,10.1333
2966,HandWash_020_A_08_G_05,20,G05,train,step5_polegar,4,20,160,10.6667
353,HandWash_021_A_08_G_05,21,G05,val,step5_polegar,4,0,0,0.0
354,HandWash_021_A_08_G_05,21,G05,val,step5_polegar,4,1,15,1.0
355,HandWash_021_A_08_G_05,21,G05,val,step5_polegar,4,2,30,2.0
356,HandWash_021_A_08_G_05,21,G05,val,step5_polegar,4,3,45,3.0
357,HandWash_021_A_08_G_05,21,G05,val,step5_polegar,4,4,60,4.0
358,HandWash_021_A_08_G_05,21,G05,val,step5_polegar,4,5,75,5.0
359,HandWash_021_A_08_G_05,21,G05,val,step5_polegar,4,6,90,6.0
360,HandWash_021_A_08_G_05,21,G05,val,step5_polegar,4,7,105,7.0
361,HandWash_021_A_08_G_05,21,G05,val,step5_polegar,4,8,120,8.0
362,HandWash_021_A_08_G_05,21,G05,val,step5_polegar,4,9,135,9.0
363,HandWash_021_A_08_G_05,21,G05,val,step5_polegar,4,10,150,10.0
364,HandWash_022_A_08_G_05,22,G05,val,step5_polegar,4,0,0,0.0
365,HandWash_022_A_08_G_05,22,G05,val,step5_polegar,4,1,15,1.0
366,HandWash_022_A_08_G_05,22,G05,val,step5_polegar,4,2,30,2.0
367,HandWash_022_A_08_G_05,22,G05,val,step5_polegar,4,3,45,3.0
368,HandWash_022_A_08_G_05,22,G05,val,step5_polegar,4,4,60,4.0
369,HandWash_022_A_08_G_05,22,G05,val,step5_polegar,4,5,75,5.0
370,HandWash_022_A_08_G_05,22,G05,val,step5_polegar,4,6,90,6.0
371,HandWash_022_A_08_G_05,22,G05,val,step5_polegar,4,7,105,7.0
372,HandWash_022_A_08_G_05,22,G05,val,step5_polegar,4,8,120,8.0
373,HandWash_022_A_08_G_05,22,G05,val,step5_polegar,4,9,135,9.0
2967,HandWash_023_A_08_G_05,23,G05,train,step5_polegar,4,0,0,0.0
2968,HandWash_023_A_08_G_05,23,G05,train,step5_polegar,4,1,8,0.5333
2969,HandWash_023_A_08_G_05,23,G05,train,step5_polegar,4,2,16,1.0667
2970,HandWash_023_A_08_G_05,23,G05,train,step5_polegar,4,3,24,1.6
2971,HandWash_023_A_08_G_05,23,G05,train,step5_polegar,4,4,32,2.1333
2972,HandWash_023_A_08_G_05,23,G05,train,step5_polegar,4,5,40,2.6667
2973,HandWash_023_A_08_G_05,23,G05,train,step5_polegar,4,6,48,3.2
2974,HandWash_023_A_08_G_05,23,G05,train,step5_polegar,4,7,56,3.7333
2975,HandWash_023_A_08_G_05,23,G05,train,step5_polegar,4,8,64,4.2667
2976,HandWash_023_A_08_G_05,23,G05,train,step5_polegar,4,9,72,4.8
2977,HandWash_023_A_08_G_05,23,G05,train,step5_polegar,4,10,80,5.3333
2978,HandWash_023_A_08_G_05,23,G05,train,step5_polegar,4,11,88,5.8667
2979,HandWash_023_A_08_G_05,23,G05,train,step5_polegar,4,12,96,6.4
2980,HandWash_023_A_08_G_05,23,G05,train,step5_polegar,4,13,104,6.9333
2981,HandWash_023_A_08_G_05,23,G05,train,step5_polegar,4,14,112,7.4667
2982,HandWash_023_A_08_G_05,23,G05,train,step5_polegar,4,15,120,8.0
2983,HandWash_023_A_08_G_05,23,G05,train,step5_polegar,4,16,128,8.5333
2984,HandWash_023_A_08_G_05,23,G05,train,step5_polegar,4,17,136,9.0667
2985,HandWash_023_A_08_G_05,23,G05,train,step5_polegar,4,18,144,9.6
2986,HandWash_023_A_08_G_05,23,G05,train,step5_polegar,4,19,152,10.1333
429,HandWash_024_A_08_G_05,24,G05,test,step5_polegar,4,0,0,0.0
430,HandWash_024_A_08_G_05,24,G05,test,step5_polegar,4,1,15,1.0
431,HandWash_024_A_08_G_05,24,G05,test,step5_polegar,4,2,30,2.0
432,HandWash_024_A_08_G_05,24,G05,test,step5_polegar,4,3,45,3.0
433,HandWash_024_A_08_G_05,24,G05,test,step5_polegar,4,4,60,4.0
434,HandWash_024_A_08_G_05,24,G05,test,step5_polegar,4,5,75,5.0
435,HandWash_024_A_08_G_05,24,G05,test,step5_polegar,4,6,90,6.0
2987,HandWash_025_A_08_G_05,25,G05,train,step5_polegar,4,0,0,0.0
2988,HandWash_025_A_08_G_05,25,G05,train,step5_polegar,4,1,8,0.5333
2989,HandWash_025_A_08_G_05,25,G05,train,step5_polegar,4,2,16,1.0667
2990,HandWash_025_A_08_G_05,25,G05,train,step5_polegar,4,3,24,1.6
2991,HandWash_025_A_08_G_05,25,G05,train,step5_polegar,4,4,32,2.1333
2992,HandWash_025_A_08_G_05,25,G05,train,step5_polegar,4,5,40,2.6667
2993,HandWash_025_A_08_G_05,25,G05,train,step5_polegar,4,6,48,3.2
2994,HandWash_025_A_08_G_05,25,G05,train,step5_polegar,4,7,56,3.7333
2995,HandWash_025_A_08_G_05,25,G05,train,step5_polegar,4,8,64,4.2667
2996,HandWash_001_A_09_G_01,1,G01,train,step6_unhas_palma,5,0,0,0.0
2997,HandWash_001_A_09_G_01,1,G01,train,step6_unhas_palma,5,1,8,0.5333
2998,HandWash_001_A_09_G_01,1,G01,train,step6_unhas_palma,5,2,16,1.0667
2999,HandWash_001_A_09_G_01,1,G01,train,step6_unhas_palma,5,3,24,1.6
3000,HandWash_001_A_09_G_01,1,G01,train,step6_unhas_palma,5,4,32,2.1333
3001,HandWash_001_A_09_G_01,1,G01,train,step6_unhas_palma,5,5,40,2.6667
3002,HandWash_001_A_09_G_01,1,G01,train,step6_unhas_palma,5,6,48,3.2
3003,HandWash_001_A_09_G_01,1,G01,train,step6_unhas_palma,5,7,56,3.7333
3004,HandWash_001_A_09_G_01,1,G01,train,step6_unhas_palma,5,8,64,4.2667
3005,HandWash_001_A_09_G_01,1,G01,train,step6_unhas_palma,5,9,72,4.8
3006,HandWash_001_A_09_G_01,1,G01,train,step6_unhas_palma,5,10,80,5.3333
3007,HandWash_001_A_09_G_01,1,G01,train,step6_unhas_palma,5,11,88,5.8667
3008,HandWash_001_A_09_G_01,1,G01,train,step6_unhas_palma,5,12,96,6.4
3009,HandWash_001_A_09_G_01,1,G01,train,step6_unhas_palma,5,13,104,6.9333
436,HandWash_002_A_09_G_01,2,G01,test,step6_unhas_palma,5,0,0,0.0
437,HandWash_002_A_09_G_01,2,G01,test,step6_unhas_palma,5,1,15,1.0
438,HandWash_002_A_09_G_01,2,G01,test,step6_unhas_palma,5,2,30,2.0
439,HandWash_002_A_09_G_01,2,G01,test,step6_unhas_palma,5,3,45,3.0
440,HandWash_002_A_09_G_01,2,G01,test,step6_unhas_palma,5,4,60,4.0
441,HandWash_002_A_09_G_01,2,G01,test,step6_unhas_palma,5,5,75,5.0
442,HandWash_002_A_09_G_01,2,G01,test,step6_unhas_palma,5,6,90,6.0
443,HandWash_002_A_09_G_01,2,G01,test,step6_unhas_palma,5,7,105,7.0
3010,HandWash_003_A_09_G_01,3,G01,train,step6_unhas_palma,5,0,0,0.0
3011,HandWash_003_A_09_G_01,3,G01,train,step6_unhas_palma,5,1,8,0.5333
3012,HandWash_003_A_09_G_01,3,G01,train,step6_unhas_palma,5,2,16,1.0667
3013,HandWash_003_A_09_G_01,3,G01,train,step6_unhas_palma,5,3,24,1.6
3014,HandWash_003_A_09_G_01,3,G01,train,step6_unhas_palma,5,4,32,2.1333
3015,HandWash_003_A_09_G_01,3,G01,train,step6_unhas_palma,5,5,40,2.6667
3016,HandWash_003_A_09_G_01,3,G01,train,step6_unhas_palma,5,6,48,3.2
3017,HandWash_003_A_09_G_01,3,G01,train,step6_unhas_palma,5,7,56,3.7333
3018,HandWash_003_A_09_G_01,3,G01,train,step6_unhas_palma,5,8,64,4.2667
3019,HandWash_003_A_09_G_01,3,G01,train,step6_unhas_palma,5,9,72,4.8
3020,HandWash_003_A_09_G_01,3,G01,train,step6_unhas_palma,5,10,80,5.3333
3021,HandWash_003_A_09_G_01,3,G01,train,step6_unhas_palma,5,11,88,5.8667
3022,HandWash_003_A_09_G_01,3,G01,train,step6_unhas_palma,5,12,96,6.4
3023,HandWash_003_A_09_G_01,3,G01,train,step6_unhas_palma,5,13,104,6.9333
3024,HandWash_003_A_09_G_01,3,G01,train,step6_unhas_palma,5,14,112,7.4667
3025,HandWash_003_A_09_G_01,3,G01,train,step6_unhas_palma,5,15,120,8.0
3026,HandWash_003_A_09_G_01,3,G01,train,step6_unhas_palma,5,16,128,8.5333
374,HandWash_004_A_09_G_01,4,G01,val,step6_unhas_palma,5,0,0,0.0
375,HandWash_004_A_09_G_01,4,G01,val,step6_unhas_palma,5,1,15,1.0
376,HandWash_004_A_09_G_01,4,G01,val,step6_unhas_palma,5,2,30,2.0
377,HandWash_004_A_09_G_01,4,G01,val,step6_unhas_palma,5,3,45,3.0
378,HandWash_004_A_09_G_01,4,G01,val,step6_unhas_palma,5,4,60,4.0
379,HandWash_004_A_09_G_01,4,G01,val,step6_unhas_palma,5,5,75,5.0
380,HandWash_004_A_09_G_01,4,G01,val,step6_unhas_palma,5,6,90,6.0
381,HandWash_004_A_09_G_01,4,G01,val,step6_unhas_palma,5,7,105,7.0
382,HandWash_004_A_09_G_01,4,G01,val,step6_unhas_palma,5,8,120,8.0
383,HandWash_004_A_09_G_01,4,G01,val,step6_unhas_palma,5,9,135,9.0
3027,HandWash_005_A_09_G_01,5,G01,train,step6_unhas_palma,5,0,0,0.0
3028,HandWash_005_A_09_G_01,5,G01,train,step6_unhas_palma,5,1,8,0.5333
3029,HandWash_005_A_09_G_01,5,G01,train,step6_unhas_palma,5,2,16,1.0667
3030,HandWash_005_A_09_G_01,5,G01,train,step6_unhas_palma,5,3,24,1.6
3031,HandWash_005_A_09_G_01,5,G01,train,step6_unhas_palma,5,4,32,2.1333
3032,HandWash_005_A_09_G_01,5,G01,train,step6_unhas_palma,5,5,40,2.6667
3033,HandWash_005_A_09_G_01,5,G01,train,step6_unhas_palma,5,6,48,3.2
3034,HandWash_005_A_09_G_01,5,G01,train,step6_unhas_palma,5,7,56,3.7333
3035,HandWash_005_A_09_G_01,5,G01,train,step6_unhas_palma,5,8,64,4.2667
3036,HandWash_005_A_09_G_01,5,G01,train,step6_unhas_palma,5,9,72,4.8
3037,HandWash_005_A_09_G_01,5,G01,train,step6_unhas_palma,5,10,80,5.3333
3038,HandWash_005_A_09_G_01,5,G01,train,step6_unhas_palma,5,11,88,5.8667
3039,HandWash_005_A_09_G_01,5,G01,train,step6_unhas_palma,5,12,96,6.4
3040,HandWash_005_A_09_G_01,5,G01,train,step6_unhas_palma,5,13,104,6.9333
3041,HandWash_005_A_09_G_01,5,G01,train,step6_unhas_palma,5,14,112,7.4667
3042,HandWash_005_A_09_G_01,5,G01,train,step6_unhas_palma,5,15,120,8.0
3043,HandWash_005_A_09_G_01,5,G01,train,step6_unhas_palma,5,16,128,8.5333
3044,HandWash_005_A_09_G_01,5,G01,train,step6_unhas_palma,5,17,136,9.0667
3045,HandWash_005_A_09_G_01,5,G01,train,step6_unhas_palma,5,18,144,9.6
3046,HandWash_005_A_09_G_01,5,G01,train,step6_unhas_palma,5,19,152,10.1333
3047,HandWash_005_A_09_G_01,5,G01,train,step6_unhas_palma,5,20,160,10.6667
3048,HandWash_005_A_09_G_01,5,G01,train,step6_unhas_palma,5,21,168,11.2
3049,HandWash_006_A_09_G_01,6,G01,train,step6_unhas_palma,5,0,0,0.0
3050,HandWash_006_A_09_G_01,6,G01,train,step6_unhas_palma,5,1,8,0.5333
3051,HandWash_006_A_09_G_01,6,G01,train,step6_unhas_palma,5,2,16,1.0667
3052,HandWash_006_A_09_G_01,6,G01,train,step6_unhas_palma,5,3,24,1.6
3053,HandWash_006_A_09_G_01,6,G01,train,step6_unhas_palma,5,4,32,2.1333
3054,HandWash_006_A_09_G_01,6,G01,train,step6_unhas_palma,5,5,40,2.6667
3055,HandWash_006_A_09_G_01,6,G01,train,step6_unhas_palma,5,6,48,3.2
3056,HandWash_006_A_09_G_01,6,G01,train,step6_unhas_palma,5,7,56,3.7333
3057,HandWash_006_A_09_G_01,6,G01,train,step6_unhas_palma,5,8,64,4.2667
3058,HandWash_006_A_09_G_01,6,G01,train,step6_unhas_palma,5,9,72,4.8
3059,HandWash_006_A_09_G_01,6,G01,train,step6_unhas_palma,5,10,80,5.3333
3060,HandWash_006_A_09_G_01,6,G01,train,step6_unhas_palma,5,11,88,5.8667
3061,HandWash_006_A_09_G_01,6,G01,train,step6_unhas_palma,5,12,96,6.4
3062,HandWash_006_A_09_G_01,6,G01,train,step6_unhas_palma,5,13,104,6.9333
3063,HandWash_006_A_09_G_01,6,G01,train,step6_unhas_palma,5,14,112,7.4667
3064,HandWash_006_A_09_G_01,6,G01,train,step6_unhas_palma,5,15,120,8.0
3065,HandWash_006_A_09_G_01,6,G01,train,step6_unhas_palma,5,16,128,8.5333
3066,HandWash_006_A_09_G_01,6,G01,train,step6_unhas_palma,5,17,136,9.0667
3067,HandWash_006_A_09_G_01,6,G01,train,step6_unhas_palma,5,18,144,9.6
3068,HandWash_006_A_09_G_01,6,G01,train,step6_unhas_palma,5,19,152,10.1333
3069,HandWash_006_A_09_G_01,6,G01,train,step6_unhas_palma,5,20,160,10.6667
3070,HandWash_006_A_09_G_01,6,G01,train,step6_unhas_palma,5,21,168,11.2
3071,HandWash_006_A_09_G_01,6,G01,train,step6_unhas_palma,5,22,176,11.7333
3072,HandWash_006_A_09_G_01,6,G01,train,step6_unhas_palma,5,23,184,12.2667
3073,HandWash_006_A_09_G_01,6,G01,train,step6_unhas_palma,5,24,192,12.8
3074,HandWash_006_A_09_G_01,6,G01,train,step6_unhas_palma,5,25,200,13.3333
444,HandWash_007_A_09_G_01,7,G01,test,step6_unhas_palma,5,0,0,0.0
445,HandWash_007_A_09_G_01,7,G01,test,step6_unhas_palma,5,1,15,1.0
446,HandWash_007_A_09_G_01,7,G01,test,step6_unhas_palma,5,2,30,2.0
447,HandWash_007_A_09_G_01,7,G01,test,step6_unhas_palma,5,3,45,3.0
448,HandWash_007_A_09_G_01,7,G01,test,step6_unhas_palma,5,4,60,4.0
449,HandWash_007_A_09_G_01,7,G01,test,step6_unhas_palma,5,5,75,5.0
450,HandWash_007_A_09_G_01,7,G01,test,step6_unhas_palma,5,6,90,6.0
451,HandWash_007_A_09_G_01,7,G01,test,step6_unhas_palma,5,7,105,7.0
452,HandWash_007_A_09_G_01,7,G01,test,step6_unhas_palma,5,8,120,8.0
453,HandWash_007_A_09_G_01,7,G01,test,step6_unhas_palma,5,9,135,9.0
454,HandWash_007_A_09_G_01,7,G01,test,step6_unhas_palma,5,10,150,10.0
455,HandWash_007_A_09_G_01,7,G01,test,step6_unhas_palma,5,11,165,11.0
456,HandWash_007_A_09_G_01,7,G01,test,step6_unhas_palma,5,12,180,12.0
457,HandWash_007_A_09_G_01,7,G01,test,step6_unhas_palma,5,13,195,13.0
458,HandWash_007_A_09_G_01,7,G01,test,step6_unhas_palma,5,14,210,14.0
459,HandWash_007_A_09_G_01,7,G01,test,step6_unhas_palma,5,15,225,15.0
3075,HandWash_008_A_09_G_01,8,G01,train,step6_unhas_palma,5,0,0,0.0
3076,HandWash_008_A_09_G_01,8,G01,train,step6_unhas_palma,5,1,8,0.5333
3077,HandWash_008_A_09_G_01,8,G01,train,step6_unhas_palma,5,2,16,1.0667
3078,HandWash_008_A_09_G_01,8,G01,train,step6_unhas_palma,5,3,24,1.6
3079,HandWash_008_A_09_G_01,8,G01,train,step6_unhas_palma,5,4,32,2.1333
3080,HandWash_008_A_09_G_01,8,G01,train,step6_unhas_palma,5,5,40,2.6667
3081,HandWash_008_A_09_G_01,8,G01,train,step6_unhas_palma,5,6,48,3.2
3082,HandWash_008_A_09_G_01,8,G01,train,step6_unhas_palma,5,7,56,3.7333
3083,HandWash_008_A_09_G_01,8,G01,train,step6_unhas_palma,5,8,64,4.2667
3084,HandWash_008_A_09_G_01,8,G01,train,step6_unhas_palma,5,9,72,4.8
3085,HandWash_008_A_09_G_01,8,G01,train,step6_unhas_palma,5,10,80,5.3333
3086,HandWash_008_A_09_G_01,8,G01,train,step6_unhas_palma,5,11,88,5.8667
3087,HandWash_008_A_09_G_01,8,G01,train,step6_unhas_palma,5,12,96,6.4
3088,HandWash_008_A_09_G_01,8,G01,train,step6_unhas_palma,5,13,104,6.9333
3089,HandWash_008_A_09_G_01,8,G01,train,step6_unhas_palma,5,14,112,7.4667
3090,HandWash_008_A_09_G_01,8,G01,train,step6_unhas_palma,5,15,120,8.0
3091,HandWash_008_A_09_G_01,8,G01,train,step6_unhas_palma,5,16,128,8.5333
3092,HandWash_008_A_09_G_01,8,G01,train,step6_unhas_palma,5,17,136,9.0667
3093,HandWash_008_A_09_G_01,8,G01,train,step6_unhas_palma,5,18,144,9.6
3094,HandWash_008_A_09_G_01,8,G01,train,step6_unhas_palma,5,19,152,10.1333
3095,HandWash_008_A_09_G_01,8,G01,train,step6_unhas_palma,5,20,160,10.6667
3096,HandWash_008_A_09_G_01,8,G01,train,step6_unhas_palma,5,21,168,11.2
3097,HandWash_008_A_09_G_01,8,G01,train,step6_unhas_palma,5,22,176,11.7333
3098,HandWash_008_A_09_G_01,8,G01,train,step6_unhas_palma,5,23,184,12.2667
3099,HandWash_008_A_09_G_01,8,G01,train,step6_unhas_palma,5,24,192,12.8
3100,HandWash_008_A_09_G_01,8,G01,train,step6_unhas_palma,5,25,200,13.3333
3101,HandWash_008_A_09_G_01,8,G01,train,step6_unhas_palma,5,26,208,13.8667
3102,HandWash_008_A_09_G_01,8,G01,train,step6_unhas_palma,5,27,216,14.4
3103,HandWash_008_A_09_G_01,8,G01,train,step6_unhas_palma,5,28,224,14.9333
3104,HandWash_008_A_09_G_01,8,G01,train,step6_unhas_palma,5,29,232,15.4667
3105,HandWash_008_A_09_G_01,8,G01,train,step6_unhas_palma,5,30,240,16.0
3106,HandWash_008_A_09_G_01,8,G01,train,step6_unhas_palma,5,31,248,16.5333
3107,HandWash_008_A_09_G_01,8,G01,train,step6_unhas_palma,5,32,256,17.0667
3108,HandWash_008_A_09_G_01,8,G01,train,step6_unhas_palma,5,33,264,17.6
3109,HandWash_008_A_09_G_01,8,G01,train,step6_unhas_palma,5,34,272,18.1333
3110,HandWash_008_A_09_G_01,8,G01,train,step6_unhas_palma,5,35,280,18.6667
3111,HandWash_008_A_09_G_01,8,G01,train,step6_unhas_palma,5,36,288,19.2
3112,HandWash_008_A_09_G_01,8,G01,train,step6_unhas_palma,5,37,296,19.7333
3113,HandWash_008_A_09_G_01,8,G01,train,step6_unhas_palma,5,38,304,20.2667
3114,HandWash_008_A_09_G_01,8,G01,train,step6_unhas_palma,5,39,312,20.8
3115,HandWash_008_A_09_G_01,8,G01,train,step6_unhas_palma,5,40,320,21.3333
3116,HandWash_008_A_09_G_01,8,G01,train,step6_unhas_palma,5,41,328,21.8667
3117,HandWash_008_A_09_G_01,8,G01,train,step6_unhas_palma,5,42,336,22.4
3118,HandWash_009_A_09_G_02,9,G02,train,step6_unhas_palma,5,0,0,0.0
3119,HandWash_009_A_09_G_02,9,G02,train,step6_unhas_palma,5,1,8,0.5333
3120,HandWash_009_A_09_G_02,9,G02,train,step6_unhas_palma,5,2,16,1.0667
3121,HandWash_009_A_09_G_02,9,G02,train,step6_unhas_palma,5,3,24,1.6
3122,HandWash_009_A_09_G_02,9,G02,train,step6_unhas_palma,5,4,32,2.1333
3123,HandWash_009_A_09_G_02,9,G02,train,step6_unhas_palma,5,5,40,2.6667
3124,HandWash_009_A_09_G_02,9,G02,train,step6_unhas_palma,5,6,48,3.2
3125,HandWash_009_A_09_G_02,9,G02,train,step6_unhas_palma,5,7,56,3.7333
3126,HandWash_009_A_09_G_02,9,G02,train,step6_unhas_palma,5,8,64,4.2667
3127,HandWash_009_A_09_G_02,9,G02,train,step6_unhas_palma,5,9,72,4.8
3128,HandWash_009_A_09_G_02,9,G02,train,step6_unhas_palma,5,10,80,5.3333
3129,HandWash_009_A_09_G_02,9,G02,train,step6_unhas_palma,5,11,88,5.8667
3130,HandWash_009_A_09_G_02,9,G02,train,step6_unhas_palma,5,12,96,6.4
3131,HandWash_009_A_09_G_02,9,G02,train,step6_unhas_palma,5,13,104,6.9333
3132,HandWash_010_A_09_G_02,10,G02,train,step6_unhas_palma,5,0,0,0.0
3133,HandWash_010_A_09_G_02,10,G02,train,step6_unhas_palma,5,1,8,0.5333
3134,HandWash_010_A_09_G_02,10,G02,train,step6_unhas_palma,5,2,16,1.0667
3135,HandWash_010_A_09_G_02,10,G02,train,step6_unhas_palma,5,3,24,1.6
3136,HandWash_010_A_09_G_02,10,G02,train,step6_unhas_palma,5,4,32,2.1333
3137,HandWash_010_A_09_G_02,10,G02,train,step6_unhas_palma,5,5,40,2.6667
3138,HandWash_010_A_09_G_02,10,G02,train,step6_unhas_palma,5,6,48,3.2
3139,HandWash_010_A_09_G_02,10,G02,train,step6_unhas_palma,5,7,56,3.7333
3140,HandWash_010_A_09_G_02,10,G02,train,step6_unhas_palma,5,8,64,4.2667
3141,HandWash_010_A_09_G_02,10,G02,train,step6_unhas_palma,5,9,72,4.8
3142,HandWash_010_A_09_G_02,10,G02,train,step6_unhas_palma,5,10,80,5.3333
3143,HandWash_010_A_09_G_02,10,G02,train,step6_unhas_palma,5,11,88,5.8667
3144,HandWash_010_A_09_G_02,10,G02,train,step6_unhas_palma,5,12,96,6.4
3145,HandWash_010_A_09_G_02,10,G02,train,step6_unhas_palma,5,13,104,6.9333
3146,HandWash_010_A_09_G_02,10,G02,train,step6_unhas_palma,5,14,112,7.4667
3147,HandWash_010_A_09_G_02,10,G02,train,step6_unhas_palma,5,15,120,8.0
3148,HandWash_010_A_09_G_02,10,G02,train,step6_unhas_palma,5,16,128,8.5333
3149,HandWash_010_A_09_G_02,10,G02,train,step6_unhas_palma,5,17,136,9.0667
3150,HandWash_010_A_09_G_02,10,G02,train,step6_unhas_palma,5,18,144,9.6
3151,HandWash_010_A_09_G_02,10,G02,train,step6_unhas_palma,5,19,152,10.1333
3152,HandWash_010_A_09_G_02,10,G02,train,step6_unhas_palma,5,20,160,10.6667
3153,HandWash_010_A_09_G_02,10,G02,train,step6_unhas_palma,5,21,168,11.2
3154,HandWash_011_A_09_G_02,11,G02,train,step6_unhas_palma,5,0,0,0.0
3155,HandWash_011_A_09_G_02,11,G02,train,step6_unhas_palma,5,1,8,0.5333
3156,HandWash_011_A_09_G_02,11,G02,train,step6_unhas_palma,5,2,16,1.0667
3157,HandWash_011_A_09_G_02,11,G02,train,step6_unhas_palma,5,3,24,1.6
3158,HandWash_011_A_09_G_02,11,G02,train,step6_unhas_palma,5,4,32,2.1333
3159,HandWash_011_A_09_G_02,11,G02,train,step6_unhas_palma,5,5,40,2.6667
3160,HandWash_011_A_09_G_02,11,G02,train,step6_unhas_palma,5,6,48,3.2
3161,HandWash_011_A_09_G_02,11,G02,train,step6_unhas_palma,5,7,56,3.7333
3162,HandWash_011_A_09_G_02,11,G02,train,step6_unhas_palma,5,8,64,4.2667
3163,HandWash_011_A_09_G_02,11,G02,train,step6_unhas_palma,5,9,72,4.8
3164,HandWash_011_A_09_G_02,11,G02,train,step6_unhas_palma,5,10,80,5.3333
3165,HandWash_011_A_09_G_02,11,G02,train,step6_unhas_palma,5,11,88,5.8667
3166,HandWash_011_A_09_G_02,11,G02,train,step6_unhas_palma,5,12,96,6.4
3167,HandWash_011_A_09_G_02,11,G02,train,step6_unhas_palma,5,13,104,6.9333
3168,HandWash_011_A_09_G_02,11,G02,train,step6_unhas_palma,5,14,112,7.4667
3169,HandWash_011_A_09_G_02,11,G02,train,step6_unhas_palma,5,15,120,8.0
3170,HandWash_011_A_09_G_02,11,G02,train,step6_unhas_palma,5,16,128,8.5333
3171,HandWash_011_A_09_G_02,11,G02,train,step6_unhas_palma,5,17,136,9.0667
3172,HandWash_012_A_09_G_03,12,G03,train,step6_unhas_palma,5,0,0,0.0
3173,HandWash_012_A_09_G_03,12,G03,train,step6_unhas_palma,5,1,8,0.5333
3174,HandWash_012_A_09_G_03,12,G03,train,step6_unhas_palma,5,2,16,1.0667
3175,HandWash_012_A_09_G_03,12,G03,train,step6_unhas_palma,5,3,24,1.6
3176,HandWash_012_A_09_G_03,12,G03,train,step6_unhas_palma,5,4,32,2.1333
3177,HandWash_012_A_09_G_03,12,G03,train,step6_unhas_palma,5,5,40,2.6667
3178,HandWash_012_A_09_G_03,12,G03,train,step6_unhas_palma,5,6,48,3.2
3179,HandWash_012_A_09_G_03,12,G03,train,step6_unhas_palma,5,7,56,3.7333
3180,HandWash_012_A_09_G_03,12,G03,train,step6_unhas_palma,5,8,64,4.2667
3181,HandWash_012_A_09_G_03,12,G03,train,step6_unhas_palma,5,9,72,4.8
3182,HandWash_012_A_09_G_03,12,G03,train,step6_unhas_palma,5,10,80,5.3333
3183,HandWash_012_A_09_G_03,12,G03,train,step6_unhas_palma,5,11,88,5.8667
3184,HandWash_012_A_09_G_03,12,G03,train,step6_unhas_palma,5,12,96,6.4
3185,HandWash_012_A_09_G_03,12,G03,train,step6_unhas_palma,5,13,104,6.9333
3186,HandWash_012_A_09_G_03,12,G03,train,step6_unhas_palma,5,14,112,7.4667
3187,HandWash_012_A_09_G_03,12,G03,train,step6_unhas_palma,5,15,120,8.0
3188,HandWash_012_A_09_G_03,12,G03,train,step6_unhas_palma,5,16,128,8.5333
3189,HandWash_012_A_09_G_03,12,G03,train,step6_unhas_palma,5,17,136,9.0667
3190,HandWash_012_A_09_G_03,12,G03,train,step6_unhas_palma,5,18,144,9.6
3191,HandWash_012_A_09_G_03,12,G03,train,step6_unhas_palma,5,19,152,10.1333
3192,HandWash_012_A_09_G_03,12,G03,train,step6_unhas_palma,5,20,160,10.6667
3193,HandWash_012_A_09_G_03,12,G03,train,step6_unhas_palma,5,21,168,11.2
3194,HandWash_012_A_09_G_03,12,G03,train,step6_unhas_palma,5,22,176,11.7333
3195,HandWash_012_A_09_G_03,12,G03,train,step6_unhas_palma,5,23,184,12.2667
3196,HandWash_012_A_09_G_03,12,G03,train,step6_unhas_palma,5,24,192,12.8
460,HandWash_013_A_09_G_03,13,G03,test,step6_unhas_palma,5,0,0,0.0
461,HandWash_013_A_09_G_03,13,G03,test,step6_unhas_palma,5,1,15,1.0
462,HandWash_013_A_09_G_03,13,G03,test,step6_unhas_palma,5,2,30,2.0
463,HandWash_013_A_09_G_03,13,G03,test,step6_unhas_palma,5,3,45,3.0
464,HandWash_013_A_09_G_03,13,G03,test,step6_unhas_palma,5,4,60,4.0
465,HandWash_013_A_09_G_03,13,G03,test,step6_unhas_palma,5,5,75,5.0
466,HandWash_013_A_09_G_03,13,G03,test,step6_unhas_palma,5,6,90,6.0
3197,HandWash_014_A_09_G_03,14,G03,train,step6_unhas_palma,5,0,0,0.0
3198,HandWash_014_A_09_G_03,14,G03,train,step6_unhas_palma,5,1,8,0.5333
3199,HandWash_014_A_09_G_03,14,G03,train,step6_unhas_palma,5,2,16,1.0667
3200,HandWash_014_A_09_G_03,14,G03,train,step6_unhas_palma,5,3,24,1.6
3201,HandWash_014_A_09_G_03,14,G03,train,step6_unhas_palma,5,4,32,2.1333
3202,HandWash_014_A_09_G_03,14,G03,train,step6_unhas_palma,5,5,40,2.6667
3203,HandWash_014_A_09_G_03,14,G03,train,step6_unhas_palma,5,6,48,3.2
3204,HandWash_014_A_09_G_03,14,G03,train,step6_unhas_palma,5,7,56,3.7333
3205,HandWash_014_A_09_G_03,14,G03,train,step6_unhas_palma,5,8,64,4.2667
3206,HandWash_014_A_09_G_03,14,G03,train,step6_unhas_palma,5,9,72,4.8
3207,HandWash_014_A_09_G_03,14,G03,train,step6_unhas_palma,5,10,80,5.3333
3208,HandWash_014_A_09_G_03,14,G03,train,step6_unhas_palma,5,11,88,5.8667
3209,HandWash_014_A_09_G_03,14,G03,train,step6_unhas_palma,5,12,96,6.4
3210,HandWash_014_A_09_G_03,14,G03,train,step6_unhas_palma,5,13,104,6.9333
3211,HandWash_014_A_09_G_03,14,G03,train,step6_unhas_palma,5,14,112,7.4667
3212,HandWash_014_A_09_G_03,14,G03,train,step6_unhas_palma,5,15,120,8.0
3213,HandWash_014_A_09_G_03,14,G03,train,step6_unhas_palma,5,16,128,8.5333
3214,HandWash_014_A_09_G_03,14,G03,train,step6_unhas_palma,5,17,136,9.0667
3215,HandWash_014_A_09_G_03,14,G03,train,step6_unhas_palma,5,18,144,9.6
3216,HandWash_014_A_09_G_03,14,G03,train,step6_unhas_palma,5,19,152,10.1333
3217,HandWash_014_A_09_G_03,14,G03,train,step6_unhas_palma,5,20,160,10.6667
3218,HandWash_014_A_09_G_03,14,G03,train,step6_unhas_palma,5,21,168,11.2
3219,HandWash_015_A_09_G_04,15,G04,train,step6_unhas_palma,5,0,0,0.0
3220,HandWash_015_A_09_G_04,15,G04,train,step6_unhas_palma,5,1,8,0.5333
3221,HandWash_015_A_09_G_04,15,G04,train,step6_unhas_palma,5,2,16,1.0667
3222,HandWash_015_A_09_G_04,15,G04,train,step6_unhas_palma,5,3,24,1.6
3223,HandWash_015_A_09_G_04,15,G04,train,step6_unhas_palma,5,4,32,2.1333
3224,HandWash_015_A_09_G_04,15,G04,train,step6_unhas_palma,5,5,40,2.6667
3225,HandWash_015_A_09_G_04,15,G04,train,step6_unhas_palma,5,6,48,3.2
3226,HandWash_015_A_09_G_04,15,G04,train,step6_unhas_palma,5,7,56,3.7333
3227,HandWash_015_A_09_G_04,15,G04,train,step6_unhas_palma,5,8,64,4.2667
3228,HandWash_015_A_09_G_04,15,G04,train,step6_unhas_palma,5,9,72,4.8
3229,HandWash_015_A_09_G_04,15,G04,train,step6_unhas_palma,5,10,80,5.3333
3230,HandWash_015_A_09_G_04,15,G04,train,step6_unhas_palma,5,11,88,5.8667
3231,HandWash_015_A_09_G_04,15,G04,train,step6_unhas_palma,5,12,96,6.4
3232,HandWash_015_A_09_G_04,15,G04,train,step6_unhas_palma,5,13,104,6.9333
3233,HandWash_015_A_09_G_04,15,G04,train,step6_unhas_palma,5,14,112,7.4667
3234,HandWash_015_A_09_G_04,15,G04,train,step6_unhas_palma,5,15,120,8.0
3235,HandWash_015_A_09_G_04,15,G04,train,step6_unhas_palma,5,16,128,8.5333
3236,HandWash_015_A_09_G_04,15,G04,train,step6_unhas_palma,5,17,136,9.0667
3237,HandWash_015_A_09_G_04,15,G04,train,step6_unhas_palma,5,18,144,9.6
3238,HandWash_015_A_09_G_04,15,G04,train,step6_unhas_palma,5,19,152,10.1333
3239,HandWash_015_A_09_G_04,15,G04,train,step6_unhas_palma,5,20,160,10.6667
3240,HandWash_015_A_09_G_04,15,G04,train,step6_unhas_palma,5,21,168,11.2
384,HandWash_016_A_09_G_04,16,G04,val,step6_unhas_palma,5,0,0,0.0
385,HandWash_016_A_09_G_04,16,G04,val,step6_unhas_palma,5,1,15,1.0
386,HandWash_016_A_09_G_04,16,G04,val,step6_unhas_palma,5,2,30,2.0
387,HandWash_016_A_09_G_04,16,G04,val,step6_unhas_palma,5,3,45,3.0
388,HandWash_016_A_09_G_04,16,G04,val,step6_unhas_palma,5,4,60,4.0
389,HandWash_016_A_09_G_04,16,G04,val,step6_unhas_palma,5,5,75,5.0
390,HandWash_016_A_09_G_04,16,G04,val,step6_unhas_palma,5,6,90,6.0
391,HandWash_016_A_09_G_04,16,G04,val,step6_unhas_palma,5,7,105,7.0
392,HandWash_016_A_09_G_04,16,G04,val,step6_unhas_palma,5,8,120,8.0
393,HandWash_016_A_09_G_04,16,G04,val,step6_unhas_palma,5,9,135,9.0
394,HandWash_016_A_09_G_04,16,G04,val,step6_unhas_palma,5,10,150,10.0
395,HandWash_016_A_09_G_04,16,G04,val,step6_unhas_palma,5,11,165,11.0
396,HandWash_016_A_09_G_04,16,G04,val,step6_unhas_palma,5,12,180,12.0
397,HandWash_016_A_09_G_04,16,G04,val,step6_unhas_palma,5,13,195,13.0
398,HandWash_016_A_09_G_04,16,G04,val,step6_unhas_palma,5,14,210,14.0
399,HandWash_016_A_09_G_04,16,G04,val,step6_unhas_palma,5,15,225,15.0
3241,HandWash_017_A_09_G_04,17,G04,train,step6_unhas_palma,5,0,0,0.0
3242,HandWash_017_A_09_G_04,17,G04,train,step6_unhas_palma,5,1,8,0.5333
3243,HandWash_017_A_09_G_04,17,G04,train,step6_unhas_palma,5,2,16,1.0667
3244,HandWash_017_A_09_G_04,17,G04,train,step6_unhas_palma,5,3,24,1.6
3245,HandWash_017_A_09_G_04,17,G04,train,step6_unhas_palma,5,4,32,2.1333
3246,HandWash_017_A_09_G_04,17,G04,train,step6_unhas_palma,5,5,40,2.6667
3247,HandWash_017_A_09_G_04,17,G04,train,step6_unhas_palma,5,6,48,3.2
3248,HandWash_017_A_09_G_04,17,G04,train,step6_unhas_palma,5,7,56,3.7333
3249,HandWash_017_A_09_G_04,17,G04,train,step6_unhas_palma,5,8,64,4.2667
3250,HandWash_017_A_09_G_04,17,G04,train,step6_unhas_palma,5,9,72,4.8
3251,HandWash_017_A_09_G_04,17,G04,train,step6_unhas_palma,5,10,80,5.3333
3252,HandWash_017_A_09_G_04,17,G04,train,step6_unhas_palma,5,11,88,5.8667
3253,HandWash_017_A_09_G_04,17,G04,train,step6_unhas_palma,5,12,96,6.4
3254,HandWash_017_A_09_G_04,17,G04,train,step6_unhas_palma,5,13,104,6.9333
3255,HandWash_017_A_09_G_04,17,G04,train,step6_unhas_palma,5,14,112,7.4667
3256,HandWash_017_A_09_G_04,17,G04,train,step6_unhas_palma,5,15,120,8.0
3257,HandWash_017_A_09_G_04,17,G04,train,step6_unhas_palma,5,16,128,8.5333
3258,HandWash_017_A_09_G_04,17,G04,train,step6_unhas_palma,5,17,136,9.0667
3259,HandWash_017_A_09_G_04,17,G04,train,step6_unhas_palma,5,18,144,9.6
3260,HandWash_017_A_09_G_04,17,G04,train,step6_unhas_palma,5,19,152,10.1333
3261,HandWash_017_A_09_G_04,17,G04,train,step6_unhas_palma,5,20,160,10.6667
3262,HandWash_017_A_09_G_04,17,G04,train,step6_unhas_palma,5,21,168,11.2
3263,HandWash_018_A_09_G_05,18,G05,train,step6_unhas_palma,5,0,0,0.0
3264,HandWash_018_A_09_G_05,18,G05,train,step6_unhas_palma,5,1,8,0.5333
3265,HandWash_018_A_09_G_05,18,G05,train,step6_unhas_palma,5,2,16,1.0667
3266,HandWash_018_A_09_G_05,18,G05,train,step6_unhas_palma,5,3,24,1.6
3267,HandWash_018_A_09_G_05,18,G05,train,step6_unhas_palma,5,4,32,2.1333
3268,HandWash_018_A_09_G_05,18,G05,train,step6_unhas_palma,5,5,40,2.6667
3269,HandWash_018_A_09_G_05,18,G05,train,step6_unhas_palma,5,6,48,3.2
3270,HandWash_018_A_09_G_05,18,G05,train,step6_unhas_palma,5,7,56,3.7333
3271,HandWash_018_A_09_G_05,18,G05,train,step6_unhas_palma,5,8,64,4.2667
3272,HandWash_018_A_09_G_05,18,G05,train,step6_unhas_palma,5,9,72,4.8
3273,HandWash_018_A_09_G_05,18,G05,train,step6_unhas_palma,5,10,80,5.3333
3274,HandWash_018_A_09_G_05,18,G05,train,step6_unhas_palma,5,11,88,5.8667
3275,HandWash_018_A_09_G_05,18,G05,train,step6_unhas_palma,5,12,96,6.4
3276,HandWash_018_A_09_G_05,18,G05,train,step6_unhas_palma,5,13,104,6.9333
3277,HandWash_018_A_09_G_05,18,G05,train,step6_unhas_palma,5,14,112,7.4667
3278,HandWash_018_A_09_G_05,18,G05,train,step6_unhas_palma,5,15,120,8.0
3279,HandWash_018_A_09_G_05,18,G05,train,step6_unhas_palma,5,16,128,8.5333
3280,HandWash_018_A_09_G_05,18,G05,train,step6_unhas_palma,5,17,136,9.0667
3281,HandWash_018_A_09_G_05,18,G05,train,step6_unhas_palma,5,18,144,9.6
3282,HandWash_018_A_09_G_05,18,G05,train,step6_unhas_palma,5,19,152,10.1333
3283,HandWash_018_A_09_G_05,18,G05,train,step6_unhas_palma,5,20,160,10.6667
3284,HandWash_018_A_09_G_05,18,G05,train,step6_unhas_palma,5,21,168,11.2
3285,HandWash_018_A_09_G_05,18,G05,train,step6_unhas_palma,5,22,176,11.7333
3286,HandWash_018_A_09_G_05,18,G05,train,step6_unhas_palma,5,23,184,12.2667
3287,HandWash_018_A_09_G_05,18,G05,train,step6_unhas_palma,5,24,192,12.8
467,HandWash_019_A_09_G_05,19,G05,test,step6_unhas_palma,5,0,0,0.0
468,HandWash_019_A_09_G_05,19,G05,test,step6_unhas_palma,5,1,15,1.0
469,HandWash_019_A_09_G_05,19,G05,test,step6_unhas_palma,5,2,30,2.0
470,HandWash_019_A_09_G_05,19,G05,test,step6_unhas_palma,5,3,45,3.0
471,HandWash_019_A_09_G_05,19,G05,test,step6_unhas_palma,5,4,60,4.0
472,HandWash_019_A_09_G_05,19,G05,test,step6_unhas_palma,5,5,75,5.0
473,HandWash_019_A_09_G_05,19,G05,test,step6_unhas_palma,5,6,90,6.0
474,HandWash_019_A_09_G_05,19,G05,test,step6_unhas_palma,5,7,105,7.0
475,HandWash_019_A_09_G_05,19,G05,test,step6_unhas_palma,5,8,120,8.0
3288,HandWash_020_A_09_G_05,20,G05,train,step6_unhas_palma,5,0,0,0.0
3289,HandWash_020_A_09_G_05,20,G05,train,step6_unhas_palma,5,1,8,0.5333
3290,HandWash_020_A_09_G_05,20,G05,train,step6_unhas_palma,5,2,16,1.0667
3291,HandWash_020_A_09_G_05,20,G05,train,step6_unhas_palma,5,3,24,1.6
3292,HandWash_020_A_09_G_05,20,G05,train,step6_unhas_palma,5,4,32,2.1333
3293,HandWash_020_A_09_G_05,20,G05,train,step6_unhas_palma,5,5,40,2.6667
3294,HandWash_020_A_09_G_05,20,G05,train,step6_unhas_palma,5,6,48,3.2
3295,HandWash_020_A_09_G_05,20,G05,train,step6_unhas_palma,5,7,56,3.7333
3296,HandWash_020_A_09_G_05,20,G05,train,step6_unhas_palma,5,8,64,4.2667
3297,HandWash_020_A_09_G_05,20,G05,train,step6_unhas_palma,5,9,72,4.8
3298,HandWash_020_A_09_G_05,20,G05,train,step6_unhas_palma,5,10,80,5.3333
3299,HandWash_020_A_09_G_05,20,G05,train,step6_unhas_palma,5,11,88,5.8667
3300,HandWash_020_A_09_G_05,20,G05,train,step6_unhas_palma,5,12,96,6.4
3301,HandWash_020_A_09_G_05,20,G05,train,step6_unhas_palma,5,13,104,6.9333
3302,HandWash_020_A_09_G_05,20,G05,train,step6_unhas_palma,5,14,112,7.4667
3303,HandWash_020_A_09_G_05,20,G05,train,step6_unhas_palma,5,15,120,8.0
400,HandWash_021_A_09_G_05,21,G05,val,step6_unhas_palma,5,0,0,0.0
401,HandWash_021_A_09_G_05,21,G05,val,step6_unhas_palma,5,1,15,1.0
402,HandWash_021_A_09_G_05,21,G05,val,step6_unhas_palma,5,2,30,2.0
403,HandWash_021_A_09_G_05,21,G05,val,step6_unhas_palma,5,3,45,3.0
404,HandWash_021_A_09_G_05,21,G05,val,step6_unhas_palma,5,4,60,4.0
405,HandWash_021_A_09_G_05,21,G05,val,step6_unhas_palma,5,5,75,5.0
406,HandWash_021_A_09_G_05,21,G05,val,step6_unhas_palma,5,6,90,6.0
407,HandWash_021_A_09_G_05,21,G05,val,step6_unhas_palma,5,7,105,7.0
408,HandWash_021_A_09_G_05,21,G05,val,step6_unhas_palma,5,8,120,8.0
409,HandWash_021_A_09_G_05,21,G05,val,step6_unhas_palma,5,9,135,9.0
410,HandWash_022_A_09_G_05,22,G05,val,step6_unhas_palma,5,0,0,0.0
411,HandWash_022_A_09_G_05,22,G05,val,step6_unhas_palma,5,1,15,1.0
412,HandWash_022_A_09_G_05,22,G05,val,step6_unhas_palma,5,2,30,2.0
413,HandWash_022_A_09_G_05,22,G05,val,step6_unhas_palma,5,3,45,3.0
414,HandWash_022_A_09_G_05,22,G05,val,step6_unhas_palma,5,4,60,4.0
415,HandWash_022_A_09_G_05,22,G05,val,step6_unhas_palma,5,5,75,5.0
416,HandWash_022_A_09_G_05,22,G05,val,step6_unhas_palma,5,6,90,6.0
417,HandWash_022_A_09_G_05,22,G05,val,step6_unhas_palma,5,7,105,7.0
418,HandWash_022_A_09_G_05,22,G05,val,step6_unhas_palma,5,8,120,8.0
419,HandWash_022_A_09_G_05,22,G05,val,step6_unhas_palma,5,9,135,9.0
3304,HandWash_023_A_09_G_05,23,G05,train,step6_unhas_palma,5,0,0,0.0
3305,HandWash_023_A_09_G_05,23,G05,train,step6_unhas_palma,5,1,8,0.5333
3306,HandWash_023_A_09_G_05,23,G05,train,step6_unhas_palma,5,2,16,1.0667
3307,HandWash_023_A_09_G_05,23,G05,train,step6_unhas_palma,5,3,24,1.6
3308,HandWash_023_A_09_G_05,23,G05,train,step6_unhas_palma,5,4,32,2.1333
3309,HandWash_023_A_09_G_05,23,G05,train,step6_unhas_palma,5,5,40,2.6667
3310,HandWash_023_A_09_G_05,23,G05,train,step6_unhas_palma,5,6,48,3.2
3311,HandWash_023_A_09_G_05,23,G05,train,step6_unhas_palma,5,7,56,3.7333
476,HandWash_024_A_09_G_05,24,G05,test,step6_unhas_palma,5,0,0,0.0
477,HandWash_024_A_09_G_05,24,G05,test,step6_unhas_palma,5,1,15,1.0
478,HandWash_024_A_09_G_05,24,G05,test,step6_unhas_palma,5,2,30,2.0
479,HandWash_024_A_09_G_05,24,G05,test,step6_unhas_palma,5,3,45,3.0
480,HandWash_024_A_09_G_05,24,G05,test,step6_unhas_palma,5,4,60,4.0
481,HandWash_024_A_09_G_05,24,G05,test,step6_unhas_palma,5,5,75,5.0
482,HandWash_024_A_09_G_05,24,G05,test,step6_unhas_palma,5,6,90,6.0
3312,HandWash_025_A_09_G_05,25,G05,train,step6_unhas_palma,5,0,0,0.0
3313,HandWash_025_A_09_G_05,25,G05,train,step6_unhas_palma,5,1,8,0.5333
3314,HandWash_025_A_09_G_05,25,G05,train,step6_unhas_palma,5,2,16,1.0667
3315,HandWash_025_A_09_G_05,25,G05,train,step6_unhas_palma,5,3,24,1.6
3316,HandWash_025_A_09_G_05,25,G05,train,step6_unhas_palma,5,4,32,2.1333
3317,HandWash_025_A_09_G_05,25,G05,train,step6_unhas_palma,5,5,40,2.6667
3318,HandWash_025_A_09_G_05,25,G05,train,step6_unhas_palma,5,6,48,3.2
3319,HandWash_025_A_09_G_05,25,G05,train,step6_unhas_palma,5,7,56,3.7333
3320,HandWash_025_A_09_G_05,25,G05,train,step6_unhas_palma,5,8,64,4.2667
3321,HandWash_025_A_09_G_05,25,G05,train,step6_unhas_palma,5,9,72,4.8
3322,HandWash_025_A_09_G_05,25,G05,train,step6_unhas_palma,5,10,80,5.3333
3323,HandWash_025_A_09_G_05,25,G05,train,step6_unhas_palma,5,11,88,5.8667
3324,HandWash_001_A_10_G_01,1,G01,train,step6_unhas_palma,5,0,0,0.0
3325,HandWash_001_A_10_G_01,1,G01,train,step6_unhas_palma,5,1,8,0.5333
3326,HandWash_001_A_10_G_01,1,G01,train,step6_unhas_palma,5,2,16,1.0667
3327,HandWash_001_A_10_G_01,1,G01,train,step6_unhas_palma,5,3,24,1.6
3328,HandWash_001_A_10_G_01,1,G01,train,step6_unhas_palma,5,4,32,2.1333
3329,HandWash_001_A_10_G_01,1,G01,train,step6_unhas_palma,5,5,40,2.6667
3330,HandWash_001_A_10_G_01,1,G01,train,step6_unhas_palma,5,6,48,3.2
3331,HandWash_001_A_10_G_01,1,G01,train,step6_unhas_palma,5,7,56,3.7333
3332,HandWash_001_A_10_G_01,1,G01,train,step6_unhas_palma,5,8,64,4.2667
3333,HandWash_001_A_10_G_01,1,G01,train,step6_unhas_palma,5,9,72,4.8
3334,HandWash_001_A_10_G_01,1,G01,train,step6_unhas_palma,5,10,80,5.3333
3335,HandWash_001_A_10_G_01,1,G01,train,step6_unhas_palma,5,11,88,5.8667
3336,HandWash_001_A_10_G_01,1,G01,train,step6_unhas_palma,5,12,96,6.4
3337,HandWash_001_A_10_G_01,1,G01,train,step6_unhas_palma,5,13,104,6.9333
3338,HandWash_001_A_10_G_01,1,G01,train,step6_unhas_palma,5,14,112,7.4667
3339,HandWash_001_A_10_G_01,1,G01,train,step6_unhas_palma,5,15,120,8.0
3340,HandWash_001_A_10_G_01,1,G01,train,step6_unhas_palma,5,16,128,8.5333
3341,HandWash_001_A_10_G_01,1,G01,train,step6_unhas_palma,5,17,136,9.0667
483,HandWash_002_A_10_G_01,2,G01,test,step6_unhas_palma,5,0,0,0.0
484,HandWash_002_A_10_G_01,2,G01,test,step6_unhas_palma,5,1,15,1.0
485,HandWash_002_A_10_G_01,2,G01,test,step6_unhas_palma,5,2,30,2.0
486,HandWash_002_A_10_G_01,2,G01,test,step6_unhas_palma,5,3,45,3.0
487,HandWash_002_A_10_G_01,2,G01,test,step6_unhas_palma,5,4,60,4.0
488,HandWash_002_A_10_G_01,2,G01,test,step6_unhas_palma,5,5,75,5.0
489,HandWash_002_A_10_G_01,2,G01,test,step6_unhas_palma,5,6,90,6.0
490,HandWash_002_A_10_G_01,2,G01,test,step6_unhas_palma,5,7,105,7.0
491,HandWash_002_A_10_G_01,2,G01,test,step6_unhas_palma,5,8,120,8.0
492,HandWash_002_A_10_G_01,2,G01,test,step6_unhas_palma,5,9,135,9.0
3342,HandWash_003_A_10_G_01,3,G01,train,step6_unhas_palma,5,0,0,0.0
3343,HandWash_003_A_10_G_01,3,G01,train,step6_unhas_palma,5,1,8,0.5333
3344,HandWash_003_A_10_G_01,3,G01,train,step6_unhas_palma,5,2,16,1.0667
3345,HandWash_003_A_10_G_01,3,G01,train,step6_unhas_palma,5,3,24,1.6
3346,HandWash_003_A_10_G_01,3,G01,train,step6_unhas_palma,5,4,32,2.1333
3347,HandWash_003_A_10_G_01,3,G01,train,step6_unhas_palma,5,5,40,2.6667
3348,HandWash_003_A_10_G_01,3,G01,train,step6_unhas_palma,5,6,48,3.2
3349,HandWash_003_A_10_G_01,3,G01,train,step6_unhas_palma,5,7,56,3.7333
3350,HandWash_003_A_10_G_01,3,G01,train,step6_unhas_palma,5,8,64,4.2667
3351,HandWash_003_A_10_G_01,3,G01,train,step6_unhas_palma,5,9,72,4.8
3352,HandWash_003_A_10_G_01,3,G01,train,step6_unhas_palma,5,10,80,5.3333
3353,HandWash_003_A_10_G_01,3,G01,train,step6_unhas_palma,5,11,88,5.8667
3354,HandWash_003_A_10_G_01,3,G01,train,step6_unhas_palma,5,12,96,6.4
3355,HandWash_003_A_10_G_01,3,G01,train,step6_unhas_palma,5,13,104,6.9333
3356,HandWash_003_A_10_G_01,3,G01,train,step6_unhas_palma,5,14,112,7.4667
3357,HandWash_003_A_10_G_01,3,G01,train,step6_unhas_palma,5,15,120,8.0
3358,HandWash_003_A_10_G_01,3,G01,train,step6_unhas_palma,5,16,128,8.5333
420,HandWash_004_A_10_G_01,4,G01,val,step6_unhas_palma,5,0,0,0.0
421,HandWash_004_A_10_G_01,4,G01,val,step6_unhas_palma,5,1,15,1.0
422,HandWash_004_A_10_G_01,4,G01,val,step6_unhas_palma,5,2,30,2.0
423,HandWash_004_A_10_G_01,4,G01,val,step6_unhas_palma,5,3,45,3.0
424,HandWash_004_A_10_G_01,4,G01,val,step6_unhas_palma,5,4,60,4.0
3359,HandWash_005_A_10_G_01,5,G01,train,step6_unhas_palma,5,0,0,0.0
3360,HandWash_005_A_10_G_01,5,G01,train,step6_unhas_palma,5,1,8,0.5333
3361,HandWash_005_A_10_G_01,5,G01,train,step6_unhas_palma,5,2,16,1.0667
3362,HandWash_005_A_10_G_01,5,G01,train,step6_unhas_palma,5,3,24,1.6
3363,HandWash_005_A_10_G_01,5,G01,train,step6_unhas_palma,5,4,32,2.1333
3364,HandWash_005_A_10_G_01,5,G01,train,step6_unhas_palma,5,5,40,2.6667
3365,HandWash_005_A_10_G_01,5,G01,train,step6_unhas_palma,5,6,48,3.2
3366,HandWash_005_A_10_G_01,5,G01,train,step6_unhas_palma,5,7,56,3.7333
3367,HandWash_005_A_10_G_01,5,G01,train,step6_unhas_palma,5,8,64,4.2667
3368,HandWash_005_A_10_G_01,5,G01,train,step6_unhas_palma,5,9,72,4.8
3369,HandWash_005_A_10_G_01,5,G01,train,step6_unhas_palma,5,10,80,5.3333
3370,HandWash_005_A_10_G_01,5,G01,train,step6_unhas_palma,5,11,88,5.8667
3371,HandWash_005_A_10_G_01,5,G01,train,step6_unhas_palma,5,12,96,6.4
3372,HandWash_005_A_10_G_01,5,G01,train,step6_unhas_palma,5,13,104,6.9333
3373,HandWash_005_A_10_G_01,5,G01,train,step6_unhas_palma,5,14,112,7.4667
3374,HandWash_005_A_10_G_01,5,G01,train,step6_unhas_palma,5,15,120,8.0
3375,HandWash_005_A_10_G_01,5,G01,train,step6_unhas_palma,5,16,128,8.5333
3376,HandWash_006_A_10_G_01,6,G01,train,step6_unhas_palma,5,0,0,0.0
3377,HandWash_006_A_10_G_01,6,G01,train,step6_unhas_palma,5,1,8,0.5333
3378,HandWash_006_A_10_G_01,6,G01,train,step6_unhas_palma,5,2,16,1.0667
3379,HandWash_006_A_10_G_01,6,G01,train,step6_unhas_palma,5,3,24,1.6
3380,HandWash_006_A_10_G_01,6,G01,train,step6_unhas_palma,5,4,32,2.1333
3381,HandWash_006_A_10_G_01,6,G01,train,step6_unhas_palma,5,5,40,2.6667
3382,HandWash_006_A_10_G_01,6,G01,train,step6_unhas_palma,5,6,48,3.2
3383,HandWash_006_A_10_G_01,6,G01,train,step6_unhas_palma,5,7,56,3.7333
3384,HandWash_006_A_10_G_01,6,G01,train,step6_unhas_palma,5,8,64,4.2667
3385,HandWash_006_A_10_G_01,6,G01,train,step6_unhas_palma,5,9,72,4.8
3386,HandWash_006_A_10_G_01,6,G01,train,step6_unhas_palma,5,10,80,5.3333
3387,HandWash_006_A_10_G_01,6,G01,train,step6_unhas_palma,5,11,88,5.8667
3388,HandWash_006_A_10_G_01,6,G01,train,step6_unhas_palma,5,12,96,6.4
3389,HandWash_006_A_10_G_01,6,G01,train,step6_unhas_palma,5,13,104,6.9333
3390,HandWash_006_A_10_G_01,6,G01,train,step6_unhas_palma,5,14,112,7.4667
3391,HandWash_006_A_10_G_01,6,G01,train,step6_unhas_palma,5,15,120,8.0
3392,HandWash_006_A_10_G_01,6,G01,train,step6_unhas_palma,5,16,128,8.5333
3393,HandWash_006_A_10_G_01,6,G01,train,step6_unhas_palma,5,17,136,9.0667
3394,HandWash_006_A_10_G_01,6,G01,train,step6_unhas_palma,5,18,144,9.6
3395,HandWash_006_A_10_G_01,6,G01,train,step6_unhas_palma,5,19,152,10.1333
3396,HandWash_006_A_10_G_01,6,G01,train,step6_unhas_palma,5,20,160,10.6667
3397,HandWash_006_A_10_G_01,6,G01,train,step6_unhas_palma,5,21,168,11.2
3398,HandWash_006_A_10_G_01,6,G01,train,step6_unhas_palma,5,22,176,11.7333
3399,HandWash_006_A_10_G_01,6,G01,train,step6_unhas_palma,5,23,184,12.2667
3400,HandWash_006_A_10_G_01,6,G01,train,step6_unhas_palma,5,24,192,12.8
3401,HandWash_006_A_10_G_01,6,G01,train,step6_unhas_palma,5,25,200,13.3333
3402,HandWash_006_A_10_G_01,6,G01,train,step6_unhas_palma,5,26,208,13.8667
3403,HandWash_006_A_10_G_01,6,G01,train,step6_unhas_palma,5,27,216,14.4
3404,HandWash_006_A_10_G_01,6,G01,train,step6_unhas_palma,5,28,224,14.9333
3405,HandWash_006_A_10_G_01,6,G01,train,step6_unhas_palma,5,29,232,15.4667
3406,HandWash_006_A_10_G_01,6,G01,train,step6_unhas_palma,5,30,240,16.0
493,HandWash_007_A_10_G_01,7,G01,test,step6_unhas_palma,5,0,0,0.0
494,HandWash_007_A_10_G_01,7,G01,test,step6_unhas_palma,5,1,15,1.0
495,HandWash_007_A_10_G_01,7,G01,test,step6_unhas_palma,5,2,30,2.0
496,HandWash_007_A_10_G_01,7,G01,test,step6_unhas_palma,5,3,45,3.0
497,HandWash_007_A_10_G_01,7,G01,test,step6_unhas_palma,5,4,60,4.0
498,HandWash_007_A_10_G_01,7,G01,test,step6_unhas_palma,5,5,75,5.0
499,HandWash_007_A_10_G_01,7,G01,test,step6_unhas_palma,5,6,90,6.0
500,HandWash_007_A_10_G_01,7,G01,test,step6_unhas_palma,5,7,105,7.0
501,HandWash_007_A_10_G_01,7,G01,test,step6_unhas_palma,5,8,120,8.0
502,HandWash_007_A_10_G_01,7,G01,test,step6_unhas_palma,5,9,135,9.0
503,HandWash_007_A_10_G_01,7,G01,test,step6_unhas_palma,5,10,150,10.0
504,HandWash_007_A_10_G_01,7,G01,test,step6_unhas_palma,5,11,165,11.0
505,HandWash_007_A_10_G_01,7,G01,test,step6_unhas_palma,5,12,180,12.0
506,HandWash_007_A_10_G_01,7,G01,test,step6_unhas_palma,5,13,195,13.0
507,HandWash_007_A_10_G_01,7,G01,test,step6_unhas_palma,5,14,210,14.0
508,HandWash_007_A_10_G_01,7,G01,test,step6_unhas_palma,5,15,225,15.0
509,HandWash_007_A_10_G_01,7,G01,test,step6_unhas_palma,5,16,240,16.0
510,HandWash_007_A_10_G_01,7,G01,test,step6_unhas_palma,5,17,255,17.0
511,HandWash_007_A_10_G_01,7,G01,test,step6_unhas_palma,5,18,270,18.0
3407,HandWash_008_A_10_G_01,8,G01,train,step6_unhas_palma,5,0,0,0.0
3408,HandWash_008_A_10_G_01,8,G01,train,step6_unhas_palma,5,1,8,0.5333
3409,HandWash_008_A_10_G_01,8,G01,train,step6_unhas_palma,5,2,16,1.0667
3410,HandWash_008_A_10_G_01,8,G01,train,step6_unhas_palma,5,3,24,1.6
3411,HandWash_008_A_10_G_01,8,G01,train,step6_unhas_palma,5,4,32,2.1333
3412,HandWash_008_A_10_G_01,8,G01,train,step6_unhas_palma,5,5,40,2.6667
3413,HandWash_008_A_10_G_01,8,G01,train,step6_unhas_palma,5,6,48,3.2
3414,HandWash_008_A_10_G_01,8,G01,train,step6_unhas_palma,5,7,56,3.7333
3415,HandWash_008_A_10_G_01,8,G01,train,step6_unhas_palma,5,8,64,4.2667
3416,HandWash_008_A_10_G_01,8,G01,train,step6_unhas_palma,5,9,72,4.8
3417,HandWash_008_A_10_G_01,8,G01,train,step6_unhas_palma,5,10,80,5.3333
3418,HandWash_008_A_10_G_01,8,G01,train,step6_unhas_palma,5,11,88,5.8667
3419,HandWash_008_A_10_G_01,8,G01,train,step6_unhas_palma,5,12,96,6.4
3420,HandWash_008_A_10_G_01,8,G01,train,step6_unhas_palma,5,13,104,6.9333
3421,HandWash_008_A_10_G_01,8,G01,train,step6_unhas_palma,5,14,112,7.4667
3422,HandWash_008_A_10_G_01,8,G01,train,step6_unhas_palma,5,15,120,8.0
3423,HandWash_008_A_10_G_01,8,G01,train,step6_unhas_palma,5,16,128,8.5333
3424,HandWash_008_A_10_G_01,8,G01,train,step6_unhas_palma,5,17,136,9.0667
3425,HandWash_008_A_10_G_01,8,G01,train,step6_unhas_palma,5,18,144,9.6
3426,HandWash_008_A_10_G_01,8,G01,train,step6_unhas_palma,5,19,152,10.1333
3427,HandWash_008_A_10_G_01,8,G01,train,step6_unhas_palma,5,20,160,10.6667
3428,HandWash_008_A_10_G_01,8,G01,train,step6_unhas_palma,5,21,168,11.2
3429,HandWash_008_A_10_G_01,8,G01,train,step6_unhas_palma,5,22,176,11.7333
3430,HandWash_008_A_10_G_01,8,G01,train,step6_unhas_palma,5,23,184,12.2667
3431,HandWash_008_A_10_G_01,8,G01,train,step6_unhas_palma,5,24,192,12.8
3432,HandWash_008_A_10_G_01,8,G01,train,step6_unhas_palma,5,25,200,13.3333
3433,HandWash_008_A_10_G_01,8,G01,train,step6_unhas_palma,5,26,208,13.8667
3434,HandWash_008_A_10_G_01,8,G01,train,step6_unhas_palma,5,27,216,14.4
3435,HandWash_008_A_10_G_01,8,G01,train,step6_unhas_palma,5,28,224,14.9333
3436,HandWash_008_A_10_G_01,8,G01,train,step6_unhas_palma,5,29,232,15.4667
3437,HandWash_008_A_10_G_01,8,G01,train,step6_unhas_palma,5,30,240,16.0
3438,HandWash_009_A_10_G_02,9,G02,train,step6_unhas_palma,5,0,0,0.0
3439,HandWash_009_A_10_G_02,9,G02,train,step6_unhas_palma,5,1,8,0.5333
3440,HandWash_009_A_10_G_02,9,G02,train,step6_unhas_palma,5,2,16,1.0667
3441,HandWash_009_A_10_G_02,9,G02,train,step6_unhas_palma,5,3,24,1.6
3442,HandWash_009_A_10_G_02,9,G02,train,step6_unhas_palma,5,4,32,2.1333
3443,HandWash_009_A_10_G_02,9,G02,train,step6_unhas_palma,5,5,40,2.6667
3444,HandWash_009_A_10_G_02,9,G02,train,step6_unhas_palma,5,6,48,3.2
3445,HandWash_009_A_10_G_02,9,G02,train,step6_unhas_palma,5,7,56,3.7333
3446,HandWash_009_A_10_G_02,9,G02,train,step6_unhas_palma,5,8,64,4.2667
3447,HandWash_009_A_10_G_02,9,G02,train,step6_unhas_palma,5,9,72,4.8
3448,HandWash_009_A_10_G_02,9,G02,train,step6_unhas_palma,5,10,80,5.3333
3449,HandWash_009_A_10_G_02,9,G02,train,step6_unhas_palma,5,11,88,5.8667
3450,HandWash_009_A_10_G_02,9,G02,train,step6_unhas_palma,5,12,96,6.4
3451,HandWash_009_A_10_G_02,9,G02,train,step6_unhas_palma,5,13,104,6.9333
3452,HandWash_010_A_10_G_02,10,G02,train,step6_unhas_palma,5,0,0,0.0
3453,HandWash_010_A_10_G_02,10,G02,train,step6_unhas_palma,5,1,8,0.5333
3454,HandWash_010_A_10_G_02,10,G02,train,step6_unhas_palma,5,2,16,1.0667
3455,HandWash_010_A_10_G_02,10,G02,train,step6_unhas_palma,5,3,24,1.6
3456,HandWash_010_A_10_G_02,10,G02,train,step6_unhas_palma,5,4,32,2.1333
3457,HandWash_010_A_10_G_02,10,G02,train,step6_unhas_palma,5,5,40,2.6667
3458,HandWash_010_A_10_G_02,10,G02,train,step6_unhas_palma,5,6,48,3.2
3459,HandWash_010_A_10_G_02,10,G02,train,step6_unhas_palma,5,7,56,3.7333
3460,HandWash_010_A_10_G_02,10,G02,train,step6_unhas_palma,5,8,64,4.2667
3461,HandWash_010_A_10_G_02,10,G02,train,step6_unhas_palma,5,9,72,4.8
3462,HandWash_010_A_10_G_02,10,G02,train,step6_unhas_palma,5,10,80,5.3333
3463,HandWash_010_A_10_G_02,10,G02,train,step6_unhas_palma,5,11,88,5.8667
3464,HandWash_010_A_10_G_02,10,G02,train,step6_unhas_palma,5,12,96,6.4
3465,HandWash_010_A_10_G_02,10,G02,train,step6_unhas_palma,5,13,104,6.9333
3466,HandWash_011_A_10_G_02,11,G02,train,step6_unhas_palma,5,0,0,0.0
3467,HandWash_011_A_10_G_02,11,G02,train,step6_unhas_palma,5,1,8,0.5333
3468,HandWash_011_A_10_G_02,11,G02,train,step6_unhas_palma,5,2,16,1.0667
3469,HandWash_011_A_10_G_02,11,G02,train,step6_unhas_palma,5,3,24,1.6
3470,HandWash_011_A_10_G_02,11,G02,train,step6_unhas_palma,5,4,32,2.1333
3471,HandWash_011_A_10_G_02,11,G02,train,step6_unhas_palma,5,5,40,2.6667
3472,HandWash_011_A_10_G_02,11,G02,train,step6_unhas_palma,5,6,48,3.2
3473,HandWash_011_A_10_G_02,11,G02,train,step6_unhas_palma,5,7,56,3.7333
3474,HandWash_011_A_10_G_02,11,G02,train,step6_unhas_palma,5,8,64,4.2667
3475,HandWash_011_A_10_G_02,11,G02,train,step6_unhas_palma,5,9,72,4.8
3476,HandWash_011_A_10_G_02,11,G02,train,step6_unhas_palma,5,10,80,5.3333
3477,HandWash_011_A_10_G_02,11,G02,train,step6_unhas_palma,5,11,88,5.8667
3478,HandWash_011_A_10_G_02,11,G02,train,step6_unhas_palma,5,12,96,6.4
3479,HandWash_011_A_10_G_02,11,G02,train,step6_unhas_palma,5,13,104,6.9333
3480,HandWash_012_A_10_G_03,12,G03,train,step6_unhas_palma,5,0,0,0.0
3481,HandWash_012_A_10_G_03,12,G03,train,step6_unhas_palma,5,1,8,0.5333
3482,HandWash_012_A_10_G_03,12,G03,train,step6_unhas_palma,5,2,16,1.0667
3483,HandWash_012_A_10_G_03,12,G03,train,step6_unhas_palma,5,3,24,1.6
3484,HandWash_012_A_10_G_03,12,G03,train,step6_unhas_palma,5,4,32,2.1333
3485,HandWash_012_A_10_G_03,12,G03,train,step6_unhas_palma,5,5,40,2.6667
3486,HandWash_012_A_10_G_03,12,G03,train,step6_unhas_palma,5,6,48,3.2
3487,HandWash_012_A_10_G_03,12,G03,train,step6_unhas_palma,5,7,56,3.7333
3488,HandWash_012_A_10_G_03,12,G03,train,step6_unhas_palma,5,8,64,4.2667
512,HandWash_013_A_10_G_03,13,G03,test,step6_unhas_palma,5,0,0,0.0
513,HandWash_013_A_10_G_03,13,G03,test,step6_unhas_palma,5,1,15,1.0
514,HandWash_013_A_10_G_03,13,G03,test,step6_unhas_palma,5,2,30,2.0
515,HandWash_013_A_10_G_03,13,G03,test,step6_unhas_palma,5,3,45,3.0
516,HandWash_013_A_10_G_03,13,G03,test,step6_unhas_palma,5,4,60,4.0
517,HandWash_013_A_10_G_03,13,G03,test,step6_unhas_palma,5,5,75,5.0
518,HandWash_013_A_10_G_03,13,G03,test,step6_unhas_palma,5,6,90,6.0
519,HandWash_013_A_10_G_03,13,G03,test,step6_unhas_palma,5,7,105,7.0
520,HandWash_013_A_10_G_03,13,G03,test,step6_unhas_palma,5,8,120,8.0
521,HandWash_013_A_10_G_03,13,G03,test,step6_unhas_palma,5,9,135,9.0
522,HandWash_013_A_10_G_03,13,G03,test,step6_unhas_palma,5,10,150,10.0
523,HandWash_013_A_10_G_03,13,G03,test,step6_unhas_palma,5,11,165,11.0
3489,HandWash_014_A_10_G_03,14,G03,train,step6_unhas_palma,5,0,0,0.0
3490,HandWash_014_A_10_G_03,14,G03,train,step6_unhas_palma,5,1,8,0.5333
3491,HandWash_014_A_10_G_03,14,G03,train,step6_unhas_palma,5,2,16,1.0667
3492,HandWash_014_A_10_G_03,14,G03,train,step6_unhas_palma,5,3,24,1.6
3493,HandWash_014_A_10_G_03,14,G03,train,step6_unhas_palma,5,4,32,2.1333
3494,HandWash_014_A_10_G_03,14,G03,train,step6_unhas_palma,5,5,40,2.6667
3495,HandWash_014_A_10_G_03,14,G03,train,step6_unhas_palma,5,6,48,3.2
3496,HandWash_014_A_10_G_03,14,G03,train,step6_unhas_palma,5,7,56,3.7333
3497,HandWash_014_A_10_G_03,14,G03,train,step6_unhas_palma,5,8,64,4.2667
3498,HandWash_015_A_10_G_04,15,G04,train,step6_unhas_palma,5,0,0,0.0
3499,HandWash_015_A_10_G_04,15,G04,train,step6_unhas_palma,5,1,8,0.5333
3500,HandWash_015_A_10_G_04,15,G04,train,step6_unhas_palma,5,2,16,1.0667
3501,HandWash_015_A_10_G_04,15,G04,train,step6_unhas_palma,5,3,24,1.6
3502,HandWash_015_A_10_G_04,15,G04,train,step6_unhas_palma,5,4,32,2.1333
3503,HandWash_015_A_10_G_04,15,G04,train,step6_unhas_palma,5,5,40,2.6667
3504,HandWash_015_A_10_G_04,15,G04,train,step6_unhas_palma,5,6,48,3.2
3505,HandWash_015_A_10_G_04,15,G04,train,step6_unhas_palma,5,7,56,3.7333
3506,HandWash_015_A_10_G_04,15,G04,train,step6_unhas_palma,5,8,64,4.2667
3507,HandWash_015_A_10_G_04,15,G04,train,step6_unhas_palma,5,9,72,4.8
3508,HandWash_015_A_10_G_04,15,G04,train,step6_unhas_palma,5,10,80,5.3333
3509,HandWash_015_A_10_G_04,15,G04,train,step6_unhas_palma,5,11,88,5.8667
3510,HandWash_015_A_10_G_04,15,G04,train,step6_unhas_palma,5,12,96,6.4
3511,HandWash_015_A_10_G_04,15,G04,train,step6_unhas_palma,5,13,104,6.9333
3512,HandWash_015_A_10_G_04,15,G04,train,step6_unhas_palma,5,14,112,7.4667
3513,HandWash_015_A_10_G_04,15,G04,train,step6_unhas_palma,5,15,120,8.0
3514,HandWash_015_A_10_G_04,15,G04,train,step6_unhas_palma,5,16,128,8.5333
3515,HandWash_015_A_10_G_04,15,G04,train,step6_unhas_palma,5,17,136,9.0667
3516,HandWash_015_A_10_G_04,15,G04,train,step6_unhas_palma,5,18,144,9.6
3517,HandWash_015_A_10_G_04,15,G04,train,step6_unhas_palma,5,19,152,10.1333
3518,HandWash_015_A_10_G_04,15,G04,train,step6_unhas_palma,5,20,160,10.6667
3519,HandWash_015_A_10_G_04,15,G04,train,step6_unhas_palma,5,21,168,11.2
3520,HandWash_015_A_10_G_04,15,G04,train,step6_unhas_palma,5,22,176,11.7333
3521,HandWash_015_A_10_G_04,15,G04,train,step6_unhas_palma,5,23,184,12.2667
3522,HandWash_015_A_10_G_04,15,G04,train,step6_unhas_palma,5,24,192,12.8
3523,HandWash_015_A_10_G_04,15,G04,train,step6_unhas_palma,5,25,200,13.3333
425,HandWash_016_A_10_G_04,16,G04,val,step6_unhas_palma,5,0,0,0.0
426,HandWash_016_A_10_G_04,16,G04,val,step6_unhas_palma,5,1,15,1.0
427,HandWash_016_A_10_G_04,16,G04,val,step6_unhas_palma,5,2,30,2.0
428,HandWash_016_A_10_G_04,16,G04,val,step6_unhas_palma,5,3,45,3.0
429,HandWash_016_A_10_G_04,16,G04,val,step6_unhas_palma,5,4,60,4.0
430,HandWash_016_A_10_G_04,16,G04,val,step6_unhas_palma,5,5,75,5.0
431,HandWash_016_A_10_G_04,16,G04,val,step6_unhas_palma,5,6,90,6.0
432,HandWash_016_A_10_G_04,16,G04,val,step6_unhas_palma,5,7,105,7.0
433,HandWash_016_A_10_G_04,16,G04,val,step6_unhas_palma,5,8,120,8.0
434,HandWash_016_A_10_G_04,16,G04,val,step6_unhas_palma,5,9,135,9.0
435,HandWash_016_A_10_G_04,16,G04,val,step6_unhas_palma,5,10,150,10.0
436,HandWash_016_A_10_G_04,16,G04,val,step6_unhas_palma,5,11,165,11.0
437,HandWash_016_A_10_G_04,16,G04,val,step6_unhas_palma,5,12,180,12.0
438,HandWash_016_A_10_G_04,16,G04,val,step6_unhas_palma,5,13,195,13.0
3524,HandWash_017_A_10_G_04,17,G04,train,step6_unhas_palma,5,0,0,0.0
3525,HandWash_017_A_10_G_04,17,G04,train,step6_unhas_palma,5,1,8,0.5333
3526,HandWash_017_A_10_G_04,17,G04,train,step6_unhas_palma,5,2,16,1.0667
3527,HandWash_017_A_10_G_04,17,G04,train,step6_unhas_palma,5,3,24,1.6
3528,HandWash_017_A_10_G_04,17,G04,train,step6_unhas_palma,5,4,32,2.1333
3529,HandWash_017_A_10_G_04,17,G04,train,step6_unhas_palma,5,5,40,2.6667
3530,HandWash_017_A_10_G_04,17,G04,train,step6_unhas_palma,5,6,48,3.2
3531,HandWash_017_A_10_G_04,17,G04,train,step6_unhas_palma,5,7,56,3.7333
3532,HandWash_017_A_10_G_04,17,G04,train,step6_unhas_palma,5,8,64,4.2667
3533,HandWash_017_A_10_G_04,17,G04,train,step6_unhas_palma,5,9,72,4.8
3534,HandWash_017_A_10_G_04,17,G04,train,step6_unhas_palma,5,10,80,5.3333
3535,HandWash_017_A_10_G_04,17,G04,train,step6_unhas_palma,5,11,88,5.8667
3536,HandWash_017_A_10_G_04,17,G04,train,step6_unhas_palma,5,12,96,6.4
3537,HandWash_017_A_10_G_04,17,G04,train,step6_unhas_palma,5,13,104,6.9333
3538,HandWash_017_A_10_G_04,17,G04,train,step6_unhas_palma,5,14,112,7.4667
3539,HandWash_017_A_10_G_04,17,G04,train,step6_unhas_palma,5,15,120,8.0
3540,HandWash_017_A_10_G_04,17,G04,train,step6_unhas_palma,5,16,128,8.5333
3541,HandWash_017_A_10_G_04,17,G04,train,step6_unhas_palma,5,17,136,9.0667
3542,HandWash_018_A_10_G_05,18,G05,train,step6_unhas_palma,5,0,0,0.0
3543,HandWash_018_A_10_G_05,18,G05,train,step6_unhas_palma,5,1,8,0.5333
3544,HandWash_018_A_10_G_05,18,G05,train,step6_unhas_palma,5,2,16,1.0667
3545,HandWash_018_A_10_G_05,18,G05,train,step6_unhas_palma,5,3,24,1.6
3546,HandWash_018_A_10_G_05,18,G05,train,step6_unhas_palma,5,4,32,2.1333
3547,HandWash_018_A_10_G_05,18,G05,train,step6_unhas_palma,5,5,40,2.6667
3548,HandWash_018_A_10_G_05,18,G05,train,step6_unhas_palma,5,6,48,3.2
3549,HandWash_018_A_10_G_05,18,G05,train,step6_unhas_palma,5,7,56,3.7333
3550,HandWash_018_A_10_G_05,18,G05,train,step6_unhas_palma,5,8,64,4.2667
3551,HandWash_018_A_10_G_05,18,G05,train,step6_unhas_palma,5,9,72,4.8
3552,HandWash_018_A_10_G_05,18,G05,train,step6_unhas_palma,5,10,80,5.3333
524,HandWash_019_A_10_G_05,19,G05,test,step6_unhas_palma,5,0,0,0.0
525,HandWash_019_A_10_G_05,19,G05,test,step6_unhas_palma,5,1,15,1.0
526,HandWash_019_A_10_G_05,19,G05,test,step6_unhas_palma,5,2,30,2.0
527,HandWash_019_A_10_G_05,19,G05,test,step6_unhas_palma,5,3,45,3.0
528,HandWash_019_A_10_G_05,19,G05,test,step6_unhas_palma,5,4,60,4.0
529,HandWash_019_A_10_G_05,19,G05,test,step6_unhas_palma,5,5,75,5.0
530,HandWash_019_A_10_G_05,19,G05,test,step6_unhas_palma,5,6,90,6.0
531,HandWash_019_A_10_G_05,19,G05,test,step6_unhas_palma,5,7,105,7.0
532,HandWash_019_A_10_G_05,19,G05,test,step6_unhas_palma,5,8,120,8.0
533,HandWash_019_A_10_G_05,19,G05,test,step6_unhas_palma,5,9,135,9.0
3553,HandWash_020_A_10_G_05,20,G05,train,step6_unhas_palma,5,0,0,0.0
3554,HandWash_020_A_10_G_05,20,G05,train,step6_unhas_palma,5,1,8,0.5333
3555,HandWash_020_A_10_G_05,20,G05,train,step6_unhas_palma,5,2,16,1.0667
3556,HandWash_020_A_10_G_05,20,G05,train,step6_unhas_palma,5,3,24,1.6
3557,HandWash_020_A_10_G_05,20,G05,train,step6_unhas_palma,5,4,32,2.1333
3558,HandWash_020_A_10_G_05,20,G05,train,step6_unhas_palma,5,5,40,2.6667
3559,HandWash_020_A_10_G_05,20,G05,train,step6_unhas_palma,5,6,48,3.2
3560,HandWash_020_A_10_G_05,20,G05,train,step6_unhas_palma,5,7,56,3.7333
3561,HandWash_020_A_10_G_05,20,G05,train,step6_unhas_palma,5,8,64,4.2667
3562,HandWash_020_A_10_G_05,20,G05,train,step6_unhas_palma,5,9,72,4.8
3563,HandWash_020_A_10_G_05,20,G05,train,step6_unhas_palma,5,10,80,5.3333
3564,HandWash_020_A_10_G_05,20,G05,train,step6_unhas_palma,5,11,88,5.8667
3565,HandWash_020_A_10_G_05,20,G05,train,step6_unhas_palma,5,12,96,6.4
439,HandWash_021_A_10_G_05,21,G05,val,step6_unhas_palma,5,0,0,0.0
440,HandWash_021_A_10_G_05,21,G05,val,step6_unhas_palma,5,1,15,1.0
441,HandWash_021_A_10_G_05,21,G05,val,step6_unhas_palma,5,2,30,2.0
442,HandWash_021_A_10_G_05,21,G05,val,step6_unhas_palma,5,3,45,3.0
443,HandWash_021_A_10_G_05,21,G05,val,step6_unhas_palma,5,4,60,4.0
444,HandWash_021_A_10_G_05,21,G05,val,step6_unhas_palma,5,5,75,5.0
445,HandWash_021_A_10_G_05,21,G05,val,step6_unhas_palma,5,6,90,6.0
446,HandWash_021_A_10_G_05,21,G05,val,step6_unhas_palma,5,7,105,7.0
447,HandWash_021_A_10_G_05,21,G05,val,step6_unhas_palma,5,8,120,8.0
448,HandWash_021_A_10_G_05,21,G05,val,step6_unhas_palma,5,9,135,9.0
449,HandWash_021_A_10_G_05,21,G05,val,step6_unhas_palma,5,10,150,10.0
450,HandWash_022_A_10_G_05,22,G05,val,step6_unhas_palma,5,0,0,0.0
451,HandWash_022_A_10_G_05,22,G05,val,step6_unhas_palma,5,1,15,1.0
452,HandWash_022_A_10_G_05,22,G05,val,step6_unhas_palma,5,2,30,2.0
453,HandWash_022_A_10_G_05,22,G05,val,step6_unhas_palma,5,3,45,3.0
454,HandWash_022_A_10_G_05,22,G05,val,step6_unhas_palma,5,4,60,4.0
455,HandWash_022_A_10_G_05,22,G05,val,step6_unhas_palma,5,5,75,5.0
456,HandWash_022_A_10_G_05,22,G05,val,step6_unhas_palma,5,6,90,6.0
457,HandWash_022_A_10_G_05,22,G05,val,step6_unhas_palma,5,7,105,7.0
3566,HandWash_023_A_10_G_05,23,G05,train,step6_unhas_palma,5,0,0,0.0
3567,HandWash_023_A_10_G_05,23,G05,train,step6_unhas_palma,5,1,8,0.5333
3568,HandWash_023_A_10_G_05,23,G05,train,step6_unhas_palma,5,2,16,1.0667
3569,HandWash_023_A_10_G_05,23,G05,train,step6_unhas_palma,5,3,24,1.6
3570,HandWash_023_A_10_G_05,23,G05,train,step6_unhas_palma,5,4,32,2.1333
3571,HandWash_023_A_10_G_05,23,G05,train,step6_unhas_palma,5,5,40,2.6667
3572,HandWash_023_A_10_G_05,23,G05,train,step6_unhas_palma,5,6,48,3.2
3573,HandWash_023_A_10_G_05,23,G05,train,step6_unhas_palma,5,7,56,3.7333
3574,HandWash_023_A_10_G_05,23,G05,train,step6_unhas_palma,5,8,64,4.2667
3575,HandWash_023_A_10_G_05,23,G05,train,step6_unhas_palma,5,9,72,4.8
3576,HandWash_023_A_10_G_05,23,G05,train,step6_unhas_palma,5,10,80,5.3333
534,HandWash_024_A_10_G_05,24,G05,test,step6_unhas_palma,5,0,0,0.0
535,HandWash_024_A_10_G_05,24,G05,test,step6_unhas_palma,5,1,15,1.0
536,HandWash_024_A_10_G_05,24,G05,test,step6_unhas_palma,5,2,30,2.0
537,HandWash_024_A_10_G_05,24,G05,test,step6_unhas_palma,5,3,45,3.0
538,HandWash_024_A_10_G_05,24,G05,test,step6_unhas_palma,5,4,60,4.0
539,HandWash_024_A_10_G_05,24,G05,test,step6_unhas_palma,5,5,75,5.0
540,HandWash_024_A_10_G_05,24,G05,test,step6_unhas_palma,5,6,90,6.0
541,HandWash_024_A_10_G_05,24,G05,test,step6_unhas_palma,5,7,105,7.0
3577,HandWash_025_A_10_G_05,25,G05,train,step6_unhas_palma,5,0,0,0.0
3578,HandWash_025_A_10_G_05,25,G05,train,step6_unhas_palma,5,1,8,0.5333
3579,HandWash_025_A_10_G_05,25,G05,train,step6_unhas_palma,5,2,16,1.0667
3580,HandWash_025_A_10_G_05,25,G05,train,step6_unhas_palma,5,3,24,1.6
3581,HandWash_025_A_10_G_05,25,G05,train,step6_unhas_palma,5,4,32,2.1333
3582,HandWash_025_A_10_G_05,25,G05,train,step6_unhas_palma,5,5,40,2.6667
3583,HandWash_025_A_10_G_05,25,G05,train,step6_unhas_palma,5,6,48,3.2
3584,HandWash_025_A_10_G_05,25,G05,train,step6_unhas_palma,5,7,56,3.7333
3585,HandWash_025_A_10_G_05,25,G05,train,step6_unhas_palma,5,8,64,4.2667
3586,HandWash_025_A_10_G_05,25,G05,train,step6_unhas_palma,5,9,72,4.8
3587,HandWash_025_A_10_G_05,25,G05,train,step6_unhas_palma,5,10,80,5.3333
3588,HandWash_025_A_10_G_05,25,G05,train,step6_unhas_palma,5,11,88,5.8667
3589,HandWash_025_A_10_G_05,25,G05,train,step6_unhas_palma,5,12,96,6.4
3590,HandWash_025_A_10_G_05,25,G05,train,step6_unhas_palma,5,13,104,6.9333
3591,HandWash_025_A_10_G_05,25,G05,train,step6_unhas_palma,5,14,112,7.4667
3592,HandWash_001_A_11_G_01,1,G01,train,step7_pulso,6,0,0,0.0
3593,HandWash_001_A_11_G_01,1,G01,train,step7_pulso,6,1,8,0.5333
3594,HandWash_001_A_11_G_01,1,G01,train,step7_pulso,6,2,16,1.0667
3595,HandWash_001_A_11_G_01,1,G01,train,step7_pulso,6,3,24,1.6
3596,HandWash_001_A_11_G_01,1,G01,train,step7_pulso,6,4,32,2.1333
542,HandWash_002_A_11_G_01,2,G01,test,step7_pulso,6,0,0,0.0
543,HandWash_002_A_11_G_01,2,G01,test,step7_pulso,6,1,15,1.0
544,HandWash_002_A_11_G_01,2,G01,test,step7_pulso,6,2,30,2.0
545,HandWash_002_A_11_G_01,2,G01,test,step7_pulso,6,3,45,3.0
546,HandWash_002_A_11_G_01,2,G01,test,step7_pulso,6,4,60,4.0
547,HandWash_002_A_11_G_01,2,G01,test,step7_pulso,6,5,75,5.0
548,HandWash_002_A_11_G_01,2,G01,test,step7_pulso,6,6,90,6.0
3597,HandWash_003_A_11_G_01,3,G01,train,step7_pulso,6,0,0,0.0
3598,HandWash_003_A_11_G_01,3,G01,train,step7_pulso,6,1,8,0.5333
3599,HandWash_003_A_11_G_01,3,G01,train,step7_pulso,6,2,16,1.0667
3600,HandWash_003_A_11_G_01,3,G01,train,step7_pulso,6,3,24,1.6
3601,HandWash_003_A_11_G_01,3,G01,train,step7_pulso,6,4,32,2.1333
3602,HandWash_003_A_11_G_01,3,G01,train,step7_pulso,6,5,40,2.6667
3603,HandWash_003_A_11_G_01,3,G01,train,step7_pulso,6,6,48,3.2
3604,HandWash_003_A_11_G_01,3,G01,train,step7_pulso,6,7,56,3.7333
3605,HandWash_003_A_11_G_01,3,G01,train,step7_pulso,6,8,64,4.2667
3606,HandWash_003_A_11_G_01,3,G01,train,step7_pulso,6,9,72,4.8
3607,HandWash_003_A_11_G_01,3,G01,train,step7_pulso,6,10,80,5.3333
3608,HandWash_003_A_11_G_01,3,G01,train,step7_pulso,6,11,88,5.8667
3609,HandWash_003_A_11_G_01,3,G01,train,step7_pulso,6,12,96,6.4
458,HandWash_004_A_11_G_01,4,G01,val,step7_pulso,6,0,0,0.0
459,HandWash_004_A_11_G_01,4,G01,val,step7_pulso,6,1,15,1.0
460,HandWash_004_A_11_G_01,4,G01,val,step7_pulso,6,2,30,2.0
461,HandWash_004_A_11_G_01,4,G01,val,step7_pulso,6,3,45,3.0
462,HandWash_004_A_11_G_01,4,G01,val,step7_pulso,6,4,60,4.0
463,HandWash_004_A_11_G_01,4,G01,val,step7_pulso,6,5,75,5.0
464,HandWash_004_A_11_G_01,4,G01,val,step7_pulso,6,6,90,6.0
465,HandWash_004_A_11_G_01,4,G01,val,step7_pulso,6,7,105,7.0
466,HandWash_004_A_11_G_01,4,G01,val,step7_pulso,6,8,120,8.0
3610,HandWash_005_A_11_G_01,5,G01,train,step7_pulso,6,0,0,0.0
3611,HandWash_005_A_11_G_01,5,G01,train,step7_pulso,6,1,8,0.5333
3612,HandWash_005_A_11_G_01,5,G01,train,step7_pulso,6,2,16,1.0667
3613,HandWash_005_A_11_G_01,5,G01,train,step7_pulso,6,3,24,1.6
3614,HandWash_005_A_11_G_01,5,G01,train,step7_pulso,6,4,32,2.1333
3615,HandWash_005_A_11_G_01,5,G01,train,step7_pulso,6,5,40,2.6667
3616,HandWash_005_A_11_G_01,5,G01,train,step7_pulso,6,6,48,3.2
3617,HandWash_005_A_11_G_01,5,G01,train,step7_pulso,6,7,56,3.7333
3618,HandWash_005_A_11_G_01,5,G01,train,step7_pulso,6,8,64,4.2667
3619,HandWash_005_A_11_G_01,5,G01,train,step7_pulso,6,9,72,4.8
3620,HandWash_005_A_11_G_01,5,G01,train,step7_pulso,6,10,80,5.3333
3621,HandWash_005_A_11_G_01,5,G01,train,step7_pulso,6,11,88,5.8667
3622,HandWash_005_A_11_G_01,5,G01,train,step7_pulso,6,12,96,6.4
3623,HandWash_006_A_11_G_01,6,G01,train,step7_pulso,6,0,0,0.0
3624,HandWash_006_A_11_G_01,6,G01,train,step7_pulso,6,1,8,0.5333
3625,HandWash_006_A_11_G_01,6,G01,train,step7_pulso,6,2,16,1.0667
3626,HandWash_006_A_11_G_01,6,G01,train,step7_pulso,6,3,24,1.6
3627,HandWash_006_A_11_G_01,6,G01,train,step7_pulso,6,4,32,2.1333
3628,HandWash_006_A_11_G_01,6,G01,train,step7_pulso,6,5,40,2.6667
3629,HandWash_006_A_11_G_01,6,G01,train,step7_pulso,6,6,48,3.2
3630,HandWash_006_A_11_G_01,6,G01,train,step7_pulso,6,7,56,3.7333
3631,HandWash_006_A_11_G_01,6,G01,train,step7_pulso,6,8,64,4.2667
3632,HandWash_006_A_11_G_01,6,G01,train,step7_pulso,6,9,72,4.8
3633,HandWash_006_A_11_G_01,6,G01,train,step7_pulso,6,10,80,5.3333
3634,HandWash_006_A_11_G_01,6,G01,train,step7_pulso,6,11,88,5.8667
3635,HandWash_006_A_11_G_01,6,G01,train,step7_pulso,6,12,96,6.4
3636,HandWash_006_A_11_G_01,6,G01,train,step7_pulso,6,13,104,6.9333
3637,HandWash_006_A_11_G_01,6,G01,train,step7_pulso,6,14,112,7.4667
3638,HandWash_006_A_11_G_01,6,G01,train,step7_pulso,6,15,120,8.0
3639,HandWash_006_A_11_G_01,6,G01,train,step7_pulso,6,16,128,8.5333
3640,HandWash_006_A_11_G_01,6,G01,train,step7_pulso,6,17,136,9.0667
3641,HandWash_006_A_11_G_01,6,G01,train,step7_pulso,6,18,144,9.6
3642,HandWash_006_A_11_G_01,6,G01,train,step7_pulso,6,19,152,10.1333
3643,HandWash_006_A_11_G_01,6,G01,train,step7_pulso,6,20,160,10.6667
3644,HandWash_006_A_11_G_01,6,G01,train,step7_pulso,6,21,168,11.2
3645,HandWash_006_A_11_G_01,6,G01,train,step7_pulso,6,22,176,11.7333
3646,HandWash_006_A_11_G_01,6,G01,train,step7_pulso,6,23,184,12.2667
3647,HandWash_006_A_11_G_01,6,G01,train,step7_pulso,6,24,192,12.8
3648,HandWash_006_A_11_G_01,6,G01,train,step7_pulso,6,25,200,13.3333
3649,HandWash_006_A_11_G_01,6,G01,train,step7_pulso,6,26,208,13.8667
3650,HandWash_006_A_11_G_01,6,G01,train,step7_pulso,6,27,216,14.4
3651,HandWash_006_A_11_G_01,6,G01,train,step7_pulso,6,28,224,14.9333
3652,HandWash_006_A_11_G_01,6,G01,train,step7_pulso,6,29,232,15.4667
3653,HandWash_006_A_11_G_01,6,G01,train,step7_pulso,6,30,240,16.0
549,HandWash_007_A_11_G_01,7,G01,test,step7_pulso,6,0,0,0.0
550,HandWash_007_A_11_G_01,7,G01,test,step7_pulso,6,1,15,1.0
551,HandWash_007_A_11_G_01,7,G01,test,step7_pulso,6,2,30,2.0
552,HandWash_007_A_11_G_01,7,G01,test,step7_pulso,6,3,45,3.0
553,HandWash_007_A_11_G_01,7,G01,test,step7_pulso,6,4,60,4.0
554,HandWash_007_A_11_G_01,7,G01,test,step7_pulso,6,5,75,5.0
555,HandWash_007_A_11_G_01,7,G01,test,step7_pulso,6,6,90,6.0
556,HandWash_007_A_11_G_01,7,G01,test,step7_pulso,6,7,105,7.0
557,HandWash_007_A_11_G_01,7,G01,test,step7_pulso,6,8,120,8.0
558,HandWash_007_A_11_G_01,7,G01,test,step7_pulso,6,9,135,9.0
559,HandWash_007_A_11_G_01,7,G01,test,step7_pulso,6,10,150,10.0
560,HandWash_007_A_11_G_01,7,G01,test,step7_pulso,6,11,165,11.0
561,HandWash_007_A_11_G_01,7,G01,test,step7_pulso,6,12,180,12.0
562,HandWash_007_A_11_G_01,7,G01,test,step7_pulso,6,13,195,13.0
563,HandWash_007_A_11_G_01,7,G01,test,step7_pulso,6,14,210,14.0
564,HandWash_007_A_11_G_01,7,G01,test,step7_pulso,6,15,225,15.0
565,HandWash_007_A_11_G_01,7,G01,test,step7_pulso,6,16,240,16.0
3654,HandWash_008_A_11_G_01,8,G01,train,step7_pulso,6,0,0,0.0
3655,HandWash_008_A_11_G_01,8,G01,train,step7_pulso,6,1,8,0.5333
3656,HandWash_008_A_11_G_01,8,G01,train,step7_pulso,6,2,16,1.0667
3657,HandWash_008_A_11_G_01,8,G01,train,step7_pulso,6,3,24,1.6
3658,HandWash_008_A_11_G_01,8,G01,train,step7_pulso,6,4,32,2.1333
3659,HandWash_008_A_11_G_01,8,G01,train,step7_pulso,6,5,40,2.6667
3660,HandWash_008_A_11_G_01,8,G01,train,step7_pulso,6,6,48,3.2
3661,HandWash_008_A_11_G_01,8,G01,train,step7_pulso,6,7,56,3.7333
3662,HandWash_008_A_11_G_01,8,G01,train,step7_pulso,6,8,64,4.2667
3663,HandWash_008_A_11_G_01,8,G01,train,step7_pulso,6,9,72,4.8
3664,HandWash_008_A_11_G_01,8,G01,train,step7_pulso,6,10,80,5.3333
3665,HandWash_008_A_11_G_01,8,G01,train,step7_pulso,6,11,88,5.8667
3666,HandWash_008_A_11_G_01,8,G01,train,step7_pulso,6,12,96,6.4
3667,HandWash_008_A_11_G_01,8,G01,train,step7_pulso,6,13,104,6.9333
3668,HandWash_008_A_11_G_01,8,G01,train,step7_pulso,6,14,112,7.4667
3669,HandWash_008_A_11_G_01,8,G01,train,step7_pulso,6,15,120,8.0
3670,HandWash_008_A_11_G_01,8,G01,train,step7_pulso,6,16,128,8.5333
3671,HandWash_008_A_11_G_01,8,G01,train,step7_pulso,6,17,136,9.0667
3672,HandWash_008_A_11_G_01,8,G01,train,step7_pulso,6,18,144,9.6
3673,HandWash_008_A_11_G_01,8,G01,train,step7_pulso,6,19,152,10.1333
3674,HandWash_008_A_11_G_01,8,G01,train,step7_pulso,6,20,160,10.6667
3675,HandWash_008_A_11_G_01,8,G01,train,step7_pulso,6,21,168,11.2
3676,HandWash_008_A_11_G_01,8,G01,train,step7_pulso,6,22,176,11.7333
3677,HandWash_008_A_11_G_01,8,G01,train,step7_pulso,6,23,184,12.2667
3678,HandWash_008_A_11_G_01,8,G01,train,step7_pulso,6,24,192,12.8
3679,HandWash_008_A_11_G_01,8,G01,train,step7_pulso,6,25,200,13.3333
3680,HandWash_008_A_11_G_01,8,G01,train,step7_pulso,6,26,208,13.8667
3681,HandWash_008_A_11_G_01,8,G01,train,step7_pulso,6,27,216,14.4
3682,HandWash_008_A_11_G_01,8,G01,train,step7_pulso,6,28,224,14.9333
3683,HandWash_008_A_11_G_01,8,G01,train,step7_pulso,6,29,232,15.4667
3684,HandWash_008_A_11_G_01,8,G01,train,step7_pulso,6,30,240,16.0
3685,HandWash_009_A_11_G_02,9,G02,train,step7_pulso,6,0,0,0.0
3686,HandWash_009_A_11_G_02,9,G02,train,step7_pulso,6,1,8,0.5333
3687,HandWash_009_A_11_G_02,9,G02,train,step7_pulso,6,2,16,1.0667
3688,HandWash_009_A_11_G_02,9,G02,train,step7_pulso,6,3,24,1.6
3689,HandWash_009_A_11_G_02,9,G02,train,step7_pulso,6,4,32,2.1333
3690,HandWash_009_A_11_G_02,9,G02,train,step7_pulso,6,5,40,2.6667
3691,HandWash_009_A_11_G_02,9,G02,train,step7_pulso,6,6,48,3.2
3692,HandWash_009_A_11_G_02,9,G02,train,step7_pulso,6,7,56,3.7333
3693,HandWash_009_A_11_G_02,9,G02,train,step7_pulso,6,8,64,4.2667
3694,HandWash_009_A_11_G_02,9,G02,train,step7_pulso,6,9,72,4.8
3695,HandWash_009_A_11_G_02,9,G02,train,step7_pulso,6,10,80,5.3333
3696,HandWash_009_A_11_G_02,9,G02,train,step7_pulso,6,11,88,5.8667
3697,HandWash_009_A_11_G_02,9,G02,train,step7_pulso,6,12,96,6.4
3698,HandWash_009_A_11_G_02,9,G02,train,step7_pulso,6,13,104,6.9333
3699,HandWash_010_A_11_G_02,10,G02,train,step7_pulso,6,0,0,0.0
3700,HandWash_010_A_11_G_02,10,G02,train,step7_pulso,6,1,8,0.5333
3701,HandWash_010_A_11_G_02,10,G02,train,step7_pulso,6,2,16,1.0667
3702,HandWash_010_A_11_G_02,10,G02,train,step7_pulso,6,3,24,1.6
3703,HandWash_010_A_11_G_02,10,G02,train,step7_pulso,6,4,32,2.1333
3704,HandWash_010_A_11_G_02,10,G02,train,step7_pulso,6,5,40,2.6667
3705,HandWash_010_A_11_G_02,10,G02,train,step7_pulso,6,6,48,3.2
3706,HandWash_010_A_11_G_02,10,G02,train,step7_pulso,6,7,56,3.7333
3707,HandWash_010_A_11_G_02,10,G02,train,step7_pulso,6,8,64,4.2667
3708,HandWash_010_A_11_G_02,10,G02,train,step7_pulso,6,9,72,4.8
3709,HandWash_010_A_11_G_02,10,G02,train,step7_pulso,6,10,80,5.3333
3710,HandWash_010_A_11_G_02,10,G02,train,step7_pulso,6,11,88,5.8667
3711,HandWash_010_A_11_G_02,10,G02,train,step7_pulso,6,12,96,6.4
3712,HandWash_010_A_11_G_02,10,G02,train,step7_pulso,6,13,104,6.9333
3713,HandWash_011_A_11_G_02,11,G02,train,step7_pulso,6,0,0,0.0
3714,HandWash_011_A_11_G_02,11,G02,train,step7_pulso,6,1,8,0.5333
3715,HandWash_011_A_11_G_02,11,G02,train,step7_pulso,6,2,16,1.0667
3716,HandWash_011_A_11_G_02,11,G02,train,step7_pulso,6,3,24,1.6
3717,HandWash_011_A_11_G_02,11,G02,train,step7_pulso,6,4,32,2.1333
3718,HandWash_011_A_11_G_02,11,G02,train,step7_pulso,6,5,40,2.6667
3719,HandWash_011_A_11_G_02,11,G02,train,step7_pulso,6,6,48,3.2
3720,HandWash_011_A_11_G_02,11,G02,train,step7_pulso,6,7,56,3.7333
3721,HandWash_011_A_11_G_02,11,G02,train,step7_pulso,6,8,64,4.2667
3722,HandWash_011_A_11_G_02,11,G02,train,step7_pulso,6,9,72,4.8
3723,HandWash_011_A_11_G_02,11,G02,train,step7_pulso,6,10,80,5.3333
3724,HandWash_011_A_11_G_02,11,G02,train,step7_pulso,6,11,88,5.8667
3725,HandWash_011_A_11_G_02,11,G02,train,step7_pulso,6,12,96,6.4
3726,HandWash_011_A_11_G_02,11,G02,train,step7_pulso,6,13,104,6.9333
3727,HandWash_012_A_11_G_03,12,G03,train,step7_pulso,6,0,0,0.0
3728,HandWash_012_A_11_G_03,12,G03,train,step7_pulso,6,1,8,0.5333
3729,HandWash_012_A_11_G_03,12,G03,train,step7_pulso,6,2,16,1.0667
3730,HandWash_012_A_11_G_03,12,G03,train,step7_pulso,6,3,24,1.6
3731,HandWash_012_A_11_G_03,12,G03,train,step7_pulso,6,4,32,2.1333
3732,HandWash_012_A_11_G_03,12,G03,train,step7_pulso,6,5,40,2.6667
3733,HandWash_012_A_11_G_03,12,G03,train,step7_pulso,6,6,48,3.2
3734,HandWash_012_A_11_G_03,12,G03,train,step7_pulso,6,7,56,3.7333
3735,HandWash_012_A_11_G_03,12,G03,train,step7_pulso,6,8,64,4.2667
3736,HandWash_012_A_11_G_03,12,G03,train,step7_pulso,6,9,72,4.8
3737,HandWash_012_A_11_G_03,12,G03,train,step7_pulso,6,10,80,5.3333
3738,HandWash_012_A_11_G_03,12,G03,train,step7_pulso,6,11,88,5.8667
3739,HandWash_012_A_11_G_03,12,G03,train,step7_pulso,6,12,96,6.4
3740,HandWash_012_A_11_G_03,12,G03,train,step7_pulso,6,13,104,6.9333
566,HandWash_013_A_11_G_03,13,G03,test,step7_pulso,6,0,0,0.0
567,HandWash_013_A_11_G_03,13,G03,test,step7_pulso,6,1,15,1.0
568,HandWash_013_A_11_G_03,13,G03,test,step7_pulso,6,2,30,2.0
569,HandWash_013_A_11_G_03,13,G03,test,step7_pulso,6,3,45,3.0
570,HandWash_013_A_11_G_03,13,G03,test,step7_pulso,6,4,60,4.0
571,HandWash_013_A_11_G_03,13,G03,test,step7_pulso,6,5,75,5.0
572,HandWash_013_A_11_G_03,13,G03,test,step7_pulso,6,6,90,6.0
573,HandWash_013_A_11_G_03,13,G03,test,step7_pulso,6,7,105,7.0
3741,HandWash_014_A_11_G_03,14,G03,train,step7_pulso,6,0,0,0.0
3742,HandWash_014_A_11_G_03,14,G03,train,step7_pulso,6,1,8,0.5333
3743,HandWash_014_A_11_G_03,14,G03,train,step7_pulso,6,2,16,1.0667
3744,HandWash_014_A_11_G_03,14,G03,train,step7_pulso,6,3,24,1.6
3745,HandWash_014_A_11_G_03,14,G03,train,step7_pulso,6,4,32,2.1333
3746,HandWash_014_A_11_G_03,14,G03,train,step7_pulso,6,5,40,2.6667
3747,HandWash_014_A_11_G_03,14,G03,train,step7_pulso,6,6,48,3.2
3748,HandWash_014_A_11_G_03,14,G03,train,step7_pulso,6,7,56,3.7333
3749,HandWash_014_A_11_G_03,14,G03,train,step7_pulso,6,8,64,4.2667
3750,HandWash_014_A_11_G_03,14,G03,train,step7_pulso,6,9,72,4.8
3751,HandWash_014_A_11_G_03,14,G03,train,step7_pulso,6,10,80,5.3333
3752,HandWash_014_A_11_G_03,14,G03,train,step7_pulso,6,11,88,5.8667
3753,HandWash_014_A_11_G_03,14,G03,train,step7_pulso,6,12,96,6.4
3754,HandWash_014_A_11_G_03,14,G03,train,step7_pulso,6,13,104,6.9333
3755,HandWash_015_A_11_G_04,15,G04,train,step7_pulso,6,0,0,0.0
3756,HandWash_015_A_11_G_04,15,G04,train,step7_pulso,6,1,8,0.5333
3757,HandWash_015_A_11_G_04,15,G04,train,step7_pulso,6,2,16,1.0667
3758,HandWash_015_A_11_G_04,15,G04,train,step7_pulso,6,3,24,1.6
3759,HandWash_015_A_11_G_04,15,G04,train,step7_pulso,6,4,32,2.1333
3760,HandWash_015_A_11_G_04,15,G04,train,step7_pulso,6,5,40,2.6667
3761,HandWash_015_A_11_G_04,15,G04,train,step7_pulso,6,6,48,3.2
3762,HandWash_015_A_11_G_04,15,G04,train,step7_pulso,6,7,56,3.7333
3763,HandWash_015_A_11_G_04,15,G04,train,step7_pulso,6,8,64,4.2667
467,HandWash_016_A_11_G_04,16,G04,val,step7_pulso,6,0,0,0.0
468,HandWash_016_A_11_G_04,16,G04,val,step7_pulso,6,1,15,1.0
469,HandWash_016_A_11_G_04,16,G04,val,step7_pulso,6,2,30,2.0
470,HandWash_016_A_11_G_04,16,G04,val,step7_pulso,6,3,45,3.0
471,HandWash_016_A_11_G_04,16,G04,val,step7_pulso,6,4,60,4.0
472,HandWash_016_A_11_G_04,16,G04,val,step7_pulso,6,5,75,5.0
473,HandWash_016_A_11_G_04,16,G04,val,step7_pulso,6,6,90,6.0
474,HandWash_016_A_11_G_04,16,G04,val,step7_pulso,6,7,105,7.0
475,HandWash_016_A_11_G_04,16,G04,val,step7_pulso,6,8,120,8.0
476,HandWash_016_A_11_G_04,16,G04,val,step7_pulso,6,9,135,9.0
477,HandWash_016_A_11_G_04,16,G04,val,step7_pulso,6,10,150,10.0
478,HandWash_016_A_11_G_04,16,G04,val,step7_pulso,6,11,165,11.0
479,HandWash_016_A_11_G_04,16,G04,val,step7_pulso,6,12,180,12.0
480,HandWash_016_A_11_G_04,16,G04,val,step7_pulso,6,13,195,13.0
481,HandWash_016_A_11_G_04,16,G04,val,step7_pulso,6,14,210,14.0
482,HandWash_016_A_11_G_04,16,G04,val,step7_pulso,6,15,225,15.0
483,HandWash_016_A_11_G_04,16,G04,val,step7_pulso,6,16,240,16.0
484,HandWash_016_A_11_G_04,16,G04,val,step7_pulso,6,17,255,17.0
485,HandWash_016_A_11_G_04,16,G04,val,step7_pulso,6,18,270,18.0
3764,HandWash_017_A_11_G_04,17,G04,train,step7_pulso,6,0,0,0.0
3765,HandWash_017_A_11_G_04,17,G04,train,step7_pulso,6,1,8,0.5333
3766,HandWash_017_A_11_G_04,17,G04,train,step7_pulso,6,2,16,1.0667
3767,HandWash_017_A_11_G_04,17,G04,train,step7_pulso,6,3,24,1.6
3768,HandWash_017_A_11_G_04,17,G04,train,step7_pulso,6,4,32,2.1333
3769,HandWash_017_A_11_G_04,17,G04,train,step7_pulso,6,5,40,2.6667
3770,HandWash_017_A_11_G_04,17,G04,train,step7_pulso,6,6,48,3.2
3771,HandWash_017_A_11_G_04,17,G04,train,step7_pulso,6,7,56,3.7333
3772,HandWash_017_A_11_G_04,17,G04,train,step7_pulso,6,8,64,4.2667
3773,HandWash_017_A_11_G_04,17,G04,train,step7_pulso,6,9,72,4.8
3774,HandWash_017_A_11_G_04,17,G04,train,step7_pulso,6,10,80,5.3333
3775,HandWash_017_A_11_G_04,17,G04,train,step7_pulso,6,11,88,5.8667
3776,HandWash_017_A_11_G_04,17,G04,train,step7_pulso,6,12,96,6.4
3777,HandWash_017_A_11_G_04,17,G04,train,step7_pulso,6,13,104,6.9333
3778,HandWash_017_A_11_G_04,17,G04,train,step7_pulso,6,14,112,7.4667
3779,HandWash_017_A_11_G_04,17,G04,train,step7_pulso,6,15,120,8.0
3780,HandWash_017_A_11_G_04,17,G04,train,step7_pulso,6,16,128,8.5333
3781,HandWash_017_A_11_G_04,17,G04,train,step7_pulso,6,17,136,9.0667
3782,HandWash_017_A_11_G_04,17,G04,train,step7_pulso,6,18,144,9.6
3783,HandWash_017_A_11_G_04,17,G04,train,step7_pulso,6,19,152,10.1333
3784,HandWash_017_A_11_G_04,17,G04,train,step7_pulso,6,20,160,10.6667
3785,HandWash_017_A_11_G_04,17,G04,train,step7_pulso,6,21,168,11.2
3786,HandWash_017_A_11_G_04,17,G04,train,step7_pulso,6,22,176,11.7333
3787,HandWash_017_A_11_G_04,17,G04,train,step7_pulso,6,23,184,12.2667
3788,HandWash_017_A_11_G_04,17,G04,train,step7_pulso,6,24,192,12.8
3789,HandWash_017_A_11_G_04,17,G04,train,step7_pulso,6,25,200,13.3333
3790,HandWash_017_A_11_G_04,17,G04,train,step7_pulso,6,26,208,13.8667
3791,HandWash_017_A_11_G_04,17,G04,train,step7_pulso,6,27,216,14.4
3792,HandWash_017_A_11_G_04,17,G04,train,step7_pulso,6,28,224,14.9333
3793,HandWash_017_A_11_G_04,17,G04,train,step7_pulso,6,29,232,15.4667
3794,HandWash_017_A_11_G_04,17,G04,train,step7_pulso,6,30,240,16.0
3795,HandWash_018_A_11_G_05,18,G05,train,step7_pulso,6,0,0,0.0
3796,HandWash_018_A_11_G_05,18,G05,train,step7_pulso,6,1,8,0.5333
3797,HandWash_018_A_11_G_05,18,G05,train,step7_pulso,6,2,16,1.0667
3798,HandWash_018_A_11_G_05,18,G05,train,step7_pulso,6,3,24,1.6
3799,HandWash_018_A_11_G_05,18,G05,train,step7_pulso,6,4,32,2.1333
3800,HandWash_018_A_11_G_05,18,G05,train,step7_pulso,6,5,40,2.6667
3801,HandWash_018_A_11_G_05,18,G05,train,step7_pulso,6,6,48,3.2
3802,HandWash_018_A_11_G_05,18,G05,train,step7_pulso,6,7,56,3.7333
3803,HandWash_018_A_11_G_05,18,G05,train,step7_pulso,6,8,64,4.2667
3804,HandWash_018_A_11_G_05,18,G05,train,step7_pulso,6,9,72,4.8
3805,HandWash_018_A_11_G_05,18,G05,train,step7_pulso,6,10,80,5.3333
3806,HandWash_018_A_11_G_05,18,G05,train,step7_pulso,6,11,88,5.8667
3807,HandWash_018_A_11_G_05,18,G05,train,step7_pulso,6,12,96,6.4
3808,HandWash_018_A_11_G_05,18,G05,train,step7_pulso,6,13,104,6.9333
3809,HandWash_018_A_11_G_05,18,G05,train,step7_pulso,6,14,112,7.4667
3810,HandWash_018_A_11_G_05,18,G05,train,step7_pulso,6,15,120,8.0
3811,HandWash_018_A_11_G_05,18,G05,train,step7_pulso,6,16,128,8.5333
574,HandWash_019_A_11_G_05,19,G05,test,step7_pulso,6,0,0,0.0
575,HandWash_019_A_11_G_05,19,G05,test,step7_pulso,6,1,15,1.0
576,HandWash_019_A_11_G_05,19,G05,test,step7_pulso,6,2,30,2.0
577,HandWash_019_A_11_G_05,19,G05,test,step7_pulso,6,3,45,3.0
578,HandWash_019_A_11_G_05,19,G05,test,step7_pulso,6,4,60,4.0
579,HandWash_019_A_11_G_05,19,G05,test,step7_pulso,6,5,75,5.0
580,HandWash_019_A_11_G_05,19,G05,test,step7_pulso,6,6,90,6.0
3812,HandWash_020_A_11_G_05,20,G05,train,step7_pulso,6,0,0,0.0
3813,HandWash_020_A_11_G_05,20,G05,train,step7_pulso,6,1,8,0.5333
3814,HandWash_020_A_11_G_05,20,G05,train,step7_pulso,6,2,16,1.0667
3815,HandWash_020_A_11_G_05,20,G05,train,step7_pulso,6,3,24,1.6
3816,HandWash_020_A_11_G_05,20,G05,train,step7_pulso,6,4,32,2.1333
3817,HandWash_020_A_11_G_05,20,G05,train,step7_pulso,6,5,40,2.6667
3818,HandWash_020_A_11_G_05,20,G05,train,step7_pulso,6,6,48,3.2
3819,HandWash_020_A_11_G_05,20,G05,train,step7_pulso,6,7,56,3.7333
3820,HandWash_020_A_11_G_05,20,G05,train,step7_pulso,6,8,64,4.2667
3821,HandWash_020_A_11_G_05,20,G05,train,step7_pulso,6,9,72,4.8
3822,HandWash_020_A_11_G_05,20,G05,train,step7_pulso,6,10,80,5.3333
3823,HandWash_020_A_11_G_05,20,G05,train,step7_pulso,6,11,88,5.8667
486,HandWash_021_A_11_G_05,21,G05,val,step7_pulso,6,0,0,0.0
487,HandWash_021_A_11_G_05,21,G05,val,step7_pulso,6,1,15,1.0
488,HandWash_021_A_11_G_05,21,G05,val,step7_pulso,6,2,30,2.0
489,HandWash_021_A_11_G_05,21,G05,val,step7_pulso,6,3,45,3.0
490,HandWash_021_A_11_G_05,21,G05,val,step7_pulso,6,4,60,4.0
491,HandWash_021_A_11_G_05,21,G05,val,step7_pulso,6,5,75,5.0
492,HandWash_021_A_11_G_05,21,G05,val,step7_pulso,6,6,90,6.0
493,HandWash_021_A_11_G_05,21,G05,val,step7_pulso,6,7,105,7.0
494,HandWash_021_A_11_G_05,21,G05,val,step7_pulso,6,8,120,8.0
495,HandWash_021_A_11_G_05,21,G05,val,step7_pulso,6,9,135,9.0
496,HandWash_021_A_11_G_05,21,G05,val,step7_pulso,6,10,150,10.0
497,HandWash_021_A_11_G_05,21,G05,val,step7_pulso,6,11,165,11.0
498,HandWash_021_A_11_G_05,21,G05,val,step7_pulso,6,12,180,12.0
499,HandWash_022_A_11_G_05,22,G05,val,step7_pulso,6,0,0,0.0
500,HandWash_022_A_11_G_05,22,G05,val,step7_pulso,6,1,15,1.0
501,HandWash_022_A_11_G_05,22,G05,val,step7_pulso,6,2,30,2.0
502,HandWash_022_A_11_G_05,22,G05,val,step7_pulso,6,3,45,3.0
503,HandWash_022_A_11_G_05,22,G05,val,step7_pulso,6,4,60,4.0
504,HandWash_022_A_11_G_05,22,G05,val,step7_pulso,6,5,75,5.0
505,HandWash_022_A_11_G_05,22,G05,val,step7_pulso,6,6,90,6.0
506,HandWash_022_A_11_G_05,22,G05,val,step7_pulso,6,7,105,7.0
507,HandWash_022_A_11_G_05,22,G05,val,step7_pulso,6,8,120,8.0
508,HandWash_022_A_11_G_05,22,G05,val,step7_pulso,6,9,135,9.0
509,HandWash_022_A_11_G_05,22,G05,val,step7_pulso,6,10,150,10.0
3824,HandWash_023_A_11_G_05,23,G05,train,step7_pulso,6,0,0,0.0
3825,HandWash_023_A_11_G_05,23,G05,train,step7_pulso,6,1,8,0.5333
3826,HandWash_023_A_11_G_05,23,G05,train,step7_pulso,6,2,16,1.0667
3827,HandWash_023_A_11_G_05,23,G05,train,step7_pulso,6,3,24,1.6
3828,HandWash_023_A_11_G_05,23,G05,train,step7_pulso,6,4,32,2.1333
3829,HandWash_023_A_11_G_05,23,G05,train,step7_pulso,6,5,40,2.6667
3830,HandWash_023_A_11_G_05,23,G05,train,step7_pulso,6,6,48,3.2
3831,HandWash_023_A_11_G_05,23,G05,train,step7_pulso,6,7,56,3.7333
3832,HandWash_023_A_11_G_05,23,G05,train,step7_pulso,6,8,64,4.2667
3833,HandWash_023_A_11_G_05,23,G05,train,step7_pulso,6,9,72,4.8
3834,HandWash_023_A_11_G_05,23,G05,train,step7_pulso,6,10,80,5.3333
3835,HandWash_023_A_11_G_05,23,G05,train,step7_pulso,6,11,88,5.8667
3836,HandWash_023_A_11_G_05,23,G05,train,step7_pulso,6,12,96,6.4
3837,HandWash_023_A_11_G_05,23,G05,train,step7_pulso,6,13,104,6.9333
3838,HandWash_023_A_11_G_05,23,G05,train,step7_pulso,6,14,112,7.4667
3839,HandWash_023_A_11_G_05,23,G05,train,step7_pulso,6,15,120,8.0
3840,HandWash_023_A_11_G_05,23,G05,train,step7_pulso,6,16,128,8.5333
3841,HandWash_023_A_11_G_05,23,G05,train,step7_pulso,6,17,136,9.0667
581,HandWash_024_A_11_G_05,24,G05,test,step7_pulso,6,0,0,0.0
582,HandWash_024_A_11_G_05,24,G05,test,step7_pulso,6,1,15,1.0
583,HandWash_024_A_11_G_05,24,G05,test,step7_pulso,6,2,30,2.0
584,HandWash_024_A_11_G_05,24,G05,test,step7_pulso,6,3,45,3.0
585,HandWash_024_A_11_G_05,24,G05,test,step7_pulso,6,4,60,4.0
586,HandWash_024_A_11_G_05,24,G05,test,step7_pulso,6,5,75,5.0
587,HandWash_024_A_11_G_05,24,G05,test,step7_pulso,6,6,90,6.0
588,HandWash_024_A_11_G_05,24,G05,test,step7_pulso,6,7,105,7.0
3842,HandWash_025_A_11_G_05,25,G05,train,step7_pulso,6,0,0,0.0
3843,HandWash_025_A_11_G_05,25,G05,train,step7_pulso,6,1,8,0.5333
3844,HandWash_025_A_11_G_05,25,G05,train,step7_pulso,6,2,16,1.0667
3845,HandWash_025_A_11_G_05,25,G05,train,step7_pulso,6,3,24,1.6
3846,HandWash_025_A_11_G_05,25,G05,train,step7_pulso,6,4,32,2.1333
3847,HandWash_025_A_11_G_05,25,G05,train,step7_pulso,6,5,40,2.6667
3848,HandWash_025_A_11_G_05,25,G05,train,step7_pulso,6,6,48,3.2
3849,HandWash_025_A_11_G_05,25,G05,train,step7_pulso,6,7,56,3.7333
3850,HandWash_025_A_11_G_05,25,G05,train,step7_pulso,6,8,64,4.2667
3851,HandWash_025_A_11_G_05,25,G05,train,step7_pulso,6,9,72,4.8
3852,HandWash_025_A_11_G_05,25,G05,train,step7_pulso,6,10,80,5.3333
3853,HandWash_025_A_11_G_05,25,G05,train,step7_pulso,6,11,88,5.8667
3854,HandWash_025_A_11_G_05,25,G05,train,step7_pulso,6,12,96,6.4
3855,HandWash_025_A_11_G_05,25,G05,train,step7_pulso,6,13,104,6.9333
3856,HandWash_025_A_11_G_05,25,G05,train,step7_pulso,6,14,112,7.4667
3857,HandWash_025_A_11_G_05,25,G05,train,step7_pulso,6,15,120,8.0
3858,HandWash_025_A_11_G_05,25,G05,train,step7_pulso,6,16,128,8.5333
3859,HandWash_025_A_11_G_05,25,G05,train,step7_pulso,6,17,136,9.0667
3860,HandWash_025_A_11_G_05,25,G05,train,step7_pulso,6,18,144,9.6
3861,HandWash_001_A_12_G_01,1,G01,train,step7_pulso,6,0,0,0.0
3862,HandWash_001_A_12_G_01,1,G01,train,step7_pulso,6,1,8,0.5333
3863,HandWash_001_A_12_G_01,1,G01,train,step7_pulso,6,2,16,1.0667
3864,HandWash_001_A_12_G_01,1,G01,train,step7_pulso,6,3,24,1.6
3865,HandWash_001_A_12_G_01,1,G01,train,step7_pulso,6,4,32,2.1333
3866,HandWash_001_A_12_G_01,1,G01,train,step7_pulso,6,5,40,2.6667
3867,HandWash_001_A_12_G_01,1,G01,train,step7_pulso,6,6,48,3.2
3868,HandWash_001_A_12_G_01,1,G01,train,step7_pulso,6,7,56,3.7333
3869,HandWash_001_A_12_G_01,1,G01,train,step7_pulso,6,8,64,4.2667
589,HandWash_002_A_12_G_01,2,G01,test,step7_pulso,6,0,0,0.0
590,HandWash_002_A_12_G_01,2,G01,test,step7_pulso,6,1,15,1.0
591,HandWash_002_A_12_G_01,2,G01,test,step7_pulso,6,2,30,2.0
592,HandWash_002_A_12_G_01,2,G01,test,step7_pulso,6,3,45,3.0
593,HandWash_002_A_12_G_01,2,G01,test,step7_pulso,6,4,60,4.0
3870,HandWash_003_A_12_G_01,3,G01,train,step7_pulso,6,0,0,0.0
3871,HandWash_003_A_12_G_01,3,G01,train,step7_pulso,6,1,8,0.5333
3872,HandWash_003_A_12_G_01,3,G01,train,step7_pulso,6,2,16,1.0667
3873,HandWash_003_A_12_G_01,3,G01,train,step7_pulso,6,3,24,1.6
3874,HandWash_003_A_12_G_01,3,G01,train,step7_pulso,6,4,32,2.1333
3875,HandWash_003_A_12_G_01,3,G01,train,step7_pulso,6,5,40,2.6667
3876,HandWash_003_A_12_G_01,3,G01,train,step7_pulso,6,6,48,3.2
3877,HandWash_003_A_12_G_01,3,G01,train,step7_pulso,6,7,56,3.7333
3878,HandWash_003_A_12_G_01,3,G01,train,step7_pulso,6,8,64,4.2667
3879,HandWash_003_A_12_G_01,3,G01,train,step7_pulso,6,9,72,4.8
3880,HandWash_003_A_12_G_01,3,G01,train,step7_pulso,6,10,80,5.3333
3881,HandWash_003_A_12_G_01,3,G01,train,step7_pulso,6,11,88,5.8667
3882,HandWash_003_A_12_G_01,3,G01,train,step7_pulso,6,12,96,6.4
510,HandWash_004_A_12_G_01,4,G01,val,step7_pulso,6,0,0,0.0
511,HandWash_004_A_12_G_01,4,G01,val,step7_pulso,6,1,15,1.0
512,HandWash_004_A_12_G_01,4,G01,val,step7_pulso,6,2,30,2.0
513,HandWash_004_A_12_G_01,4,G01,val,step7_pulso,6,3,45,3.0
514,HandWash_004_A_12_G_01,4,G01,val,step7_pulso,6,4,60,4.0
3883,HandWash_005_A_12_G_01,5,G01,train,step7_pulso,6,0,0,0.0
3884,HandWash_005_A_12_G_01,5,G01,train,step7_pulso,6,1,8,0.5333
3885,HandWash_005_A_12_G_01,5,G01,train,step7_pulso,6,2,16,1.0667
3886,HandWash_005_A_12_G_01,5,G01,train,step7_pulso,6,3,24,1.6
3887,HandWash_005_A_12_G_01,5,G01,train,step7_pulso,6,4,32,2.1333
3888,HandWash_005_A_12_G_01,5,G01,train,step7_pulso,6,5,40,2.6667
3889,HandWash_005_A_12_G_01,5,G01,train,step7_pulso,6,6,48,3.2
3890,HandWash_005_A_12_G_01,5,G01,train,step7_pulso,6,7,56,3.7333
3891,HandWash_005_A_12_G_01,5,G01,train,step7_pulso,6,8,64,4.2667
3892,HandWash_005_A_12_G_01,5,G01,train,step7_pulso,6,9,72,4.8
3893,HandWash_005_A_12_G_01,5,G01,train,step7_pulso,6,10,80,5.3333
3894,HandWash_005_A_12_G_01,5,G01,train,step7_pulso,6,11,88,5.8667
3895,HandWash_005_A_12_G_01,5,G01,train,step7_pulso,6,12,96,6.4
3896,HandWash_006_A_12_G_01,6,G01,train,step7_pulso,6,0,0,0.0
3897,HandWash_006_A_12_G_01,6,G01,train,step7_pulso,6,1,8,0.5333
3898,HandWash_006_A_12_G_01,6,G01,train,step7_pulso,6,2,16,1.0667
3899,HandWash_006_A_12_G_01,6,G01,train,step7_pulso,6,3,24,1.6
3900,HandWash_006_A_12_G_01,6,G01,train,step7_pulso,6,4,32,2.1333
3901,HandWash_006_A_12_G_01,6,G01,train,step7_pulso,6,5,40,2.6667
3902,HandWash_006_A_12_G_01,6,G01,train,step7_pulso,6,6,48,3.2
3903,HandWash_006_A_12_G_01,6,G01,train,step7_pulso,6,7,56,3.7333
3904,HandWash_006_A_12_G_01,6,G01,train,step7_pulso,6,8,64,4.2667
3905,HandWash_006_A_12_G_01,6,G01,train,step7_pulso,6,9,72,4.8
3906,HandWash_006_A_12_G_01,6,G01,train,step7_pulso,6,10,80,5.3333
3907,HandWash_006_A_12_G_01,6,G01,train,step7_pulso,6,11,88,5.8667
3908,HandWash_006_A_12_G_01,6,G01,train,step7_pulso,6,12,96,6.4
3909,HandWash_006_A_12_G_01,6,G01,train,step7_pulso,6,13,104,6.9333
3910,HandWash_006_A_12_G_01,6,G01,train,step7_pulso,6,14,112,7.4667
3911,HandWash_006_A_12_G_01,6,G01,train,step7_pulso,6,15,120,8.0
3912,HandWash_006_A_12_G_01,6,G01,train,step7_pulso,6,16,128,8.5333
3913,HandWash_006_A_12_G_01,6,G01,train,step7_pulso,6,17,136,9.0667
3914,HandWash_006_A_12_G_01,6,G01,train,step7_pulso,6,18,144,9.6
3915,HandWash_006_A_12_G_01,6,G01,train,step7_pulso,6,19,152,10.1333
3916,HandWash_006_A_12_G_01,6,G01,train,step7_pulso,6,20,160,10.6667
3917,HandWash_006_A_12_G_01,6,G01,train,step7_pulso,6,21,168,11.2
3918,HandWash_006_A_12_G_01,6,G01,train,step7_pulso,6,22,176,11.7333
3919,HandWash_006_A_12_G_01,6,G01,train,step7_pulso,6,23,184,12.2667
3920,HandWash_006_A_12_G_01,6,G01,train,step7_pulso,6,24,192,12.8
3921,HandWash_006_A_12_G_01,6,G01,train,step7_pulso,6,25,200,13.3333
594,HandWash_007_A_12_G_01,7,G01,test,step7_pulso,6,0,0,0.0
595,HandWash_007_A_12_G_01,7,G01,test,step7_pulso,6,1,15,1.0
596,HandWash_007_A_12_G_01,7,G01,test,step7_pulso,6,2,30,2.0
597,HandWash_007_A_12_G_01,7,G01,test,step7_pulso,6,3,45,3.0
598,HandWash_007_A_12_G_01,7,G01,test,step7_pulso,6,4,60,4.0
599,HandWash_007_A_12_G_01,7,G01,test,step7_pulso,6,5,75,5.0
600,HandWash_007_A_12_G_01,7,G01,test,step7_pulso,6,6,90,6.0
601,HandWash_007_A_12_G_01,7,G01,test,step7_pulso,6,7,105,7.0
602,HandWash_007_A_12_G_01,7,G01,test,step7_pulso,6,8,120,8.0
603,HandWash_007_A_12_G_01,7,G01,test,step7_pulso,6,9,135,9.0
604,HandWash_007_A_12_G_01,7,G01,test,step7_pulso,6,10,150,10.0
605,HandWash_007_A_12_G_01,7,G01,test,step7_pulso,6,11,165,11.0
606,HandWash_007_A_12_G_01,7,G01,test,step7_pulso,6,12,180,12.0
607,HandWash_007_A_12_G_01,7,G01,test,step7_pulso,6,13,195,13.0
608,HandWash_007_A_12_G_01,7,G01,test,step7_pulso,6,14,210,14.0
609,HandWash_007_A_12_G_01,7,G01,test,step7_pulso,6,15,225,15.0
610,HandWash_007_A_12_G_01,7,G01,test,step7_pulso,6,16,240,16.0
611,HandWash_007_A_12_G_01,7,G01,test,step7_pulso,6,17,255,17.0
612,HandWash_007_A_12_G_01,7,G01,test,step7_pulso,6,18,270,18.0
3922,HandWash_008_A_12_G_01,8,G01,train,step7_pulso,6,0,0,0.0
3923,HandWash_008_A_12_G_01,8,G01,train,step7_pulso,6,1,8,0.5333
3924,HandWash_008_A_12_G_01,8,G01,train,step7_pulso,6,2,16,1.0667
3925,HandWash_008_A_12_G_01,8,G01,train,step7_pulso,6,3,24,1.6
3926,HandWash_008_A_12_G_01,8,G01,train,step7_pulso,6,4,32,2.1333
3927,HandWash_008_A_12_G_01,8,G01,train,step7_pulso,6,5,40,2.6667
3928,HandWash_008_A_12_G_01,8,G01,train,step7_pulso,6,6,48,3.2
3929,HandWash_008_A_12_G_01,8,G01,train,step7_pulso,6,7,56,3.7333
3930,HandWash_008_A_12_G_01,8,G01,train,step7_pulso,6,8,64,4.2667
3931,HandWash_008_A_12_G_01,8,G01,train,step7_pulso,6,9,72,4.8
3932,HandWash_008_A_12_G_01,8,G01,train,step7_pulso,6,10,80,5.3333
3933,HandWash_008_A_12_G_01,8,G01,train,step7_pulso,6,11,88,5.8667
3934,HandWash_008_A_12_G_01,8,G01,train,step7_pulso,6,12,96,6.4
3935,HandWash_008_A_12_G_01,8,G01,train,step7_pulso,6,13,104,6.9333
3936,HandWash_008_A_12_G_01,8,G01,train,step7_pulso,6,14,112,7.4667
3937,HandWash_008_A_12_G_01,8,G01,train,step7_pulso,6,15,120,8.0
3938,HandWash_008_A_12_G_01,8,G01,train,step7_pulso,6,16,128,8.5333
3939,HandWash_008_A_12_G_01,8,G01,train,step7_pulso,6,17,136,9.0667
3940,HandWash_008_A_12_G_01,8,G01,train,step7_pulso,6,18,144,9.6
3941,HandWash_008_A_12_G_01,8,G01,train,step7_pulso,6,19,152,10.1333
3942,HandWash_008_A_12_G_01,8,G01,train,step7_pulso,6,20,160,10.6667
3943,HandWash_008_A_12_G_01,8,G01,train,step7_pulso,6,21,168,11.2
3944,HandWash_008_A_12_G_01,8,G01,train,step7_pulso,6,22,176,11.7333
3945,HandWash_008_A_12_G_01,8,G01,train,step7_pulso,6,23,184,12.2667
3946,HandWash_008_A_12_G_01,8,G01,train,step7_pulso,6,24,192,12.8
3947,HandWash_008_A_12_G_01,8,G01,train,step7_pulso,6,25,200,13.3333
3948,HandWash_008_A_12_G_01,8,G01,train,step7_pulso,6,26,208,13.8667
3949,HandWash_008_A_12_G_01,8,G01,train,step7_pulso,6,27,216,14.4
3950,HandWash_008_A_12_G_01,8,G01,train,step7_pulso,6,28,224,14.9333
3951,HandWash_008_A_12_G_01,8,G01,train,step7_pulso,6,29,232,15.4667
3952,HandWash_009_A_12_G_02,9,G02,train,step7_pulso,6,0,0,0.0
3953,HandWash_009_A_12_G_02,9,G02,train,step7_pulso,6,1,8,0.5333
3954,HandWash_009_A_12_G_02,9,G02,train,step7_pulso,6,2,16,1.0667
3955,HandWash_009_A_12_G_02,9,G02,train,step7_pulso,6,3,24,1.6
3956,HandWash_009_A_12_G_02,9,G02,train,step7_pulso,6,4,32,2.1333
3957,HandWash_009_A_12_G_02,9,G02,train,step7_pulso,6,5,40,2.6667
3958,HandWash_009_A_12_G_02,9,G02,train,step7_pulso,6,6,48,3.2
3959,HandWash_009_A_12_G_02,9,G02,train,step7_pulso,6,7,56,3.7333
3960,HandWash_009_A_12_G_02,9,G02,train,step7_pulso,6,8,64,4.2667
3961,HandWash_009_A_12_G_02,9,G02,train,step7_pulso,6,9,72,4.8
3962,HandWash_009_A_12_G_02,9,G02,train,step7_pulso,6,10,80,5.3333
3963,HandWash_009_A_12_G_02,9,G02,train,step7_pulso,6,11,88,5.8667
3964,HandWash_009_A_12_G_02,9,G02,train,step7_pulso,6,12,96,6.4
3965,HandWash_009_A_12_G_02,9,G02,train,step7_pulso,6,13,104,6.9333
3966,HandWash_009_A_12_G_02,9,G02,train,step7_pulso,6,14,112,7.4667
3967,HandWash_009_A_12_G_02,9,G02,train,step7_pulso,6,15,120,8.0
3968,HandWash_009_A_12_G_02,9,G02,train,step7_pulso,6,16,128,8.5333
3969,HandWash_009_A_12_G_02,9,G02,train,step7_pulso,6,17,136,9.0667
3970,HandWash_009_A_12_G_02,9,G02,train,step7_pulso,6,18,144,9.6
3971,HandWash_009_A_12_G_02,9,G02,train,step7_pulso,6,19,152,10.1333
3972,HandWash_009_A_12_G_02,9,G02,train,step7_pulso,6,20,160,10.6667
3973,HandWash_009_A_12_G_02,9,G02,train,step7_pulso,6,21,168,11.2
3974,HandWash_009_A_12_G_02,9,G02,train,step7_pulso,6,22,176,11.7333
3975,HandWash_010_A_12_G_02,10,G02,train,step7_pulso,6,0,0,0.0
3976,HandWash_010_A_12_G_02,10,G02,train,step7_pulso,6,1,8,0.5333
3977,HandWash_010_A_12_G_02,10,G02,train,step7_pulso,6,2,16,1.0667
3978,HandWash_010_A_12_G_02,10,G02,train,step7_pulso,6,3,24,1.6
3979,HandWash_010_A_12_G_02,10,G02,train,step7_pulso,6,4,32,2.1333
3980,HandWash_010_A_12_G_02,10,G02,train,step7_pulso,6,5,40,2.6667
3981,HandWash_010_A_12_G_02,10,G02,train,step7_pulso,6,6,48,3.2
3982,HandWash_010_A_12_G_02,10,G02,train,step7_pulso,6,7,56,3.7333
3983,HandWash_010_A_12_G_02,10,G02,train,step7_pulso,6,8,64,4.2667
3984,HandWash_010_A_12_G_02,10,G02,train,step7_pulso,6,9,72,4.8
3985,HandWash_010_A_12_G_02,10,G02,train,step7_pulso,6,10,80,5.3333
3986,HandWash_010_A_12_G_02,10,G02,train,step7_pulso,6,11,88,5.8667
3987,HandWash_010_A_12_G_02,10,G02,train,step7_pulso,6,12,96,6.4
3988,HandWash_010_A_12_G_02,10,G02,train,step7_pulso,6,13,104,6.9333
3989,HandWash_011_A_12_G_02,11,G02,train,step7_pulso,6,0,0,0.0
3990,HandWash_011_A_12_G_02,11,G02,train,step7_pulso,6,1,8,0.5333
3991,HandWash_011_A_12_G_02,11,G02,train,step7_pulso,6,2,16,1.0667
3992,HandWash_011_A_12_G_02,11,G02,train,step7_pulso,6,3,24,1.6
3993,HandWash_011_A_12_G_02,11,G02,train,step7_pulso,6,4,32,2.1333
3994,HandWash_011_A_12_G_02,11,G02,train,step7_pulso,6,5,40,2.6667
3995,HandWash_011_A_12_G_02,11,G02,train,step7_pulso,6,6,48,3.2
3996,HandWash_011_A_12_G_02,11,G02,train,step7_pulso,6,7,56,3.7333
3997,HandWash_011_A_12_G_02,11,G02,train,step7_pulso,6,8,64,4.2667
3998,HandWash_012_A_12_G_03,12,G03,train,step7_pulso,6,0,0,0.0
3999,HandWash_012_A_12_G_03,12,G03,train,step7_pulso,6,1,8,0.5333
4000,HandWash_012_A_12_G_03,12,G03,train,step7_pulso,6,2,16,1.0667
4001,HandWash_012_A_12_G_03,12,G03,train,step7_pulso,6,3,24,1.6
4002,HandWash_012_A_12_G_03,12,G03,train,step7_pulso,6,4,32,2.1333
4003,HandWash_012_A_12_G_03,12,G03,train,step7_pulso,6,5,40,2.6667
4004,HandWash_012_A_12_G_03,12,G03,train,step7_pulso,6,6,48,3.2
4005,HandWash_012_A_12_G_03,12,G03,train,step7_pulso,6,7,56,3.7333
4006,HandWash_012_A_12_G_03,12,G03,train,step7_pulso,6,8,64,4.2667
4007,HandWash_012_A_12_G_03,12,G03,train,step7_pulso,6,9,72,4.8
4008,HandWash_012_A_12_G_03,12,G03,train,step7_pulso,6,10,80,5.3333
4009,HandWash_012_A_12_G_03,12,G03,train,step7_pulso,6,11,88,5.8667
4010,HandWash_012_A_12_G_03,12,G03,train,step7_pulso,6,12,96,6.4
4011,HandWash_012_A_12_G_03,12,G03,train,step7_pulso,6,13,104,6.9333
613,HandWash_013_A_12_G_03,13,G03,test,step7_pulso,6,0,0,0.0
614,HandWash_013_A_12_G_03,13,G03,test,step7_pulso,6,1,15,1.0
615,HandWash_013_A_12_G_03,13,G03,test,step7_pulso,6,2,30,2.0
616,HandWash_013_A_12_G_03,13,G03,test,step7_pulso,6,3,45,3.0
617,HandWash_013_A_12_G_03,13,G03,test,step7_pulso,6,4,60,4.0
618,HandWash_013_A_12_G_03,13,G03,test,step7_pulso,6,5,75,5.0
619,HandWash_013_A_12_G_03,13,G03,test,step7_pulso,6,6,90,6.0
620,HandWash_013_A_12_G_03,13,G03,test,step7_pulso,6,7,105,7.0
621,HandWash_013_A_12_G_03,13,G03,test,step7_pulso,6,8,120,8.0
622,HandWash_013_A_12_G_03,13,G03,test,step7_pulso,6,9,135,9.0
623,HandWash_013_A_12_G_03,13,G03,test,step7_pulso,6,10,150,10.0
624,HandWash_013_A_12_G_03,13,G03,test,step7_pulso,6,11,165,11.0
625,HandWash_013_A_12_G_03,13,G03,test,step7_pulso,6,12,180,12.0
626,HandWash_013_A_12_G_03,13,G03,test,step7_pulso,6,13,195,13.0
4012,HandWash_014_A_12_G_03,14,G03,train,step7_pulso,6,0,0,0.0
4013,HandWash_014_A_12_G_03,14,G03,train,step7_pulso,6,1,8,0.5333
4014,HandWash_014_A_12_G_03,14,G03,train,step7_pulso,6,2,16,1.0667
4015,HandWash_014_A_12_G_03,14,G03,train,step7_pulso,6,3,24,1.6
4016,HandWash_014_A_12_G_03,14,G03,train,step7_pulso,6,4,32,2.1333
4017,HandWash_014_A_12_G_03,14,G03,train,step7_pulso,6,5,40,2.6667
4018,HandWash_014_A_12_G_03,14,G03,train,step7_pulso,6,6,48,3.2
4019,HandWash_014_A_12_G_03,14,G03,train,step7_pulso,6,7,56,3.7333
4020,HandWash_014_A_12_G_03,14,G03,train,step7_pulso,6,8,64,4.2667
4021,HandWash_014_A_12_G_03,14,G03,train,step7_pulso,6,9,72,4.8
4022,HandWash_014_A_12_G_03,14,G03,train,step7_pulso,6,10,80,5.3333
4023,HandWash_014_A_12_G_03,14,G03,train,step7_pulso,6,11,88,5.8667
4024,HandWash_014_A_12_G_03,14,G03,train,step7_pulso,6,12,96,6.4
4025,HandWash_014_A_12_G_03,14,G03,train,step7_pulso,6,13,104,6.9333
4026,HandWash_015_A_12_G_04,15,G04,train,step7_pulso,6,0,0,0.0
4027,HandWash_015_A_12_G_04,15,G04,train,step7_pulso,6,1,8,0.5333
4028,HandWash_015_A_12_G_04,15,G04,train,step7_pulso,6,2,16,1.0667
4029,HandWash_015_A_12_G_04,15,G04,train,step7_pulso,6,3,24,1.6
4030,HandWash_015_A_12_G_04,15,G04,train,step7_pulso,6,4,32,2.1333
4031,HandWash_015_A_12_G_04,15,G04,train,step7_pulso,6,5,40,2.6667
4032,HandWash_015_A_12_G_04,15,G04,train,step7_pulso,6,6,48,3.2
4033,HandWash_015_A_12_G_04,15,G04,train,step7_pulso,6,7,56,3.7333
4034,HandWash_015_A_12_G_04,15,G04,train,step7_pulso,6,8,64,4.2667
4035,HandWash_015_A_12_G_04,15,G04,train,step7_pulso,6,9,72,4.8
4036,HandWash_015_A_12_G_04,15,G04,train,step7_pulso,6,10,80,5.3333
4037,HandWash_015_A_12_G_04,15,G04,train,step7_pulso,6,11,88,5.8667
4038,HandWash_015_A_12_G_04,15,G04,train,step7_pulso,6,12,96,6.4
4039,HandWash_015_A_12_G_04,15,G04,train,step7_pulso,6,13,104,6.9333
515,HandWash_016_A_12_G_04,16,G04,val,step7_pulso,6,0,0,0.0
516,HandWash_016_A_12_G_04,16,G04,val,step7_pulso,6,1,15,1.0
517,HandWash_016_A_12_G_04,16,G04,val,step7_pulso,6,2,30,2.0
518,HandWash_016_A_12_G_04,16,G04,val,step7_pulso,6,3,45,3.0
519,HandWash_016_A_12_G_04,16,G04,val,step7_pulso,6,4,60,4.0
520,HandWash_016_A_12_G_04,16,G04,val,step7_pulso,6,5,75,5.0
521,HandWash_016_A_12_G_04,16,G04,val,step7_pulso,6,6,90,6.0
522,HandWash_016_A_12_G_04,16,G04,val,step7_pulso,6,7,105,7.0
523,HandWash_016_A_12_G_04,16,G04,val,step7_pulso,6,8,120,8.0
524,HandWash_016_A_12_G_04,16,G04,val,step7_pulso,6,9,135,9.0
525,HandWash_016_A_12_G_04,16,G04,val,step7_pulso,6,10,150,10.0
526,HandWash_016_A_12_G_04,16,G04,val,step7_pulso,6,11,165,11.0
527,HandWash_016_A_12_G_04,16,G04,val,step7_pulso,6,12,180,12.0
528,HandWash_016_A_12_G_04,16,G04,val,step7_pulso,6,13,195,13.0
529,HandWash_016_A_12_G_04,16,G04,val,step7_pulso,6,14,210,14.0
530,HandWash_016_A_12_G_04,16,G04,val,step7_pulso,6,15,225,15.0
531,HandWash_016_A_12_G_04,16,G04,val,step7_pulso,6,16,240,16.0
532,HandWash_016_A_12_G_04,16,G04,val,step7_pulso,6,17,255,17.0
533,HandWash_016_A_12_G_04,16,G04,val,step7_pulso,6,18,270,18.0
4040,HandWash_017_A_12_G_04,17,G04,train,step7_pulso,6,0,0,0.0
4041,HandWash_017_A_12_G_04,17,G04,train,step7_pulso,6,1,8,0.5333
4042,HandWash_017_A_12_G_04,17,G04,train,step7_pulso,6,2,16,1.0667
4043,HandWash_017_A_12_G_04,17,G04,train,step7_pulso,6,3,24,1.6
4044,HandWash_017_A_12_G_04,17,G04,train,step7_pulso,6,4,32,2.1333
4045,HandWash_017_A_12_G_04,17,G04,train,step7_pulso,6,5,40,2.6667
4046,HandWash_017_A_12_G_04,17,G04,train,step7_pulso,6,6,48,3.2
4047,HandWash_017_A_12_G_04,17,G04,train,step7_pulso,6,7,56,3.7333
4048,HandWash_017_A_12_G_04,17,G04,train,step7_pulso,6,8,64,4.2667
4049,HandWash_017_A_12_G_04,17,G04,train,step7_pulso,6,9,72,4.8
4050,HandWash_017_A_12_G_04,17,G04,train,step7_pulso,6,10,80,5.3333
4051,HandWash_017_A_12_G_04,17,G04,train,step7_pulso,6,11,88,5.8667
4052,HandWash_017_A_12_G_04,17,G04,train,step7_pulso,6,12,96,6.4
4053,HandWash_017_A_12_G_04,17,G04,train,step7_pulso,6,13,104,6.9333
4054,HandWash_017_A_12_G_04,17,G04,train,step7_pulso,6,14,112,7.4667
4055,HandWash_017_A_12_G_04,17,G04,train,step7_pulso,6,15,120,8.0
4056,HandWash_017_A_12_G_04,17,G04,train,step7_pulso,6,16,128,8.5333
4057,HandWash_017_A_12_G_04,17,G04,train,step7_pulso,6,17,136,9.0667
4058,HandWash_017_A_12_G_04,17,G04,train,step7_pulso,6,18,144,9.6
4059,HandWash_017_A_12_G_04,17,G04,train,step7_pulso,6,19,152,10.1333
4060,HandWash_017_A_12_G_04,17,G04,train,step7_pulso,6,20,160,10.6667
4061,HandWash_017_A_12_G_04,17,G04,train,step7_pulso,6,21,168,11.2
4062,HandWash_018_A_12_G_05,18,G05,train,step7_pulso,6,0,0,0.0
4063,HandWash_018_A_12_G_05,18,G05,train,step7_pulso,6,1,8,0.5333
4064,HandWash_018_A_12_G_05,18,G05,train,step7_pulso,6,2,16,1.0667
4065,HandWash_018_A_12_G_05,18,G05,train,step7_pulso,6,3,24,1.6
4066,HandWash_018_A_12_G_05,18,G05,train,step7_pulso,6,4,32,2.1333
4067,HandWash_018_A_12_G_05,18,G05,train,step7_pulso,6,5,40,2.6667
4068,HandWash_018_A_12_G_05,18,G05,train,step7_pulso,6,6,48,3.2
4069,HandWash_018_A_12_G_05,18,G05,train,step7_pulso,6,7,56,3.7333
4070,HandWash_018_A_12_G_05,18,G05,train,step7_pulso,6,8,64,4.2667
4071,HandWash_018_A_12_G_05,18,G05,train,step7_pulso,6,9,72,4.8
4072,HandWash_018_A_12_G_05,18,G05,train,step7_pulso,6,10,80,5.3333
4073,HandWash_018_A_12_G_05,18,G05,train,step7_pulso,6,11,88,5.8667
4074,HandWash_018_A_12_G_05,18,G05,train,step7_pulso,6,12,96,6.4
4075,HandWash_018_A_12_G_05,18,G05,train,step7_pulso,6,13,104,6.9333
4076,HandWash_018_A_12_G_05,18,G05,train,step7_pulso,6,14,112,7.4667
4077,HandWash_018_A_12_G_05,18,G05,train,step7_pulso,6,15,120,8.0
627,HandWash_019_A_12_G_05,19,G05,test,step7_pulso,6,0,0,0.0
628,HandWash_019_A_12_G_05,19,G05,test,step7_pulso,6,1,15,1.0
629,HandWash_019_A_12_G_05,19,G05,test,step7_pulso,6,2,30,2.0
630,HandWash_019_A_12_G_05,19,G05,test,step7_pulso,6,3,45,3.0
631,HandWash_019_A_12_G_05,19,G05,test,step7_pulso,6,4,60,4.0
632,HandWash_019_A_12_G_05,19,G05,test,step7_pulso,6,5,75,5.0
4078,HandWash_020_A_12_G_05,20,G05,train,step7_pulso,6,0,0,0.0
4079,HandWash_020_A_12_G_05,20,G05,train,step7_pulso,6,1,8,0.5333
4080,HandWash_020_A_12_G_05,20,G05,train,step7_pulso,6,2,16,1.0667
4081,HandWash_020_A_12_G_05,20,G05,train,step7_pulso,6,3,24,1.6
4082,HandWash_020_A_12_G_05,20,G05,train,step7_pulso,6,4,32,2.1333
4083,HandWash_020_A_12_G_05,20,G05,train,step7_pulso,6,5,40,2.6667
4084,HandWash_020_A_12_G_05,20,G05,train,step7_pulso,6,6,48,3.2
4085,HandWash_020_A_12_G_05,20,G05,train,step7_pulso,6,7,56,3.7333
4086,HandWash_020_A_12_G_05,20,G05,train,step7_pulso,6,8,64,4.2667
4087,HandWash_020_A_12_G_05,20,G05,train,step7_pulso,6,9,72,4.8
4088,HandWash_020_A_12_G_05,20,G05,train,step7_pulso,6,10,80,5.3333
4089,HandWash_020_A_12_G_05,20,G05,train,step7_pulso,6,11,88,5.8667
4090,HandWash_020_A_12_G_05,20,G05,train,step7_pulso,6,12,96,6.4
4091,HandWash_020_A_12_G_05,20,G05,train,step7_pulso,6,13,104,6.9333
4092,HandWash_020_A_12_G_05,20,G05,train,step7_pulso,6,14,112,7.4667
4093,HandWash_020_A_12_G_05,20,G05,train,step7_pulso,6,15,120,8.0
4094,HandWash_020_A_12_G_05,20,G05,train,step7_pulso,6,16,128,8.5333
4095,HandWash_020_A_12_G_05,20,G05,train,step7_pulso,6,17,136,9.0667
534,HandWash_021_A_12_G_05,21,G05,val,step7_pulso,6,0,0,0.0
535,HandWash_021_A_12_G_05,21,G05,val,step7_pulso,6,1,15,1.0
536,HandWash_021_A_12_G_05,21,G05,val,step7_pulso,6,2,30,2.0
537,HandWash_021_A_12_G_05,21,G05,val,step7_pulso,6,3,45,3.0
538,HandWash_021_A_12_G_05,21,G05,val,step7_pulso,6,4,60,4.0
539,HandWash_021_A_12_G_05,21,G05,val,step7_pulso,6,5,75,5.0
540,HandWash_021_A_12_G_05,21,G05,val,step7_pulso,6,6,90,6.0
541,HandWash_022_A_12_G_05,22,G05,val,step7_pulso,6,0,0,0.0
542,HandWash_022_A_12_G_05,22,G05,val,step7_pulso,6,1,15,1.0
543,HandWash_022_A_12_G_05,22,G05,val,step7_pulso,6,2,30,2.0
544,HandWash_022_A_12_G_05,22,G05,val,step7_pulso,6,3,45,3.0
545,HandWash_022_A_12_G_05,22,G05,val,step7_pulso,6,4,60,4.0
546,HandWash_022_A_12_G_05,22,G05,val,step7_pulso,6,5,75,5.0
547,HandWash_022_A_12_G_05,22,G05,val,step7_pulso,6,6,90,6.0
548,HandWash_022_A_12_G_05,22,G05,val,step7_pulso,6,7,105,7.0
549,HandWash_022_A_12_G_05,22,G05,val,step7_pulso,6,8,120,8.0
550,HandWash_022_A_12_G_05,22,G05,val,step7_pulso,6,9,135,9.0
551,HandWash_022_A_12_G_05,22,G05,val,step7_pulso,6,10,150,10.0
4096,HandWash_023_A_12_G_05,23,G05,train,step7_pulso,6,0,0,0.0
4097,HandWash_023_A_12_G_05,23,G05,train,step7_pulso,6,1,8,0.5333
4098,HandWash_023_A_12_G_05,23,G05,train,step7_pulso,6,2,16,1.0667
4099,HandWash_023_A_12_G_05,23,G05,train,step7_pulso,6,3,24,1.6
4100,HandWash_023_A_12_G_05,23,G05,train,step7_pulso,6,4,32,2.1333
4101,HandWash_023_A_12_G_05,23,G05,train,step7_pulso,6,5,40,2.6667
4102,HandWash_023_A_12_G_05,23,G05,train,step7_pulso,6,6,48,3.2
4103,HandWash_023_A_12_G_05,23,G05,train,step7_pulso,6,7,56,3.7333
4104,HandWash_023_A_12_G_05,23,G05,train,step7_pulso,6,8,64,4.2667
4105,HandWash_023_A_12_G_05,23,G05,train,step7_pulso,6,9,72,4.8
4106,HandWash_023_A_12_G_05,23,G05,train,step7_pulso,6,10,80,5.3333
4107,HandWash_023_A_12_G_05,23,G05,train,step7_pulso,6,11,88,5.8667
4108,HandWash_023_A_12_G_05,23,G05,train,step7_pulso,6,12,96,6.4
4109,HandWash_023_A_12_G_05,23,G05,train,step7_pulso,6,13,104,6.9333
633,HandWash_024_A_12_G_05,24,G05,test,step7_pulso,6,0,0,0.0
634,HandWash_024_A_12_G_05,24,G05,test,step7_pulso,6,1,15,1.0
635,HandWash_024_A_12_G_05,24,G05,test,step7_pulso,6,2,30,2.0
636,HandWash_024_A_12_G_05,24,G05,test,step7_pulso,6,3,45,3.0
637,HandWash_024_A_12_G_05,24,G05,test,step7_pulso,6,4,60,4.0
638,HandWash_024_A_12_G_05,24,G05,test,step7_pulso,6,5,75,5.0
639,HandWash_024_A_12_G_05,24,G05,test,step7_pulso,6,6,90,6.0
640,HandWash_024_A_12_G_05,24,G05,test,step7_pulso,6,7,105,7.0
4110,HandWash_025_A_12_G_05,25,G05,train,step7_pulso,6,0,0,0.0
4111,HandWash_025_A_12_G_05,25,G05,train,step7_pulso,6,1,8,0.5333
4112,HandWash_025_A_12_G_05,25,G05,train,step7_pulso,6,2,16,1.0667
4113,HandWash_025_A_12_G_05,25,G05,train,step7_pulso,6,3,24,1.6
4114,HandWash_025_A_12_G_05,25,G05,train,step7_pulso,6,4,32,2.1333
4115,HandWash_025_A_12_G_05,25,G05,train,step7_pulso,6,5,40,2.6667
4116,HandWash_025_A_12_G_05,25,G05,train,step7_pulso,6,6,48,3.2
4117,HandWash_025_A_12_G_05,25,G05,train,step7_pulso,6,7,56,3.7333
4118,HandWash_025_A_12_G_05,25,G05,train,step7_pulso,6,8,64,4.2667
4119,HandWash_025_A_12_G_05,25,G05,train,step7_pulso,6,9,72,4.8
4120,HandWash_025_A_12_G_05,25,G05,train,step7_pulso,6,10,80,5.3333
4121,HandWash_025_A_12_G_05,25,G05,train,step7_pulso,6,11,88,5.8667
4122,HandWash_025_A_12_G_05,25,G05,train,step7_pulso,6,12,96,6.4
4123,HandWash_025_A_12_G_05,25,G05,train,step7_pulso,6,13,104,6.9333
4124,HandWash_025_A_12_G_05,25,G05,train,step7_pulso,6,14,112,7.4667
4125,HandWash_025_A_12_G_05,25,G05,train,step7_pulso,6,15,120,8.0
